ts,symbol,bid,ask,bid_size,ask_size
2024-01-01T00:00:00.000654,BTC,41996.6458,42002.0178,0.541,6.748
2024-01-01T00:00:00.250733,ETH,2299.0611,2299.562,8.289,0.033
2024-01-01T00:00:00.500159,BTC,41996.2968,42003.6882,2.223,2.108
2024-01-01T00:00:00.500159,ETH,2298.6654,2299.1066,0.667,12.774
2024-01-01T00:00:00.750196,ETH,2298.7529,2299.1106,5.049,2.269
2024-01-01T00:00:00.750196,SOL,101.0108,101.0263,13.796,5.221
2024-01-01T00:00:01.250224,SOL,100.9986,101.013,14.316,10.452
2024-01-01T00:00:01.500671,SOL,101.0224,101.0476,3.872,6.872
2024-01-01T00:00:01.750597,SOL,101.0423,101.0651,7.853,2.742
2024-01-01T00:00:02.000541,BTC,41997.9309,42006.7785,14.274,5.702
2024-01-01T00:00:02.000541,SOL,101.0431,101.0678,6.359,17.858
2024-01-01T00:00:02.250519,ETH,2298.7321,2299.2558,4.695,0.829
2024-01-01T00:00:02.750246,ETH,2298.3572,2298.9368,7.259,0.687
2024-01-01T00:00:03.250408,SOL,101.0495,101.0641,2.063,4.437
2024-01-01T00:00:03.500225,BTC,41998.4393,42003.2055,0.16,2.006
2024-01-01T00:00:03.500225,ETH,2298.1114,2298.5644,3.874,6.425
2024-01-01T00:00:03.750484,ETH,2297.24,2297.6844,6.53,5.595
2024-01-01T00:00:03.750484,SOL,101.0655,101.0837,2.072,9.891
2024-01-01T00:00:04.000194,ETH,2295.5099,2295.7741,8.252,9.689
2024-01-01T00:00:04.000194,SOL,101.0878,101.0998,7.003,1.348
2024-01-01T00:00:04.250492,BTC,41992.384,41999.7667,21.103,1.541
2024-01-01T00:00:04.500569,ETH,2295.6632,2295.9928,0.301,6.654
2024-01-01T00:00:04.750543,BTC,41999.8527,42005.614,4.52,5.623
2024-01-01T00:00:04.750543,ETH,2295.4173,2296.0556,1.413,4.513
2024-01-01T00:00:05.000535,BTC,41997.6234,42004.4627,1.544,0.701
2024-01-01T00:00:05.250102,BTC,42023.0038,42028.998,1.541,13.535
2024-01-01T00:00:05.250102,SOL,101.1142,101.1367,21.804,5.306
2024-01-01T00:00:05.500679,BTC,41997.5505,42009.1277,1.536,11.023
2024-01-01T00:00:05.500679,ETH,2295.4178,2295.8047,5.816,9.584
2024-01-01T00:00:05.500679,SOL,101.1385,101.167,0.261,5.029
2024-01-01T00:00:05.750045,BTC,42003.3036,42009.705,6.759,4.011
2024-01-01T00:00:05.750045,ETH,2294.1837,2294.4477,10.732,11.713
2024-01-01T00:00:07.000227,BTC,42014.5427,42025.6405,10.252,1.261
2024-01-01T00:00:07.000227,SOL,101.1214,101.1472,2.163,3.561
2024-01-01T00:00:07.250863,ETH,2294.5458,2295.2171,1.543,0.574
2024-01-01T00:00:07.500620,ETH,2294.5602,2294.9898,3.669,8.213
2024-01-01T00:00:07.750201,ETH,2295.4372,2295.8046,1.85,2.625
2024-01-01T00:00:07.750201,SOL,101.0753,101.088,2.727,14.097
2024-01-01T00:00:08.000924,BTC,41998.9269,42010.1314,1.811,1.18
2024-01-01T00:00:08.250523,SOL,101.054,101.0746,5.011,2.041
2024-01-01T00:00:08.500769,BTC,41990.5263,41995.9632,0.237,20.656
2024-01-01T00:00:08.750735,ETH,2296.9018,2297.4329,0.028,6.951
2024-01-01T00:00:08.750735,SOL,101.0271,101.0566,3.649,0.258
2024-01-01T00:00:09.000868,BTC,41995.3198,42000.6396,3.124,3.787
2024-01-01T00:00:09.000868,ETH,2296.898,2297.5022,11.129,2.782
2024-01-01T00:00:09.250882,ETH,2295.9462,2296.4687,7.258,3.683
2024-01-01T00:00:09.250882,SOL,101.0634,101.079,1.926,3.884
2024-01-01T00:00:09.500236,ETH,2296.3499,2296.7701,2.009,3.136
2024-01-01T00:00:10.250497,BTC,41981.1365,41988.73,0.902,3.15
2024-01-01T00:00:10.250497,SOL,101.1119,101.135,0.729,3.097
2024-01-01T00:00:10.500334,BTC,41988.7056,42000.8942,2.737,9.006
2024-01-01T00:00:10.500334,SOL,101.0863,101.1158,0.205,0.158
2024-01-01T00:00:10.750859,BTC,41994.9114,42004.7348,4.15,1.229
2024-01-01T00:00:11.000117,ETH,2296.7024,2297.198,13.217,4.288
2024-01-01T00:00:11.250203,BTC,41988.6929,41993.7478,7.403,9.495
2024-01-01T00:00:11.250203,ETH,2295.4079,2296.0892,7.631,2.132
2024-01-01T00:00:11.500349,BTC,41970.2162,41978.0529,2.249,11.108
2024-01-01T00:00:11.500349,ETH,2296.1066,2296.4171,3.688,5.256
2024-01-01T00:00:11.750476,ETH,2297.1599,2297.4294,10.67,1.398
2024-01-01T00:00:12.000029,SOL,101.032,101.0478,4.534,10.606
2024-01-01T00:00:12.500811,BTC,41966.3255,41972.5647,5.453,2.302
2024-01-01T00:00:12.500811,ETH,2297.8505,2298.5384,3.997,2.168
2024-01-01T00:00:12.500811,SOL,101.0395,101.056,6.791,15.067
2024-01-01T00:00:12.750196,BTC,41991.9548,42000.2213,6.447,18.777
2024-01-01T00:00:12.750196,ETH,2298.5147,2298.8491,0.989,0.071
2024-01-01T00:00:12.750196,SOL,101.0485,101.0783,4.03,5.977
2024-01-01T00:00:13.250882,SOL,101.0166,101.0468,0.63,7.229
2024-01-01T00:00:13.500809,SOL,101.0075,101.0294,2.8,4.204
2024-01-01T00:00:13.750781,BTC,41999.3145,42004.8341,0.955,0.39
2024-01-01T00:00:13.750781,ETH,2299.8251,2300.1616,6.137,6.07
2024-01-01T00:00:14.000806,SOL,101.0143,101.0298,0.767,0.307
2024-01-01T00:00:14.250609,ETH,2300.3658,2300.6531,5.835,6.015
2024-01-01T00:00:14.500082,SOL,101.0163,101.0438,4.423,0.105
2024-01-01T00:00:14.750841,BTC,42024.756,42029.2969,7.058,3.179
2024-01-01T00:00:15.000503,SOL,101.0421,101.0622,5.432,2.558
2024-01-01T00:00:15.250037,ETH,2300.9741,2301.6508,2.589,3.614
2024-01-01T00:00:15.500423,BTC,41999.5268,42007.9148,2.917,0.265
2024-01-01T00:00:15.500423,ETH,2300.9826,2301.3452,10.637,3.315
2024-01-01T00:00:16.000279,SOL,101.0595,101.0847,0.734,0.362
2024-01-01T00:00:16.250874,SOL,101.115,101.1311,4.421,34.073
2024-01-01T00:00:16.500152,ETH,2300.9065,2301.566,10.186,19.758
2024-01-01T00:00:16.750420,BTC,41982.2002,41992.6526,6.108,8.341
2024-01-01T00:00:17.000037,BTC,41999.638,42004.6813,9.323,0.525
2024-01-01T00:00:17.000037,ETH,2300.9095,2301.2059,10.237,17.526
2024-01-01T00:00:17.250082,SOL,101.0958,101.1236,0.183,0.354
2024-01-01T00:00:17.500943,BTC,41971.3019,41977.4091,0.474,19.161
2024-01-01T00:00:17.500943,SOL,101.0948,101.1122,2.817,1.4
2024-01-01T00:00:17.750698,ETH,2301.0215,2301.6525,4.834,1.378
2024-01-01T00:00:17.750698,SOL,101.0659,101.0811,0.047,8.164
2024-01-01T00:00:18.000693,ETH,2301.1708,2301.8438,5.861,3.052
2024-01-01T00:00:18.250109,BTC,41948.3435,41960.8686,1.749,19.071
2024-01-01T00:00:18.250109,ETH,2300.7363,2301.2269,5.789,6.826
2024-01-01T00:00:18.500818,BTC,41955.4928,41961.2841,1.443,7.044
2024-01-01T00:00:18.500818,SOL,101.0352,101.058,0.201,7.77
2024-01-01T00:00:18.750931,BTC,41955.5709,41960.8758,3.876,17.787
2024-01-01T00:00:18.750931,SOL,101.0081,101.0348,3.287,8.212
2024-01-01T00:00:19.000346,ETH,2300.7281,2301.2695,5.611,2.533
2024-01-01T00:00:19.500110,SOL,100.9814,101.0038,5.216,5.045
2024-01-01T00:00:19.750717,BTC,41944.4341,41956.5684,1.815,3.393
2024-01-01T00:00:20.250961,SOL,100.9927,101.0166,3.931,19.048
2024-01-01T00:00:20.500407,BTC,41985.0851,41996.2058,0.481,1.192
2024-01-01T00:00:20.750849,ETH,2300.2381,2300.8683,1.992,0.798
2024-01-01T00:00:20.750849,SOL,101.0125,101.0252,1.443,0.959
2024-01-01T00:00:21.000026,BTC,41979.7478,41986.9541,7.766,4.444
2024-01-01T00:00:21.250462,ETH,2300.7013,2301.1714,3.063,16.625
2024-01-01T00:00:21.500931,ETH,2298.9795,2299.2776,0.674,4.895
2024-01-01T00:00:22.250747,BTC,41957.432,41964.7694,0.828,12.819
2024-01-01T00:00:22.250747,ETH,2299.4478,2300.0176,8.35,4.064
2024-01-01T00:00:22.750106,SOL,101.0279,101.0534,4.268,8.231
2024-01-01T00:00:23.250710,BTC,41944.9811,41950.6895,6.065,1.848
2024-01-01T00:00:23.250710,ETH,2300.3389,2300.7533,0.765,5.014
2024-01-01T00:00:23.500378,BTC,41928.5579,41935.4715,14.186,4.534
2024-01-01T00:00:23.500378,ETH,2300.4205,2300.6881,2.927,2.758
2024-01-01T00:00:23.750524,BTC,41922.7592,41930.5568,1.665,5.674
2024-01-01T00:00:23.750524,SOL,101.0254,101.0383,1.475,1.988
2024-01-01T00:00:24.250759,BTC,41935.4394,41939.7904,12.702,9.906
2024-01-01T00:00:24.750080,ETH,2300.0435,2300.5084,0.605,3.566
2024-01-01T00:00:24.750080,SOL,101.0407,101.0655,8.545,8.438
2024-01-01T00:00:25.000149,BTC,41936.8018,41947.3641,0.392,15.11
2024-01-01T00:00:26.000810,ETH,2300.4917,2301.0001,3.479,15.817
2024-01-01T00:00:26.250731,BTC,41934.1392,41944.2685,23.545,3.712
2024-01-01T00:00:26.500695,SOL,101.0317,101.0564,5.344,11.841
2024-01-01T00:00:26.750341,BTC,41916.4909,41923.2839,5.336,5.426
2024-01-01T00:00:26.750341,SOL,100.9606,100.9732,6.067,14.698
2024-01-01T00:00:27.250219,BTC,41914.7089,41927.285,0.842,1.753
2024-01-01T00:00:27.500677,BTC,41904.798,41915.4122,0.702,2.364
2024-01-01T00:00:27.750448,BTC,41886.3619,41898.6748,4.716,6.98
2024-01-01T00:00:27.750448,ETH,2301.6811,2302.0214,16.848,7.671
2024-01-01T00:00:27.750448,SOL,100.9345,100.9535,7.336,7.528
2024-01-01T00:00:28.000428,SOL,100.8853,100.9083,10.362,4.043
2024-01-01T00:00:28.250291,BTC,41898.0509,41906.5432,8.891,0.481
2024-01-01T00:00:28.500405,SOL,100.9196,100.9485,9.137,5.249
2024-01-01T00:00:28.750140,BTC,41913.1798,41924.3395,7.111,3.166
2024-01-01T00:00:29.000433,BTC,41906.0517,41912.6574,1.792,0.245
2024-01-01T00:00:29.000433,SOL,100.9739,100.9843,3.622,1.385
2024-01-01T00:00:29.250439,BTC,41893.1017,41900.2477,4.228,1.037
2024-01-01T00:00:29.750259,ETH,2301.7874,2302.0653,4.36,7.067
2024-01-01T00:00:30.000658,BTC,41915.801,41926.5256,3.124,5.944
2024-01-01T00:00:30.000658,SOL,100.9996,101.0105,13.543,3.622
2024-01-01T00:00:30.750946,ETH,2301.8805,2302.3061,2.816,26.591
2024-01-01T00:00:30.750946,SOL,101.0258,101.0419,2.952,6.323
2024-01-01T00:00:31.250076,SOL,101.0501,101.0609,9.441,5.667
2024-01-01T00:00:31.500129,BTC,41920.3166,41927.7192,4.188,4.646
2024-01-01T00:00:31.750542,ETH,2300.8918,2301.564,0.131,1.029
2024-01-01T00:00:32.000219,SOL,101.0681,101.0963,2.945,0.459
2024-01-01T00:00:32.250865,SOL,101.0387,101.0549,0.857,6.182
2024-01-01T00:00:32.500178,ETH,2301.0836,2301.6775,0.133,4.037
2024-01-01T00:00:33.000128,SOL,101.0539,101.0818,7.577,5.105
2024-01-01T00:00:33.250989,BTC,41884.6986,41895.853,3.65,1.813
2024-01-01T00:00:33.500290,SOL,101.0583,101.0745,3.812,3.492
2024-01-01T00:00:33.750964,SOL,101.063,101.0906,0.424,14.835
2024-01-01T00:00:34.250296,ETH,2300.9569,2301.5586,2.605,3.022
2024-01-01T00:00:34.250296,SOL,101.0293,101.0463,0.775,9.884
2024-01-01T00:00:34.500881,BTC,41895.9804,41903.5116,7.149,3.618
2024-01-01T00:00:34.500881,SOL,101.1046,101.1232,16.442,11.63
2024-01-01T00:00:35.000315,ETH,2300.3897,2300.8882,0.249,1.652
2024-01-01T00:00:35.500374,BTC,41916.5625,41923.794,1.703,2.442
2024-01-01T00:00:36.000203,ETH,2300.8885,2301.1365,6.252,8.147
2024-01-01T00:00:36.000203,SOL,101.1168,101.1458,1.918,2.496
2024-01-01T00:00:36.250862,BTC,41910.9483,41917.9596,8.81,3.8
2024-01-01T00:00:36.250862,ETH,2301.0965,2301.6368,19.535,4.382
2024-01-01T00:00:37.000697,BTC,41895.2432,41904.2313,6.029,1.058
2024-01-01T00:00:37.000697,SOL,101.0659,101.0855,9.432,6.499
2024-01-01T00:00:37.250531,BTC,41896.0169,41902.9307,5.427,3.727
2024-01-01T00:00:37.250531,ETH,2301.8876,2302.281,7.392,6.381
2024-01-01T00:00:37.500196,ETH,2301.3104,2301.974,20.16,7.374
2024-01-01T00:00:37.750491,BTC,41923.5428,41930.0285,0.65,5.645
2024-01-01T00:00:38.000297,BTC,41908.5989,41920.7987,0.412,12.886
2024-01-01T00:00:38.250575,SOL,101.0402,101.0632,0.27,2.666
2024-01-01T00:00:38.500102,SOL,100.9965,101.0198,10.628,3.228
2024-01-01T00:00:38.750774,SOL,100.9511,100.9758,13.797,12.222
2024-01-01T00:00:39.000903,ETH,2300.8229,2301.4379,7.755,1.031
2024-01-01T00:00:39.250038,BTC,41901.2137,41913.6434,1.674,22.595
2024-01-01T00:00:40.000088,SOL,100.9471,100.9638,4.367,4.253
2024-01-01T00:00:40.500318,SOL,100.9902,101.0095,22.476,2.339
2024-01-01T00:00:40.750934,SOL,100.975,101.0004,10.323,0.427
2024-01-01T00:00:41.000720,ETH,2301.9132,2302.2364,3.846,0.899
2024-01-01T00:00:41.500740,BTC,41872.4248,41878.7434,0.015,1.229
2024-01-01T00:00:42.000391,SOL,100.9856,101.0157,2.497,0.681
2024-01-01T00:00:42.250854,BTC,41866.9195,41871.2968,1.772,5.597
2024-01-01T00:00:42.250854,SOL,100.9677,100.9967,6.455,0.599
2024-01-01T00:00:42.500429,SOL,100.9979,101.02,2.957,5.574
2024-01-01T00:00:42.750250,ETH,2302.3221,2302.5784,3.505,1.707
2024-01-01T00:00:43.000612,ETH,2303.9339,2304.5681,21.236,3.683
2024-01-01T00:00:43.000612,SOL,100.9458,100.9707,0.963,5.678
2024-01-01T00:00:43.250048,SOL,100.9302,100.9487,0.808,2.362
2024-01-01T00:00:43.500484,BTC,41871.5118,41876.9081,3.109,0.297
2024-01-01T00:00:43.750338,SOL,101.0063,101.0301,4.618,10.342
2024-01-01T00:00:44.000779,ETH,2304.5791,2304.9494,11.984,1.19
2024-01-01T00:00:44.500794,BTC,41905.4731,41913.5721,5.231,1.844
2024-01-01T00:00:45.000149,BTC,41883.4478,41893.6687,1.749,1.092
2024-01-01T00:00:45.250345,BTC,41875.7284,41886.7984,16.982,5.132
2024-01-01T00:00:45.250345,ETH,2304.6395,2305.2021,3.35,12.439
2024-01-01T00:00:45.750934,ETH,2304.1393,2304.624,0.06,3.769
2024-01-01T00:00:46.000825,SOL,100.9871,101.0043,7.922,0.412
2024-01-01T00:00:46.250470,ETH,2303.6283,2304.1739,9.415,5.303
2024-01-01T00:00:46.500057,ETH,2304.4573,2304.8405,18.933,18.218
2024-01-01T00:00:47.000033,BTC,41855.7047,41867.0108,0.079,1.161
2024-01-01T00:00:47.250577,BTC,41863.943,41875.6374,2.015,7.045
2024-01-01T00:00:47.500054,BTC,41852.3966,41858.5254,0.395,4.646
2024-01-01T00:00:47.500054,SOL,100.9391,100.9583,1.295,4.026
2024-01-01T00:00:47.750190,ETH,2303.1877,2303.703,7.999,6.243
2024-01-01T00:00:48.250105,BTC,41846.3702,41855.5611,1.961,2.433
2024-01-01T00:00:48.500173,ETH,2303.5918,2303.9459,0.789,0.915
2024-01-01T00:00:48.500173,SOL,100.9419,100.9711,6.381,3.424
2024-01-01T00:00:48.750468,BTC,41832.088,41838.8207,14.862,2.019
2024-01-01T00:00:48.750468,SOL,100.9736,101.0034,0.732,1.933
2024-01-01T00:00:49.500558,BTC,41799.7783,41810.3769,0.136,6.495
2024-01-01T00:00:49.500558,ETH,2304.1509,2304.4132,9.412,7.925
2024-01-01T00:00:49.500558,SOL,100.9076,100.9238,1.456,0.837
2024-01-01T00:00:49.750386,BTC,41820.3838,41827.9189,3.532,12.653
2024-01-01T00:00:50.000549,ETH,2304.0481,2304.393,5.464,0.91
2024-01-01T00:00:50.250662,SOL,100.9028,100.9233,4.344,4.281
2024-01-01T00:00:50.750302,ETH,2304.989,2305.6532,0.764,1.869
2024-01-01T00:00:50.750302,SOL,100.8579,100.8769,5.966,1.92
2024-01-01T00:00:51.250565,BTC,41821.7555,41830.6214,15.906,1.319
2024-01-01T00:00:51.250565,ETH,2304.5762,2304.8201,4.761,1.099
2024-01-01T00:00:51.500210,BTC,41807.4095,41817.4759,7.948,4.306
2024-01-01T00:00:51.500210,SOL,100.9028,100.9228,16.895,1.88
2024-01-01T00:00:52.000304,SOL,100.9461,100.9585,2.336,0.762
2024-01-01T00:00:52.250610,BTC,41799.7115,41809.2053,5.912,5.182
2024-01-01T00:00:52.250610,SOL,100.9613,100.9778,2.998,0.276
2024-01-01T00:00:52.750503,SOL,100.955,100.9685,3.056,6.784
2024-01-01T00:00:53.000562,ETH,2305.589,2306.0701,23.494,3.905
2024-01-01T00:00:53.250223,ETH,2306.6421,2307.0336,8.484,2.891
2024-01-01T00:00:53.750803,BTC,41801.4242,41807.3348,0.306,2.16
2024-01-01T00:00:54.000273,SOL,100.9561,100.9674,1.624,5.334
2024-01-01T00:00:54.250135,BTC,41782.0993,41792.2235,8.815,7.166
2024-01-01T00:00:54.250135,SOL,100.9123,100.9352,10.607,0.489
2024-01-01T00:00:55.000439,ETH,2307.1765,2307.5381,3.963,0.7
2024-01-01T00:00:55.250780,BTC,41806.872,41814.8962,0.663,9.747
2024-01-01T00:00:55.250780,ETH,2307.9671,2308.6402,1.13,5.833
2024-01-01T00:00:55.500955,SOL,100.8654,100.8907,2.804,0.478
2024-01-01T00:00:55.750607,BTC,41786.8561,41796.7188,0.047,5.947
2024-01-01T00:00:55.750607,SOL,100.9014,100.9263,0.54,1.88
2024-01-01T00:00:56.500880,BTC,41793.0233,41804.6985,0.754,0.657
2024-01-01T00:00:56.750660,BTC,41772.8671,41782.1216,7.547,5.864
2024-01-01T00:00:57.000765,SOL,100.8869,100.9048,1.379,5.082
2024-01-01T00:00:57.500781,ETH,2308.0071,2308.3376,12.793,14.848
2024-01-01T00:00:57.500781,SOL,100.8801,100.9046,7.286,2.755
2024-01-01T00:00:57.750655,ETH,2307.604,2307.9285,8.253,3.844
2024-01-01T00:00:58.000697,SOL,100.9297,100.9448,12.927,0.616
2024-01-01T00:00:58.250056,BTC,41773.4743,41778.6499,6.153,6.045
2024-01-01T00:00:58.500170,SOL,100.8569,100.8852,2.04,2.805
2024-01-01T00:00:58.750269,ETH,2306.6978,2307.159,4.184,2.292
2024-01-01T00:00:58.750269,SOL,100.8708,100.8925,6.415,1.296
2024-01-01T00:00:59.250671,SOL,100.9059,100.9262,11.611,0.988
2024-01-01T00:01:00.000750,ETH,2307.2306,2307.4643,2.638,1.326
2024-01-01T00:01:00.250973,BTC,41771.8002,41782.1449,1.837,1.148
2024-01-01T00:01:00.500286,BTC,41754.829,41766.6997,11.379,3.667
2024-01-01T00:01:00.500286,SOL,100.9205,100.9472,0.389,4.195
2024-01-01T00:01:00.750987,BTC,41762.5116,41769.1246,9.516,13.021
2024-01-01T00:01:01.000966,BTC,41767.2221,41772.6974,0.898,3.137
2024-01-01T00:01:01.000966,SOL,100.8732,100.8895,1.539,0.639
2024-01-01T00:01:01.250702,BTC,41760.5949,41766.5673,9.71,0.803
2024-01-01T00:01:01.250702,SOL,100.8206,100.8367,8.576,0.955
2024-01-01T00:01:01.500875,ETH,2305.5817,2305.8768,0.06,8.871
2024-01-01T00:01:01.500875,SOL,100.8325,100.8592,2.328,4.975
2024-01-01T00:01:01.750596,ETH,2306.0772,2306.6058,8.285,0.482
2024-01-01T00:01:02.500662,BTC,41759.5745,41767.1921,4.0,0.315
2024-01-01T00:01:02.500662,ETH,2306.7036,2307.1769,4.981,8.102
2024-01-01T00:01:02.750367,ETH,2308.5169,2309.009,1.94,1.577
2024-01-01T00:01:04.000971,BTC,41793.6633,41801.9579,1.848,3.371
2024-01-01T00:01:04.000971,SOL,100.8273,100.8519,12.553,9.299
2024-01-01T00:01:04.250022,BTC,41792.6623,41797.769,3.736,2.27
2024-01-01T00:01:04.250022,SOL,100.8033,100.8331,6.59,2.871
2024-01-01T00:01:04.750228,SOL,100.8071,100.8314,4.253,9.511
2024-01-01T00:01:05.000581,BTC,41791.5094,41800.7245,12.694,17.137
2024-01-01T00:01:05.000581,SOL,100.8034,100.8333,0.919,10.828
2024-01-01T00:01:05.250907,BTC,41781.6608,41785.9344,1.177,5.907
2024-01-01T00:01:05.250907,SOL,100.7727,100.7862,2.672,10.676
2024-01-01T00:01:05.500384,BTC,41786.3041,41794.4907,9.977,5.263
2024-01-01T00:01:05.500384,ETH,2310.1774,2310.5447,1.919,15.148
2024-01-01T00:01:06.000669,BTC,41799.0295,41810.6492,0.855,0.534
2024-01-01T00:01:06.000669,ETH,2309.5953,2310.1635,1.541,1.653
2024-01-01T00:01:06.000669,SOL,100.7077,100.7293,9.158,0.834
2024-01-01T00:01:06.250437,BTC,41811.2306,41819.4292,0.51,1.159
2024-01-01T00:01:06.250437,SOL,100.6551,100.681,3.183,11.263
2024-01-01T00:01:06.750476,BTC,41823.8237,41829.2707,5.961,0.509
2024-01-01T00:01:07.250902,BTC,41804.7947,41811.4744,2.511,9.619
2024-01-01T00:01:07.250902,SOL,100.6952,100.7244,0.915,1.191
2024-01-01T00:01:07.750264,BTC,41797.2816,41807.5407,8.234,0.455
2024-01-01T00:01:08.250602,ETH,2310.8482,2311.4425,10.105,10.607
2024-01-01T00:01:08.250602,SOL,100.7413,100.7646,4.243,3.203
2024-01-01T00:01:08.500412,BTC,41780.2089,41784.7112,11.017,2.014
2024-01-01T00:01:08.750287,SOL,100.7058,100.7219,6.807,7.437
2024-01-01T00:01:09.000746,ETH,2311.2725,2311.8462,7.125,10.094
2024-01-01T00:01:09.500896,ETH,2313.0117,2313.4542,12.507,6.098
2024-01-01T00:01:09.750650,ETH,2311.8921,2312.5675,3.218,4.007
2024-01-01T00:01:10.250877,BTC,41780.7092,41786.7688,1.158,5.272
2024-01-01T00:01:10.500135,ETH,2312.0185,2312.391,17.06,5.146
2024-01-01T00:01:10.750258,BTC,41810.6175,41817.3256,3.676,4.886
2024-01-01T00:01:10.750258,ETH,2314.3062,2314.9263,4.121,4.504
2024-01-01T00:01:11.250305,BTC,41809.5616,41818.069,1.374,0.292
2024-01-01T00:01:11.250305,SOL,100.7096,100.7297,1.752,11.871
2024-01-01T00:01:11.500754,BTC,41811.6891,41821.7926,4.244,1.053
2024-01-01T00:01:11.500754,ETH,2312.7067,2313.3573,5.572,3.539
2024-01-01T00:01:11.750185,BTC,41806.3515,41814.4692,6.753,6.458
2024-01-01T00:01:12.000227,ETH,2313.0528,2313.4047,1.741,9.526
2024-01-01T00:01:12.250966,ETH,2312.2791,2312.5658,5.708,3.773
2024-01-01T00:01:12.500205,BTC,41839.4366,41851.8786,0.773,9.917
2024-01-01T00:01:12.500205,ETH,2312.0728,2312.4578,21.578,1.88
2024-01-01T00:01:12.750162,ETH,2311.0709,2311.4885,16.809,2.417
2024-01-01T00:01:12.750162,SOL,100.6738,100.6904,8.956,1.057
2024-01-01T00:01:13.000641,SOL,100.642,100.6534,0.234,14.827
2024-01-01T00:01:13.250532,SOL,100.6328,100.6611,2.226,1.044
2024-01-01T00:01:13.500940,ETH,2312.2213,2312.5095,6.209,7.854
2024-01-01T00:01:13.750638,BTC,41842.1257,41854.6357,5.423,5.3
2024-01-01T00:01:14.250920,BTC,41844.1776,41849.3165,0.562,1.107
2024-01-01T00:01:14.250920,ETH,2311.6748,2312.1479,1.126,6.077
2024-01-01T00:01:14.250920,SOL,100.6051,100.6339,2.007,0.014
2024-01-01T00:01:14.500928,BTC,41842.5136,41851.5036,3.407,14.924
2024-01-01T00:01:14.500928,ETH,2311.3154,2311.8445,3.051,18.925
2024-01-01T00:01:14.500928,SOL,100.5202,100.5466,10.363,9.561
2024-01-01T00:01:14.750693,BTC,41841.2054,41851.7357,0.235,9.553
2024-01-01T00:01:14.750693,ETH,2310.9697,2311.3661,2.879,4.862
2024-01-01T00:01:14.750693,SOL,100.5345,100.5526,16.392,1.586
2024-01-01T00:01:15.000871,SOL,100.5078,100.5325,19.969,9.301
2024-01-01T00:01:15.250582,SOL,100.4746,100.5042,0.7,12.654
2024-01-01T00:01:15.500267,SOL,100.4045,100.4337,10.323,3.66
2024-01-01T00:01:15.750633,BTC,41836.2671,41843.3443,5.64,2.43
2024-01-01T00:01:15.750633,SOL,100.3818,100.4047,0.854,9.447
2024-01-01T00:01:16.000890,BTC,41836.4615,41843.4144,1.63,3.536
2024-01-01T00:01:16.000890,SOL,100.3485,100.3674,4.255,0.461
2024-01-01T00:01:16.250323,BTC,41813.0661,41818.1061,2.658,4.072
2024-01-01T00:01:16.750785,SOL,100.3463,100.3716,1.254,2.088
2024-01-01T00:01:17.250419,BTC,41801.3382,41813.2969,2.495,3.054
2024-01-01T00:01:17.750443,SOL,100.3315,100.3532,6.556,0.687
2024-01-01T00:01:18.250254,BTC,41846.5862,41854.5617,0.716,2.661
2024-01-01T00:01:18.500728,ETH,2310.4476,2310.7755,6.266,5.802
2024-01-01T00:01:18.500728,SOL,100.3087,100.3223,3.91,5.065
2024-01-01T00:01:19.000861,SOL,100.2042,100.2154,1.553,7.698
2024-01-01T00:01:19.250699,BTC,41860.9026,41867.5602,7.004,0.164
2024-01-01T00:01:19.250699,ETH,2309.0977,2309.7295,6.726,10.007
2024-01-01T00:01:20.000721,SOL,100.1961,100.2152,20.508,0.387
2024-01-01T00:01:20.250752,SOL,100.1688,100.1906,1.472,2.007
2024-01-01T00:01:20.500158,BTC,41879.2426,41889.9119,4.909,9.262
2024-01-01T00:01:20.500158,SOL,100.1442,100.1684,3.726,15.731
2024-01-01T00:01:20.750805,SOL,100.1257,100.1508,3.78,28.466
2024-01-01T00:01:21.000664,BTC,41888.7068,41898.501,2.95,11.743
2024-01-01T00:01:21.250937,ETH,2307.604,2308.0722,3.554,3.335
2024-01-01T00:01:21.500084,SOL,100.1253,100.1366,5.548,7.427
2024-01-01T00:01:22.000836,ETH,2306.901,2307.172,0.279,7.905
2024-01-01T00:01:22.750088,BTC,41891.4391,41903.3941,2.402,8.633
2024-01-01T00:01:23.000649,BTC,41875.6134,41886.4607,6.534,2.335
2024-01-01T00:01:23.000649,SOL,100.0463,100.0564,4.54,3.852
2024-01-01T00:01:23.250312,BTC,41876.6057,41882.5672,11.803,9.534
2024-01-01T00:01:23.250312,ETH,2305.2968,2305.8118,1.457,0.609
2024-01-01T00:01:23.500562,ETH,2305.6541,2306.2193,3.339,2.009
2024-01-01T00:01:23.750325,SOL,100.0482,100.0695,8.243,15.929
2024-01-01T00:01:24.000320,BTC,41880.5577,41888.3995,9.166,0.721
2024-01-01T00:01:24.250564,BTC,41906.7395,41916.3419,0.428,1.647
2024-01-01T00:01:24.500744,BTC,41929.1252,41933.58,4.36,2.597
2024-01-01T00:01:25.250825,SOL,100.0537,100.0751,4.171,10.286
2024-01-01T00:01:25.500749,ETH,2305.4049,2305.8058,0.219,1.158
2024-01-01T00:01:25.750465,SOL,100.0531,100.0779,4.321,4.222
2024-01-01T00:01:26.250528,ETH,2305.9988,2306.2324,10.687,2.898
2024-01-01T00:01:26.500153,BTC,41893.9674,41901.1924,6.317,0.63
2024-01-01T00:01:26.750215,SOL,100.0374,100.0576,11.073,0.794
2024-01-01T00:01:27.000944,BTC,41886.5285,41898.7464,4.573,4.146
2024-01-01T00:01:27.000944,ETH,2306.6361,2307.3249,10.098,0.935
2024-01-01T00:01:28.000770,BTC,41897.9128,41906.1443,0.698,4.625
2024-01-01T00:01:28.500358,SOL,100.0705,100.0852,9.797,1.665
2024-01-01T00:01:28.750418,BTC,41914.1409,41918.3784,6.806,0.036
2024-01-01T00:01:28.750418,SOL,100.0855,100.0977,2.776,4.402
2024-01-01T00:01:29.000548,ETH,2305.8167,2306.3612,7.032,2.666
2024-01-01T00:01:29.500884,SOL,100.0922,100.109,3.999,5.971
2024-01-01T00:01:30.000090,BTC,41929.7777,41935.8309,0.417,0.192
2024-01-01T00:01:30.250611,BTC,41930.1734,41938.5131,0.054,9.505
2024-01-01T00:01:30.500715,BTC,41921.2389,41926.8524,0.184,1.367
2024-01-01T00:01:30.750530,BTC,41908.8415,41917.6399,6.476,4.095
2024-01-01T00:01:30.750530,ETH,2303.8049,2304.4112,1.283,16.492
2024-01-01T00:01:31.000572,BTC,41896.6284,41907.5476,15.699,10.442
2024-01-01T00:01:31.250788,BTC,41937.6517,41944.6949,7.472,5.722
2024-01-01T00:01:31.250788,SOL,100.0411,100.0555,6.04,8.051
2024-01-01T00:01:31.500361,ETH,2304.93,2305.4712,8.604,0.395
2024-01-01T00:01:31.750915,SOL,100.0385,100.0534,1.542,1.302
2024-01-01T00:01:32.000856,ETH,2304.2009,2304.8555,5.632,5.445
2024-01-01T00:01:32.250043,ETH,2305.8063,2306.3019,1.606,1.01
2024-01-01T00:01:32.750178,SOL,99.9849,100.0084,2.386,0.531
2024-01-01T00:01:33.000882,BTC,41925.3287,41933.4743,4.748,2.278
2024-01-01T00:01:33.000882,ETH,2305.5734,2306.1271,2.329,9.632
2024-01-01T00:01:33.000882,SOL,100.025,100.0395,0.526,1.573
2024-01-01T00:01:33.500914,SOL,100.0601,100.0813,4.195,2.541
2024-01-01T00:01:33.750061,BTC,41926.0375,41931.0379,6.824,1.504
2024-01-01T00:01:33.750061,SOL,100.1381,100.1564,2.162,5.691
2024-01-01T00:01:34.000590,ETH,2305.7432,2306.2843,3.342,6.669
2024-01-01T00:01:34.500414,ETH,2304.9831,2305.348,1.556,5.173
2024-01-01T00:01:35.000240,SOL,100.1785,100.189,2.529,7.241
2024-01-01T00:01:35.250670,ETH,2304.0776,2304.648,2.927,0.676
2024-01-01T00:01:35.250670,SOL,100.2063,100.2347,9.984,3.148
2024-01-01T00:01:35.500957,BTC,41928.0282,41935.9521,17.457,5.98
2024-01-01T00:01:35.750536,SOL,100.2405,100.2587,0.846,0.053
2024-01-01T00:01:36.250236,ETH,2304.4661,2305.1033,2.873,1.438
2024-01-01T00:01:36.500225,BTC,41915.7297,41926.3318,12.037,8.24
2024-01-01T00:01:36.500225,ETH,2304.8185,2305.3915,8.272,2.663
2024-01-01T00:01:36.500225,SOL,100.2243,100.2467,1.588,4.874
2024-01-01T00:01:36.750019,BTC,41938.0061,41950.3353,0.112,17.938
2024-01-01T00:01:36.750019,ETH,2304.8593,2305.1314,0.074,1.224
2024-01-01T00:01:37.000380,ETH,2304.7303,2305.3497,15.146,0.288
2024-01-01T00:01:37.000380,SOL,100.1964,100.2233,8.498,8.809
2024-01-01T00:01:37.750330,BTC,41941.0628,41951.3668,6.827,3.988
2024-01-01T00:01:38.000241,ETH,2304.6669,2305.2612,0.045,0.215
2024-01-01T00:01:38.250380,SOL,100.215,100.2445,7.126,0.31
2024-01-01T00:01:38.500157,ETH,2304.9503,2305.5444,7.067,8.187
2024-01-01T00:01:38.500157,SOL,100.3306,100.3545,2.217,0.724
2024-01-01T00:01:39.500634,ETH,2304.7631,2305.242,2.451,3.712
2024-01-01T00:01:39.750330,ETH,2303.4072,2303.9411,0.224,13.887
2024-01-01T00:01:39.750330,SOL,100.3577,100.3684,5.133,2.46
2024-01-01T00:01:40.000638,SOL,100.365,100.3937,1.171,3.381
2024-01-01T00:01:40.500813,ETH,2303.8296,2304.2,14.466,16.168
2024-01-01T00:01:40.500813,SOL,100.3729,100.3935,1.43,4.908
2024-01-01T00:01:41.000437,ETH,2303.1819,2303.4851,32.295,2.926
2024-01-01T00:01:41.000437,SOL,100.3894,100.4193,1.963,2.324
2024-01-01T00:01:41.250440,ETH,2302.235,2302.7186,6.824,2.232
2024-01-01T00:01:41.500016,ETH,2302.04,2302.4085,1.254,9.68
2024-01-01T00:01:41.500016,SOL,100.3417,100.3704,0.84,0.192
2024-01-01T00:01:41.750141,BTC,41933.311,41944.9669,1.437,1.48
2024-01-01T00:01:41.750141,SOL,100.3777,100.3974,3.35,11.464
2024-01-01T00:01:42.000839,ETH,2302.3214,2302.8882,4.293,0.409
2024-01-01T00:01:42.250888,BTC,41937.036,41948.3561,13.201,5.024
2024-01-01T00:01:42.250888,ETH,2300.8536,2301.325,1.923,4.161
2024-01-01T00:01:42.750296,ETH,2299.3439,2299.826,1.523,2.542
2024-01-01T00:01:43.250252,BTC,41943.6756,41950.104,2.811,5.772
2024-01-01T00:01:43.250252,ETH,2298.6754,2298.9929,2.112,5.327
2024-01-01T00:01:43.250252,SOL,100.3988,100.4158,8.618,8.118
2024-01-01T00:01:43.500451,BTC,41947.8759,41955.2075,7.089,9.579
2024-01-01T00:01:44.000561,ETH,2298.0004,2298.5514,0.093,4.373
2024-01-01T00:01:44.000561,SOL,100.4101,100.436,4.811,0.273
2024-01-01T00:01:44.250008,BTC,41958.7076,41968.4462,5.438,12.202
2024-01-01T00:01:44.250008,ETH,2297.5694,2297.9768,19.509,3.552
2024-01-01T00:01:44.750341,ETH,2299.3395,2299.8842,2.195,1.8
2024-01-01T00:01:45.000063,SOL,100.3859,100.399,11.374,5.349
2024-01-01T00:01:45.500619,BTC,41954.5983,41963.3445,1.158,0.746
2024-01-01T00:01:45.500619,SOL,100.3724,100.3852,27.229,18.602
2024-01-01T00:01:45.750955,ETH,2298.2984,2298.7732,6.355,1.018
2024-01-01T00:01:45.750955,SOL,100.3986,100.4282,16.246,1.807
2024-01-01T00:01:46.000841,ETH,2298.3901,2298.9782,0.565,1.021
2024-01-01T00:01:46.250580,ETH,2298.7591,2299.3476,0.72,9.359
2024-01-01T00:01:46.500396,ETH,2298.9921,2299.2368,7.231,0.076
2024-01-01T00:01:46.750207,SOL,100.3751,100.3933,0.214,6.646
2024-01-01T00:01:47.750792,SOL,100.382,100.4024,0.767,8.857
2024-01-01T00:01:48.250331,SOL,100.351,100.3749,11.885,7.96
2024-01-01T00:01:48.500126,BTC,41957.4867,41967.61,5.027,0.446
2024-01-01T00:01:49.000889,BTC,41959.8116,41966.5934,6.55,16.217
2024-01-01T00:01:49.000889,ETH,2298.4966,2299.1396,16.149,0.018
2024-01-01T00:01:49.000889,SOL,100.3027,100.3289,4.682,3.401
2024-01-01T00:01:49.250675,ETH,2298.5813,2299.0871,1.403,3.963
2024-01-01T00:01:49.500050,BTC,41975.1273,41980.5455,0.165,4.315
2024-01-01T00:01:49.500050,ETH,2298.9881,2299.2583,0.576,25.364
2024-01-01T00:01:49.500050,SOL,100.272,100.2935,4.13,16.95
2024-01-01T00:01:49.750368,SOL,100.2237,100.2364,5.931,1.604
2024-01-01T00:01:50.000537,BTC,41974.8183,41983.8134,19.4,3.764
2024-01-01T00:01:50.500647,SOL,100.2365,100.2504,0.629,3.126
2024-01-01T00:01:50.750755,SOL,100.1853,100.1955,1.123,1.654
2024-01-01T00:01:51.000315,BTC,41966.0458,41974.8595,7.284,0.604
2024-01-01T00:01:51.250198,BTC,41951.3482,41963.2319,7.979,5.187
2024-01-01T00:01:51.500802,ETH,2300.0582,2300.5279,4.161,5.669
2024-01-01T00:01:51.500802,SOL,100.1444,100.1728,7.943,0.343
2024-01-01T00:01:51.750860,BTC,41944.0245,41956.4722,4.924,9.239
2024-01-01T00:01:52.000722,ETH,2301.7036,2302.1049,8.844,1.802
2024-01-01T00:01:52.000722,SOL,100.1924,100.2099,0.191,1.129
2024-01-01T00:01:52.500146,SOL,100.134,100.1464,1.862,0.225
2024-01-01T00:01:52.750892,BTC,41967.9832,41976.0995,0.236,3.676
2024-01-01T00:01:52.750892,ETH,2300.8802,2301.5209,1.935,1.069
2024-01-01T00:01:52.750892,SOL,100.1145,100.1334,0.626,0.809
2024-01-01T00:01:53.000015,ETH,2299.9025,2300.2572,14.348,8.148
2024-01-01T00:01:53.000015,SOL,100.1025,100.1187,11.139,3.889
2024-01-01T00:01:53.250051,BTC,41985.8949,41991.5968,4.533,4.492
2024-01-01T00:01:53.250051,SOL,100.1114,100.1378,6.24,5.557
2024-01-01T00:01:53.500997,SOL,100.0906,100.116,3.18,14.73
2024-01-01T00:01:54.000903,BTC,42007.038,42015.3353,0.338,0.599
2024-01-01T00:01:54.000903,SOL,100.0517,100.0698,6.264,0.566
2024-01-01T00:01:54.750710,BTC,41997.2547,42007.0211,0.405,13.358
2024-01-01T00:01:55.750210,SOL,100.086,100.1157,2.11,0.468
2024-01-01T00:01:56.000130,ETH,2299.4935,2299.9811,19.244,0.581
2024-01-01T00:01:56.000130,SOL,100.041,100.0635,6.22,2.605
2024-01-01T00:01:56.250216,ETH,2300.045,2300.452,12.917,9.162
2024-01-01T00:01:56.500137,BTC,41990.7389,42002.3711,5.364,18.439
2024-01-01T00:01:56.500137,ETH,2299.5362,2300.1369,9.836,11.202
2024-01-01T00:01:56.750465,SOL,99.9971,100.0241,1.351,3.483
2024-01-01T00:01:58.000983,ETH,2298.8239,2299.3734,4.552,1.813
2024-01-01T00:01:58.000983,SOL,99.9637,99.9852,5.34,1.725
2024-01-01T00:01:58.250027,BTC,41978.0904,41982.9812,3.522,9.534
2024-01-01T00:01:58.250027,ETH,2298.6292,2298.8656,0.591,0.96
2024-01-01T00:01:58.250027,SOL,100.0425,100.0615,8.247,1.514
2024-01-01T00:01:58.500496,BTC,41970.0145,41982.4737,17.109,4.526
2024-01-01T00:01:58.750676,ETH,2298.4228,2298.9903,2.116,5.14
2024-01-01T00:01:58.750676,SOL,100.064,100.08,6.855,6.98
2024-01-01T00:01:59.000388,ETH,2299.2756,2299.7495,2.852,1.704
2024-01-01T00:01:59.500343,BTC,41975.8552,41984.958,3.091,5.624
2024-01-01T00:01:59.750184,BTC,41966.0613,41970.3469,0.043,0.352
2024-01-01T00:02:00.000257,BTC,41969.4579,41981.5343,5.344,9.023
2024-01-01T00:02:00.000257,SOL,100.061,100.0882,0.696,5.341
2024-01-01T00:02:00.250579,ETH,2299.5542,2300.0879,0.394,3.021
2024-01-01T00:02:00.500683,ETH,2300.393,2300.6571,7.505,2.413
2024-01-01T00:02:00.500683,SOL,100.0954,100.1142,3.384,13.196
2024-01-01T00:02:00.750182,SOL,100.0904,100.1018,6.501,7.508
2024-01-01T00:02:01.000000,ETH,2299.6622,2300.1565,3.622,14.06
2024-01-01T00:02:01.250799,SOL,100.0032,100.024,23.898,2.028
2024-01-01T00:02:01.500056,ETH,2297.4896,2297.7564,3.078,7.273
2024-01-01T00:02:01.500056,SOL,99.9862,99.997,2.424,1.06
2024-01-01T00:02:01.750917,BTC,41962.4161,41974.0431,2.881,1.05
2024-01-01T00:02:01.750917,ETH,2296.4354,2296.8436,7.869,5.156
2024-01-01T00:02:02.000989,ETH,2297.5994,2298.1359,3.066,5.667
2024-01-01T00:02:02.000989,SOL,100.0299,100.0515,12.939,0.188
2024-01-01T00:02:02.250669,BTC,41984.5652,41990.8019,5.232,0.072
2024-01-01T00:02:02.250669,SOL,99.999,100.0212,9.02,0.33
2024-01-01T00:02:02.500116,ETH,2297.8913,2298.4941,20.141,5.672
2024-01-01T00:02:02.750140,BTC,41964.8629,41977.1578,1.199,0.233
2024-01-01T00:02:02.750140,ETH,2297.8077,2298.1148,2.31,0.902
2024-01-01T00:02:03.000810,SOL,100.0708,100.0826,5.274,10.898
2024-01-01T00:02:03.250826,ETH,2298.1976,2298.6345,1.367,0.959
2024-01-01T00:02:03.500626,SOL,100.0943,100.109,0.625,3.777
2024-01-01T00:02:03.750552,SOL,100.1055,100.1324,12.123,3.441
2024-01-01T00:02:04.000944,BTC,41972.4117,41982.0233,1.678,2.852
2024-01-01T00:02:04.000944,SOL,100.1067,100.1202,7.697,3.319
2024-01-01T00:02:04.250606,SOL,100.0164,100.0286,1.292,1.353
2024-01-01T00:02:04.750950,SOL,99.9942,100.0109,0.163,4.204
2024-01-01T00:02:05.000113,ETH,2298.7879,2299.1758,10.876,4.627
2024-01-01T00:02:05.250174,ETH,2297.7196,2298.3457,1.22,3.207
2024-01-01T00:02:05.250174,SOL,100.0188,100.0374,10.302,1.424
2024-01-01T00:02:05.500227,ETH,2297.6095,2298.2898,0.204,3.181
2024-01-01T00:02:05.500227,SOL,100.016,100.0366,3.263,7.998
2024-01-01T00:02:06.000092,BTC,41968.3325,41976.3852,4.224,4.381
2024-01-01T00:02:06.250892,SOL,99.9916,100.0195,2.024,0.166
2024-01-01T00:02:07.000572,SOL,99.9371,99.9618,6.977,10.245
2024-01-01T00:02:08.250151,SOL,99.9205,99.9499,3.898,0.708
2024-01-01T00:02:08.750592,BTC,41958.704,41967.8802,5.968,9.223
2024-01-01T00:02:08.750592,ETH,2297.1558,2297.4461,7.788,0.942
2024-01-01T00:02:09.000788,ETH,2298.3773,2298.6811,3.832,1.006
2024-01-01T00:02:09.250813,BTC,41953.8651,41960.0572,0.21,1.904
2024-01-01T00:02:09.250813,ETH,2298.8793,2299.1251,1.906,2.107
2024-01-01T00:02:09.500308,BTC,41974.5397,41978.9467,13.373,7.316
2024-01-01T00:02:09.750519,BTC,41968.171,41974.8011,14.413,19.736
2024-01-01T00:02:09.750519,ETH,2297.7559,2298.2455,11.869,2.918
2024-01-01T00:02:10.000142,ETH,2297.2357,2297.7449,1.085,3.737
2024-01-01T00:02:10.250085,SOL,99.9519,99.974,14.359,11.954
2024-01-01T00:02:10.750220,SOL,99.9901,100.0086,11.337,0.752
2024-01-01T00:02:11.000088,BTC,41926.2995,41933.0353,22.276,3.725
2024-01-01T00:02:11.250179,SOL,99.9565,99.9673,8.751,8.996
2024-01-01T00:02:11.500572,SOL,99.9849,100.0077,5.061,0.663
2024-01-01T00:02:11.750294,SOL,99.9687,99.9801,6.844,4.35
2024-01-01T00:02:12.000889,BTC,41977.8829,41987.8405,18.298,8.526
2024-01-01T00:02:12.000889,SOL,99.9062,99.9233,0.272,2.241
2024-01-01T00:02:12.500187,ETH,2297.6437,2298.0218,1.901,9.321
2024-01-01T00:02:12.500187,SOL,99.8922,99.9129,2.166,0.776
2024-01-01T00:02:12.750288,ETH,2296.6828,2297.331,0.54,0.839
2024-01-01T00:02:12.750288,SOL,99.9332,99.9599,3.729,3.797
2024-01-01T00:02:13.000774,SOL,99.9014,99.9252,0.748,2.916
2024-01-01T00:02:13.500232,BTC,41990.792,41998.5594,7.199,0.592
2024-01-01T00:02:13.500232,ETH,2299.3925,2299.6375,5.391,4.497
2024-01-01T00:02:13.750098,ETH,2299.7974,2300.1891,0.476,9.35
2024-01-01T00:02:14.000164,SOL,99.8853,99.9117,7.204,3.763
2024-01-01T00:02:14.250987,BTC,42005.4831,42017.8646,0.52,1.204
2024-01-01T00:02:14.500980,BTC,41993.9863,42005.198,19.896,2.759
2024-01-01T00:02:14.500980,SOL,99.8413,99.8611,2.241,1.7
2024-01-01T00:02:14.750084,BTC,42001.332,42006.5046,1.668,4.586
2024-01-01T00:02:15.250013,ETH,2298.6113,2298.8802,0.774,2.559
2024-01-01T00:02:15.250013,SOL,99.8592,99.8877,19.05,0.334
2024-01-01T00:02:15.500346,BTC,42010.3663,42016.5244,2.764,3.457
2024-01-01T00:02:16.250510,SOL,99.8285,99.8509,0.506,0.398
2024-01-01T00:02:16.500785,ETH,2297.4165,2297.8955,8.29,3.888
2024-01-01T00:02:16.750453,ETH,2297.3933,2297.9475,3.381,0.722
2024-01-01T00:02:17.000701,SOL,99.8264,99.8439,5.643,7.272
2024-01-01T00:02:17.250062,BTC,42033.5537,42038.1366,9.068,2.145
2024-01-01T00:02:17.250062,ETH,2298.1847,2298.4593,2.117,2.211
2024-01-01T00:02:17.500663,BTC,42023.6954,42028.6119,5.824,10.16
2024-01-01T00:02:17.500663,ETH,2297.5614,2298.0277,2.734,0.103
2024-01-01T00:02:17.500663,SOL,99.792,99.8083,4.224,1.946
2024-01-01T00:02:17.750210,BTC,41994.0368,42001.0885,4.77,2.258
2024-01-01T00:02:18.000548,BTC,41993.852,42000.2788,1.764,4.261
2024-01-01T00:02:18.250606,BTC,42020.5135,42028.7105,1.177,7.94
2024-01-01T00:02:18.250606,ETH,2298.1725,2298.772,2.836,3.882
2024-01-01T00:02:18.750511,BTC,42047.4512,42055.5865,13.836,3.804
2024-01-01T00:02:19.000534,BTC,42040.9422,42049.0358,1.375,6.861
2024-01-01T00:02:19.250649,BTC,42013.4716,42023.1026,1.482,4.597
2024-01-01T00:02:19.250649,ETH,2299.2089,2299.5271,1.409,8.779
2024-01-01T00:02:19.500662,ETH,2300.7866,2301.1445,4.0,5.168
2024-01-01T00:02:19.500662,SOL,99.7991,99.8269,1.884,1.769
2024-01-01T00:02:19.750687,ETH,2301.7792,2302.439,3.69,8.83
2024-01-01T00:02:20.000905,BTC,42031.3695,42040.6159,7.418,1.88
2024-01-01T00:02:20.250223,BTC,42052.2162,42060.1183,1.467,4.452
2024-01-01T00:02:20.250223,SOL,99.898,99.9165,5.74,16.527
2024-01-01T00:02:20.500959,BTC,42036.8591,42043.6543,5.184,11.781
2024-01-01T00:02:20.500959,ETH,2301.9195,2302.5721,5.568,1.458
2024-01-01T00:02:21.000402,ETH,2303.4885,2303.8559,9.81,0.873
2024-01-01T00:02:21.000402,SOL,99.868,99.8942,5.17,7.787
2024-01-01T00:02:21.500897,ETH,2302.1222,2302.6046,1.978,5.941
2024-01-01T00:02:21.750454,SOL,99.9061,99.9177,0.859,3.632
2024-01-01T00:02:23.000410,ETH,2302.6607,2303.1522,0.071,3.731
2024-01-01T00:02:23.250506,BTC,42032.4785,42042.6816,1.057,9.9
2024-01-01T00:02:23.250506,ETH,2302.108,2302.7326,4.582,26.703
2024-01-01T00:02:23.750087,BTC,42035.2436,42040.5673,1.952,5.905
2024-01-01T00:02:24.250726,ETH,2301.3829,2302.0587,4.1,4.343
2024-01-01T00:02:24.500898,ETH,2302.0783,2302.4528,19.202,3.458
2024-01-01T00:02:24.500898,SOL,99.8708,99.8988,1.527,8.848
2024-01-01T00:02:24.750529,BTC,42045.7483,42057.4611,1.896,26.075
2024-01-01T00:02:24.750529,ETH,2302.7796,2303.3776,0.273,0.804
2024-01-01T00:02:24.750529,SOL,99.8305,99.8457,6.12,2.867
2024-01-01T00:02:25.250357,BTC,42055.974,42061.5955,3.554,1.593
2024-01-01T00:02:25.500584,BTC,42044.9878,42056.9338,1.413,3.447
2024-01-01T00:02:25.750108,ETH,2303.5156,2303.9552,15.528,4.51
2024-01-01T00:02:26.250289,BTC,42027.0464,42031.7162,0.367,15.172
2024-01-01T00:02:26.500091,BTC,42029.9152,42037.5014,5.209,15.443
2024-01-01T00:02:26.500091,ETH,2304.3183,2304.9181,6.657,12.736
2024-01-01T00:02:27.000433,BTC,42016.5843,42022.3524,4.981,0.488
2024-01-01T00:02:27.500489,BTC,42020.7657,42033.2408,5.765,1.786
2024-01-01T00:02:27.750525,BTC,42015.4542,42025.2101,4.202,1.461
2024-01-01T00:02:27.750525,ETH,2304.5736,2305.0361,0.605,5.417
2024-01-01T00:02:27.750525,SOL,99.8114,99.8388,1.767,4.424
2024-01-01T00:02:28.000686,ETH,2304.7175,2305.3713,8.304,1.185
2024-01-01T00:02:28.250018,BTC,42023.8936,42032.1069,5.885,10.154
2024-01-01T00:02:28.500369,SOL,99.8352,99.8478,1.059,8.463
2024-01-01T00:02:29.250020,ETH,2303.3348,2303.5886,0.04,4.977
2024-01-01T00:02:30.000065,BTC,42009.7196,42019.3687,10.997,0.622
2024-01-01T00:02:30.250743,BTC,42004.7294,42010.7761,11.988,2.071
2024-01-01T00:02:30.250743,SOL,99.8577,99.8736,6.213,16.07
2024-01-01T00:02:30.500689,SOL,99.876,99.8877,3.297,0.952
2024-01-01T00:02:30.750503,BTC,42028.7266,42036.4269,25.39,1.81
2024-01-01T00:02:30.750503,ETH,2305.1533,2305.5485,0.863,8.8
2024-01-01T00:02:30.750503,SOL,99.8856,99.8969,2.816,4.806
2024-01-01T00:02:31.250917,BTC,42020.2288,42030.0584,6.128,13.061
2024-01-01T00:02:31.250917,SOL,99.8405,99.8526,4.715,7.62
2024-01-01T00:02:31.500843,ETH,2305.6133,2306.0106,6.516,6.158
2024-01-01T00:02:31.750157,ETH,2305.9235,2306.5455,2.891,2.687
2024-01-01T00:02:31.750157,SOL,99.8498,99.8698,0.445,2.33
2024-01-01T00:02:32.500030,SOL,99.8174,99.8342,2.568,7.4
2024-01-01T00:02:32.750402,SOL,99.7715,99.7946,3.668,1.753
2024-01-01T00:02:33.000697,SOL,99.7234,99.7499,11.523,4.713
2024-01-01T00:02:33.500908,SOL,99.6859,99.7102,10.596,3.675
2024-01-01T00:02:33.750218,BTC,42016.8291,42025.6686,3.684,7.074
2024-01-01T00:02:33.750218,ETH,2306.4203,2306.7623,7.44,6.482
2024-01-01T00:02:33.750218,SOL,99.6413,99.6525,2.334,4.931
2024-01-01T00:02:34.000048,SOL,99.619,99.6438,4.357,6.27
2024-01-01T00:02:34.500688,BTC,42028.0189,42035.3969,6.688,0.556
2024-01-01T00:02:34.500688,ETH,2306.6234,2306.9216,2.773,2.656
2024-01-01T00:02:34.500688,SOL,99.5825,99.594,5.648,2.577
2024-01-01T00:02:35.000501,ETH,2305.49,2305.9316,17.215,3.599
2024-01-01T00:02:35.500123,SOL,99.5813,99.5918,0.771,7.658
2024-01-01T00:02:35.750959,ETH,2306.0169,2306.304,2.144,10.218
2024-01-01T00:02:36.000921,BTC,42010.3577,42017.7295,8.993,8.969
2024-01-01T00:02:36.000921,ETH,2304.8693,2305.4074,0.807,6.507
2024-01-01T00:02:36.500724,BTC,41987.7821,41997.2733,7.383,1.847
2024-01-01T00:02:36.750534,BTC,41954.5486,41959.7537,13.759,0.991
2024-01-01T00:02:37.000621,BTC,41957.9928,41967.1313,3.381,13.579
2024-01-01T00:02:37.000621,ETH,2306.052,2306.4588,0.477,19.507
2024-01-01T00:02:37.000621,SOL,99.5871,99.6007,7.312,0.838
2024-01-01T00:02:37.250694,BTC,41949.1504,41953.5735,0.301,2.471
2024-01-01T00:02:37.500123,BTC,41938.4536,41944.6578,4.544,1.349
2024-01-01T00:02:37.500123,SOL,99.5673,99.5785,0.147,5.019
2024-01-01T00:02:37.750019,BTC,41954.7798,41967.0615,5.621,1.414
2024-01-01T00:02:38.000991,BTC,41947.9368,41954.1889,15.247,16.266
2024-01-01T00:02:38.000991,ETH,2305.812,2306.4174,16.236,4.848
2024-01-01T00:02:38.000991,SOL,99.6488,99.6642,1.444,5.697
2024-01-01T00:02:38.250862,SOL,99.6808,99.6986,0.656,0.752
2024-01-01T00:02:38.750650,BTC,41948.2454,41954.504,20.379,2.09
2024-01-01T00:02:38.750650,SOL,99.6362,99.6557,11.586,5.584
2024-01-01T00:02:39.750009,BTC,41958.9411,41970.8708,2.214,0.471
2024-01-01T00:02:39.750009,ETH,2305.9268,2306.4885,1.335,3.404
2024-01-01T00:02:39.750009,SOL,99.6904,99.7046,1.091,8.605
2024-01-01T00:02:40.000890,BTC,41945.8618,41954.2545,0.935,1.077
2024-01-01T00:02:40.000890,SOL,99.6351,99.6476,13.558,9.672
2024-01-01T00:02:40.500258,ETH,2305.1906,2305.6181,5.591,5.25
2024-01-01T00:02:40.500258,SOL,99.6579,99.6703,3.652,3.422
2024-01-01T00:02:40.750044,ETH,2304.4107,2304.8348,2.979,0.026
2024-01-01T00:02:40.750044,SOL,99.6437,99.6683,19.105,2.757
2024-01-01T00:02:41.000318,BTC,41943.6787,41953.1196,0.141,2.828
2024-01-01T00:02:41.250852,BTC,41927.3913,41939.4979,7.475,4.832
2024-01-01T00:02:41.250852,SOL,99.7118,99.7229,0.17,1.879
2024-01-01T00:02:41.500066,SOL,99.7162,99.7431,2.568,4.803
2024-01-01T00:02:41.750885,ETH,2304.5227,2304.9302,7.928,10.599
2024-01-01T00:02:41.750885,SOL,99.7845,99.8036,1.989,1.069
2024-01-01T00:02:42.000808,ETH,2303.8782,2304.3431,2.196,3.283
2024-01-01T00:02:42.000808,SOL,99.7956,99.8081,4.392,3.599
2024-01-01T00:02:42.250366,BTC,41931.4685,41943.087,7.469,0.797
2024-01-01T00:02:42.250366,ETH,2303.7806,2304.2813,5.671,0.295
2024-01-01T00:02:42.500432,BTC,41932.654,41945.0387,5.116,1.124
2024-01-01T00:02:43.250492,ETH,2303.8344,2304.1497,22.965,2.253
2024-01-01T00:02:43.250492,SOL,99.7679,99.7818,4.406,7.252
2024-01-01T00:02:43.500178,BTC,41932.4131,41943.7157,1.412,1.091
2024-01-01T00:02:43.500178,ETH,2304.4223,2304.6994,8.902,0.738
2024-01-01T00:02:43.750215,BTC,41935.085,41944.8227,14.165,18.883
2024-01-01T00:02:43.750215,SOL,99.841,99.8538,12.895,7.921
2024-01-01T00:02:44.250601,BTC,41907.6075,41914.5453,0.274,7.939
2024-01-01T00:02:45.250212,BTC,41901.5892,41907.4809,9.945,2.52
2024-01-01T00:02:45.500563,BTC,41900.4086,41908.9473,1.308,0.21
2024-01-01T00:02:45.500563,ETH,2303.571,2304.0093,2.833,2.29
2024-01-01T00:02:45.500563,SOL,99.8824,99.8977,0.395,11.587
2024-01-01T00:02:45.750513,SOL,99.891,99.9024,0.195,1.118
2024-01-01T00:02:46.000337,BTC,41898.1774,41909.4533,1.058,4.632
2024-01-01T00:02:46.250788,BTC,41869.6285,41880.7028,7.642,2.586
2024-01-01T00:02:46.500779,ETH,2303.5157,2303.8537,4.422,4.022
2024-01-01T00:02:46.750087,BTC,41860.9515,41866.7107,7.351,5.986
2024-01-01T00:02:47.000131,BTC,41857.4711,41867.1735,2.19,1.278
2024-01-01T00:02:47.250601,BTC,41837.2965,41848.0531,12.764,0.834
2024-01-01T00:02:47.250601,ETH,2302.5714,2303.0816,10.085,19.603
2024-01-01T00:02:47.500192,SOL,99.8504,99.8638,5.618,0.978
2024-01-01T00:02:47.750617,ETH,2303.3901,2303.7279,5.388,0.363
2024-01-01T00:02:48.250211,BTC,41836.5712,41842.4762,2.83,6.184
2024-01-01T00:02:49.000294,ETH,2304.252,2304.6627,8.67,9.48
2024-01-01T00:02:49.000294,SOL,99.7868,99.8091,2.829,2.428
2024-01-01T00:02:49.500643,ETH,2303.8408,2304.49,2.649,7.174
2024-01-01T00:02:50.250038,BTC,41801.2705,41806.4097,12.453,1.981
2024-01-01T00:02:50.500840,BTC,41816.0913,41825.3503,0.975,0.663
2024-01-01T00:02:50.500840,ETH,2305.3898,2305.93,0.056,1.596
2024-01-01T00:02:50.500840,SOL,99.769,99.7896,2.918,0.245
2024-01-01T00:02:50.750535,SOL,99.6916,99.7026,0.023,7.401
2024-01-01T00:02:51.000951,BTC,41827.9514,41832.2686,0.142,0.073
2024-01-01T00:02:51.250741,BTC,41820.218,41827.8775,0.57,1.981
2024-01-01T00:02:51.250741,ETH,2305.6348,2306.2984,0.644,1.203
2024-01-01T00:02:51.250741,SOL,99.7361,99.7541,1.901,2.465
2024-01-01T00:02:51.750104,SOL,99.7631,99.7857,2.46,12.922
2024-01-01T00:02:52.000136,BTC,41827.6066,41837.1055,10.769,1.913
2024-01-01T00:02:52.250391,SOL,99.8349,99.8474,1.349,2.797
2024-01-01T00:02:52.500081,BTC,41832.4485,41839.7659,1.759,0.822
2024-01-01T00:02:52.500081,ETH,2306.7372,2307.4044,6.721,1.993
2024-01-01T00:02:52.750533,SOL,99.8039,99.8285,2.098,1.152
2024-01-01T00:02:53.000820,SOL,99.7984,99.8257,0.363,1.069
2024-01-01T00:02:53.250144,ETH,2306.8648,2307.3488,7.929,1.143
2024-01-01T00:02:53.500168,ETH,2306.8929,2307.3305,5.048,1.586
2024-01-01T00:02:53.500168,SOL,99.8301,99.8595,2.54,0.918
2024-01-01T00:02:53.750517,ETH,2307.8348,2308.4173,2.788,0.435
2024-01-01T00:02:53.750517,SOL,99.8213,99.842,4.024,0.966
2024-01-01T00:02:54.000313,SOL,99.8241,99.844,6.461,3.381
2024-01-01T00:02:54.500127,ETH,2308.0478,2308.48,1.474,12.214
2024-01-01T00:02:54.750705,ETH,2306.0037,2306.4011,6.13,0.143
2024-01-01T00:02:54.750705,SOL,99.8356,99.8577,14.436,0.797
2024-01-01T00:02:55.000592,ETH,2306.0499,2306.7035,2.535,4.411
2024-01-01T00:02:55.250433,BTC,41808.3828,41816.1337,5.886,3.472
2024-01-01T00:02:55.500946,ETH,2307.0041,2307.664,2.537,1.842
2024-01-01T00:02:55.750537,SOL,99.8922,99.9048,3.332,3.492
2024-01-01T00:02:56.000205,BTC,41820.6604,41827.0122,11.628,2.628
2024-01-01T00:02:56.000205,SOL,99.9521,99.9679,2.372,1.62
2024-01-01T00:02:56.250599,BTC,41793.5529,41797.8119,1.547,15.529
2024-01-01T00:02:56.750911,BTC,41794.9007,41801.7157,1.37,2.241
2024-01-01T00:02:57.000003,SOL,99.8876,99.9032,6.008,8.438
2024-01-01T00:02:57.250633,SOL,99.8359,99.8586,14.231,1.944
2024-01-01T00:02:57.500894,BTC,41799.611,41807.5061,4.667,2.556
2024-01-01T00:02:57.500894,ETH,2306.354,2306.7821,13.403,13.357
2024-01-01T00:02:58.500174,ETH,2305.0735,2305.3779,13.223,11.647
2024-01-01T00:02:58.500174,SOL,99.8649,99.88,3.234,11.39
2024-01-01T00:02:58.750139,SOL,99.8668,99.8953,0.334,2.102
2024-01-01T00:02:59.250228,BTC,41821.8637,41828.4803,0.59,2.079
2024-01-01T00:02:59.250228,ETH,2306.205,2306.4944,1.88,2.392
2024-01-01T00:02:59.250228,SOL,99.8516,99.8734,1.053,2.456
2024-01-01T00:02:59.750404,BTC,41828.4104,41839.4223,1.761,1.235
2024-01-01T00:02:59.750404,ETH,2305.5259,2305.8871,6.873,9.457
2024-01-01T00:02:59.750404,SOL,99.8305,99.8542,1.597,9.409
2024-01-01T00:03:00.500794,BTC,41847.6682,41855.934,2.486,20.799
2024-01-01T00:03:01.250726,BTC,41835.4743,41843.3559,3.293,11.376
2024-01-01T00:03:01.750861,BTC,41818.9595,41823.6128,2.197,3.211
2024-01-01T00:03:01.750861,ETH,2304.6569,2305.0874,0.804,6.411
2024-01-01T00:03:01.750861,SOL,99.8299,99.8478,1.803,4.534
2024-01-01T00:03:02.500230,BTC,41798.4971,41804.9658,6.84,7.908
2024-01-01T00:03:02.750101,BTC,41787.009,41797.1541,9.91,3.856
2024-01-01T00:03:03.250771,BTC,41781.8526,41793.2356,5.941,0.027
2024-01-01T00:03:03.250771,ETH,2304.3613,2304.6097,4.279,5.287
2024-01-01T00:03:03.250771,SOL,99.848,99.8773,0.941,18.884
2024-01-01T00:03:03.500254,BTC,41791.4369,41803.5265,3.664,7.635
2024-01-01T00:03:03.750360,SOL,99.8706,99.8977,1.212,0.721
2024-01-01T00:03:04.250085,SOL,99.8779,99.9005,1.569,5.014
2024-01-01T00:03:04.750806,ETH,2305.2508,2305.5117,5.111,2.254
2024-01-01T00:03:04.750806,SOL,99.9076,99.935,1.279,0.05
2024-01-01T00:03:05.000992,BTC,41822.7668,41827.9825,3.738,10.418
2024-01-01T00:03:05.000992,SOL,99.8928,99.9082,0.522,0.246
2024-01-01T00:03:05.500870,ETH,2304.5497,2305.0833,0.77,4.192
2024-01-01T00:03:05.750379,SOL,99.8274,99.8571,8.009,3.488
2024-01-01T00:03:06.250865,BTC,41843.1005,41855.1938,0.902,0.296
2024-01-01T00:03:06.500434,ETH,2305.3009,2305.761,5.778,5.647
2024-01-01T00:03:06.500434,SOL,99.8548,99.8814,0.037,2.767
2024-01-01T00:03:06.750353,BTC,41844.9104,41855.2808,15.066,8.668
2024-01-01T00:03:07.250361,SOL,99.8837,99.9045,7.271,0.627
2024-01-01T00:03:07.500300,BTC,41841.469,41845.672,4.987,2.501
2024-01-01T00:03:08.000362,BTC,41824.087,41831.6333,0.045,2.818
2024-01-01T00:03:08.250007,BTC,41844.7244,41854.4053,1.282,2.516
2024-01-01T00:03:08.500165,BTC,41843.7416,41855.322,6.176,0.586
2024-01-01T00:03:08.500165,ETH,2305.219,2305.6437,2.011,0.161
2024-01-01T00:03:08.750272,BTC,41825.0556,41834.942,0.682,6.953
2024-01-01T00:03:09.000134,BTC,41828.7995,41833.8852,0.107,0.845
2024-01-01T00:03:09.250999,ETH,2303.995,2304.5616,1.034,1.65
2024-01-01T00:03:09.500485,SOL,99.9031,99.9329,4.473,5.032
2024-01-01T00:03:09.750135,ETH,2304.2227,2304.5451,9.988,2.393
2024-01-01T00:03:10.000227,BTC,41829.7567,41837.9494,3.565,5.162
2024-01-01T00:03:10.000227,ETH,2304.0088,2304.4319,1.927,0.244
2024-01-01T00:03:10.000227,SOL,99.9448,99.9642,11.956,0.531
2024-01-01T00:03:10.250971,ETH,2303.2467,2303.832,0.698,2.236
2024-01-01T00:03:10.500619,ETH,2302.1167,2302.5238,10.91,0.699
2024-01-01T00:03:10.500619,SOL,99.8675,99.8906,1.056,6.098
2024-01-01T00:03:10.750076,ETH,2301.0452,2301.4936,7.156,3.813
2024-01-01T00:03:10.750076,SOL,99.8103,99.8381,7.122,9.357
2024-01-01T00:03:11.000355,SOL,99.846,99.8644,13.392,3.505
2024-01-01T00:03:11.250132,BTC,41833.3922,41845.7137,1.055,8.424
2024-01-01T00:03:11.250132,SOL,99.8419,99.8607,3.559,4.133
2024-01-01T00:03:11.500621,BTC,41840.5277,41846.5348,5.966,10.566
2024-01-01T00:03:11.750225,BTC,41849.3635,41855.7963,0.634,1.268
2024-01-01T00:03:11.750225,ETH,2299.6865,2300.0443,0.713,10.333
2024-01-01T00:03:11.750225,SOL,99.7719,99.7842,5.23,5.008
2024-01-01T00:03:12.000332,BTC,41841.6288,41851.8568,2.624,4.727
2024-01-01T00:03:12.000332,ETH,2298.4469,2299.0519,8.684,1.238
2024-01-01T00:03:12.000332,SOL,99.8121,99.8416,7.53,7.582
2024-01-01T00:03:12.250669,BTC,41838.342,41847.767,4.636,1.154
2024-01-01T00:03:12.250669,ETH,2298.8073,2299.4318,2.516,2.953
2024-01-01T00:03:12.500490,BTC,41862.8207,41868.5271,1.023,9.915
2024-01-01T00:03:12.750403,ETH,2297.9497,2298.4761,2.575,6.442
2024-01-01T00:03:13.000112,SOL,99.8352,99.8577,0.068,16.96
2024-01-01T00:03:13.500314,BTC,41863.8894,41873.8713,4.937,0.657
2024-01-01T00:03:13.500314,ETH,2298.2871,2298.6533,3.583,9.054
2024-01-01T00:03:13.750671,BTC,41886.3333,41896.2763,6.274,11.594
2024-01-01T00:03:14.000078,SOL,99.8075,99.8281,4.577,5.688
2024-01-01T00:03:14.250683,ETH,2298.7588,2299.2183,2.303,1.542
2024-01-01T00:03:14.750804,ETH,2298.2596,2298.686,6.486,0.781
2024-01-01T00:03:14.750804,SOL,99.812,99.8318,3.282,18.032
2024-01-01T00:03:15.000651,BTC,41870.3237,41881.2293,5.306,1.411
2024-01-01T00:03:15.250393,BTC,41865.9507,41876.6412,8.338,1.238
2024-01-01T00:03:15.500112,BTC,41847.7491,41854.8584,9.444,10.078
2024-01-01T00:03:15.500112,ETH,2299.2464,2299.9233,12.207,1.389
2024-01-01T00:03:15.500112,SOL,99.8771,99.8898,16.358,6.086
2024-01-01T00:03:15.750026,ETH,2300.315,2300.7645,4.506,0.861
2024-01-01T00:03:15.750026,SOL,99.9086,99.9235,0.063,8.891
2024-01-01T00:03:16.000783,BTC,41845.1628,41855.1949,1.78,2.651
2024-01-01T00:03:16.000783,SOL,99.8432,99.8563,10.65,0.163
2024-01-01T00:03:16.250515,BTC,41830.1434,41842.2612,3.028,6.214
2024-01-01T00:03:16.250515,SOL,99.8609,99.8895,1.586,0.482
2024-01-01T00:03:16.500973,BTC,41838.7123,41844.7283,1.015,6.852
2024-01-01T00:03:16.750657,ETH,2301.5814,2301.9826,2.76,1.573
2024-01-01T00:03:16.750657,SOL,99.8707,99.8828,1.191,0.055
2024-01-01T00:03:17.000192,ETH,2302.1526,2302.5068,18.789,4.16
2024-01-01T00:03:17.250008,SOL,99.8415,99.8541,5.615,2.012
2024-01-01T00:03:17.500515,BTC,41846.2062,41857.1503,0.814,4.424
2024-01-01T00:03:17.500515,SOL,99.8598,99.8875,0.49,6.337
2024-01-01T00:03:18.000623,ETH,2302.8706,2303.4626,2.07,2.234
2024-01-01T00:03:18.500509,BTC,41876.7174,41883.4981,10.107,7.982
2024-01-01T00:03:18.500509,SOL,99.8721,99.8879,0.353,4.296
2024-01-01T00:03:18.750072,BTC,41877.8098,41885.9622,1.479,10.464
2024-01-01T00:03:18.750072,ETH,2302.3182,2302.6055,4.205,0.202
2024-01-01T00:03:19.000939,SOL,99.9062,99.9252,10.494,23.692
2024-01-01T00:03:19.250809,BTC,41885.0159,41896.0853,0.04,9.589
2024-01-01T00:03:19.250809,ETH,2301.9683,2302.3772,3.102,0.491
2024-01-01T00:03:19.500476,BTC,41891.5589,41897.2588,0.573,16.038
2024-01-01T00:03:19.500476,SOL,99.8787,99.893,6.76,0.607
2024-01-01T00:03:19.750558,BTC,41909.4277,41917.5587,5.111,1.93
2024-01-01T00:03:20.000055,BTC,41937.6056,41945.3474,1.452,0.969
2024-01-01T00:03:20.000055,ETH,2302.2619,2302.5297,10.348,3.002
2024-01-01T00:03:20.000055,SOL,99.9003,99.9113,11.267,2.798
2024-01-01T00:03:20.250304,BTC,41931.2549,41938.3777,2.716,3.227
2024-01-01T00:03:20.250304,ETH,2301.8378,2302.3871,2.464,0.05
2024-01-01T00:03:20.750511,SOL,99.861,99.88,17.443,0.513
2024-01-01T00:03:21.000192,ETH,2301.1663,2301.8349,17.832,4.3
2024-01-01T00:03:21.250888,BTC,41941.4209,41949.8027,34.786,2.673
2024-01-01T00:03:21.500948,BTC,41931.5943,41940.7774,3.913,2.403
2024-01-01T00:03:21.500948,SOL,99.8701,99.8925,12.96,9.724
2024-01-01T00:03:21.750825,ETH,2301.2597,2301.7406,5.019,3.499
2024-01-01T00:03:22.000216,BTC,41908.7345,41916.7368,2.399,1.088
2024-01-01T00:03:22.000216,ETH,2303.288,2303.7086,8.586,6.084
2024-01-01T00:03:22.000216,SOL,99.8547,99.8722,1.268,1.668
2024-01-01T00:03:22.250270,BTC,41937.9031,41947.7454,0.021,11.988
2024-01-01T00:03:22.500174,ETH,2302.0003,2302.6788,1.07,5.17
2024-01-01T00:03:22.750131,SOL,99.8671,99.8913,0.675,0.63
2024-01-01T00:03:23.000401,ETH,2302.6571,2303.1421,14.85,1.139
2024-01-01T00:03:23.250080,SOL,99.856,99.8699,9.177,6.479
2024-01-01T00:03:23.500387,ETH,2302.0356,2302.6963,4.937,5.086
2024-01-01T00:03:23.500387,SOL,99.8049,99.817,1.66,11.25
2024-01-01T00:03:23.750858,BTC,41946.0413,41951.0808,7.935,2.67
2024-01-01T00:03:24.000648,ETH,2302.6969,2303.1885,4.665,0.16
2024-01-01T00:03:24.250628,ETH,2302.7248,2303.2342,3.839,3.649
2024-01-01T00:03:24.250628,SOL,99.7492,99.7598,0.746,0.436
2024-01-01T00:03:24.500129,BTC,41971.3926,41979.633,15.312,2.143
2024-01-01T00:03:24.500129,ETH,2302.7137,2303.1802,2.554,1.072
2024-01-01T00:03:24.750287,ETH,2301.7072,2302.0321,6.402,2.841
2024-01-01T00:03:25.750074,BTC,41965.5896,41972.426,0.048,5.828
2024-01-01T00:03:25.750074,ETH,2301.996,2302.4875,1.94,1.324
2024-01-01T00:03:25.750074,SOL,99.6814,99.7102,8.236,5.564
2024-01-01T00:03:26.000661,ETH,2301.5067,2301.8843,1.098,8.116
2024-01-01T00:03:26.250127,SOL,99.7544,99.7758,0.023,3.097
2024-01-01T00:03:26.500990,SOL,99.7599,99.7859,6.423,1.606
2024-01-01T00:03:26.750409,BTC,41969.7293,41974.3216,1.772,20.665
2024-01-01T00:03:27.000105,BTC,41950.3741,41954.9707,0.052,0.555
2024-01-01T00:03:27.000105,SOL,99.7954,99.8127,11.659,22.813
2024-01-01T00:03:27.250888,BTC,41980.6238,41992.24,0.22,0.246
2024-01-01T00:03:27.250888,ETH,2300.8732,2301.278,5.998,12.942
2024-01-01T00:03:27.250888,SOL,99.7305,99.7468,0.801,4.387
2024-01-01T00:03:27.500916,ETH,2299.6181,2300.1522,18.722,1.942
2024-01-01T00:03:27.500916,SOL,99.722,99.7372,1.757,0.432
2024-01-01T00:03:27.750893,BTC,41961.5137,41971.5434,0.391,3.412
2024-01-01T00:03:28.000348,BTC,41935.5871,41944.7344,3.75,9.776
2024-01-01T00:03:28.000348,ETH,2299.1442,2299.6062,12.274,1.235
2024-01-01T00:03:28.250525,BTC,41939.1491,41946.7006,0.356,2.75
2024-01-01T00:03:28.250525,SOL,99.7051,99.7173,0.084,3.089
2024-01-01T00:03:28.500487,ETH,2299.1534,2299.8097,0.439,2.824
2024-01-01T00:03:28.750054,ETH,2297.7618,2298.0807,1.05,0.972
2024-01-01T00:03:29.000111,SOL,99.7674,99.7781,1.547,0.341
2024-01-01T00:03:29.250733,ETH,2298.3253,2298.7828,0.938,1.138
2024-01-01T00:03:29.500003,BTC,41915.726,41924.1372,6.028,3.239
2024-01-01T00:03:29.500003,SOL,99.7821,99.8101,0.765,0.064
2024-01-01T00:03:29.750342,BTC,41918.3158,41930.6782,10.654,0.936
2024-01-01T00:03:29.750342,ETH,2297.8153,2298.0456,10.326,3.199
2024-01-01T00:03:29.750342,SOL,99.8251,99.8396,3.497,7.032
2024-01-01T00:03:30.000102,BTC,41917.7245,41928.0779,22.923,1.488
2024-01-01T00:03:30.750758,ETH,2296.79,2297.0607,12.669,2.372
2024-01-01T00:03:31.000981,SOL,99.7431,99.7586,1.057,4.332
2024-01-01T00:03:31.500992,BTC,41895.4501,41907.4107,0.796,5.712
2024-01-01T00:03:31.500992,ETH,2296.1876,2296.6408,0.334,1.746
2024-01-01T00:03:31.500992,SOL,99.7291,99.7555,0.659,3.351
2024-01-01T00:03:31.750051,BTC,41887.6823,41899.069,5.473,7.324
2024-01-01T00:03:31.750051,ETH,2296.8432,2297.1972,27.501,1.095
2024-01-01T00:03:31.750051,SOL,99.7426,99.7596,8.349,5.067
2024-01-01T00:03:32.000990,SOL,99.7861,99.8048,10.435,8.158
2024-01-01T00:03:32.250786,BTC,41904.0395,41910.7536,0.447,4.181
2024-01-01T00:03:32.750477,ETH,2297.6565,2298.1432,15.79,2.732
2024-01-01T00:03:33.250686,BTC,41915.4509,41923.5013,0.279,0.281
2024-01-01T00:03:33.250686,SOL,99.7114,99.7272,3.284,2.012
2024-01-01T00:03:33.750916,ETH,2296.7516,2296.9842,3.318,5.82
2024-01-01T00:03:33.750916,SOL,99.8247,99.8366,1.143,3.21
2024-01-01T00:03:34.000454,ETH,2296.1163,2296.4538,9.41,1.507
2024-01-01T00:03:34.250126,ETH,2296.0421,2296.6476,5.357,0.936
2024-01-01T00:03:34.500296,BTC,41933.9251,41941.1999,1.609,2.437
2024-01-01T00:03:34.500296,SOL,99.8542,99.8698,0.64,2.467
2024-01-01T00:03:35.000283,BTC,41942.6237,41954.0422,1.184,11.642
2024-01-01T00:03:35.000283,SOL,99.8899,99.913,4.141,3.076
2024-01-01T00:03:35.250143,BTC,41945.711,41953.211,12.394,5.18
2024-01-01T00:03:35.750849,ETH,2295.4279,2295.7063,13.608,3.235
2024-01-01T00:03:36.250767,BTC,41945.7572,41957.0058,12.856,1.937
2024-01-01T00:03:36.500258,ETH,2294.0327,2294.6027,2.846,3.759
2024-01-01T00:03:36.500258,SOL,99.9957,100.0076,0.169,0.757
2024-01-01T00:03:36.750885,BTC,41954.9628,41960.7136,6.546,12.095
2024-01-01T00:03:37.250894,BTC,41980.3431,41987.0457,0.627,1.311
2024-01-01T00:03:37.250894,ETH,2294.9074,2295.2397,14.119,12.773
2024-01-01T00:03:37.500076,SOL,99.9508,99.9787,4.371,13.817
2024-01-01T00:03:37.750668,BTC,41965.8653,41972.8997,1.511,2.036
2024-01-01T00:03:37.750668,ETH,2293.3185,2293.9718,5.443,10.53
2024-01-01T00:03:37.750668,SOL,99.9313,99.9602,11.734,6.072
2024-01-01T00:03:38.000036,BTC,41979.9071,41990.3134,13.251,10.925
2024-01-01T00:03:38.000036,ETH,2293.7739,2294.3352,0.549,3.432
2024-01-01T00:03:38.250800,ETH,2295.241,2295.8431,3.82,9.841
2024-01-01T00:03:38.500053,ETH,2295.8057,2296.3574,3.987,0.614
2024-01-01T00:03:38.750940,BTC,41984.5788,41990.6848,6.881,10.961
2024-01-01T00:03:38.750940,SOL,99.9865,100.0109,8.373,0.399
2024-01-01T00:03:39.000184,BTC,41972.8517,41984.5254,31.3,0.695
2024-01-01T00:03:39.000184,SOL,100.0343,100.0631,1.152,6.108
2024-01-01T00:03:39.500669,BTC,41985.8289,41994.5747,0.551,2.128
2024-01-01T00:03:39.500669,SOL,100.0128,100.041,9.208,3.68
2024-01-01T00:03:39.750566,BTC,41966.0081,41971.3966,19.063,5.992
2024-01-01T00:03:39.750566,SOL,100.071,100.0887,8.777,0.441
2024-01-01T00:03:40.000624,ETH,2294.8654,2295.3393,5.4,0.159
2024-01-01T00:03:40.750826,BTC,41981.9313,41989.3889,6.388,5.666
2024-01-01T00:03:41.000531,BTC,41997.6607,42010.1998,1.361,11.914
2024-01-01T00:03:41.250302,BTC,41995.5185,42003.0331,4.78,2.245
2024-01-01T00:03:41.500582,SOL,100.0822,100.0994,5.077,4.067
2024-01-01T00:03:41.750593,SOL,100.0846,100.0982,7.262,1.616
2024-01-01T00:03:42.000130,BTC,42009.9604,42019.6741,1.324,5.315
2024-01-01T00:03:42.000130,SOL,100.153,100.1741,1.294,15.152
2024-01-01T00:03:42.250998,BTC,41996.8071,42003.9752,6.335,4.589
2024-01-01T00:03:42.250998,ETH,2293.2546,2293.6875,3.577,1.352
2024-01-01T00:03:42.500425,BTC,41985.9204,41990.3266,4.669,2.234
2024-01-01T00:03:42.750031,BTC,41991.9441,41996.5182,13.318,12.145
2024-01-01T00:03:43.000352,SOL,100.1536,100.1827,15.925,24.345
2024-01-01T00:03:43.750249,BTC,41964.5485,41975.4524,18.966,1.313
2024-01-01T00:03:44.500931,ETH,2293.2357,2293.609,0.425,2.732
2024-01-01T00:03:44.750791,BTC,41980.9246,41986.6337,3.026,0.912
2024-01-01T00:03:45.000024,ETH,2294.4776,2295.1221,2.188,2.573
2024-01-01T00:03:45.500758,SOL,100.0889,100.1142,12.405,13.793
2024-01-01T00:03:45.750378,ETH,2295.2741,2295.6319,7.414,1.322
2024-01-01T00:03:45.750378,SOL,100.1488,100.1692,3.724,3.549
2024-01-01T00:03:46.000292,BTC,41976.6818,41982.082,8.41,6.633
2024-01-01T00:03:46.000292,ETH,2295.7421,2296.2101,4.28,4.779
2024-01-01T00:03:46.000292,SOL,100.0738,100.0896,12.486,22.462
2024-01-01T00:03:46.250946,BTC,41989.2005,41995.7398,0.504,4.017
2024-01-01T00:03:46.250946,ETH,2295.4437,2296.0822,3.86,1.085
2024-01-01T00:03:46.750112,ETH,2295.2925,2295.9302,3.399,0.454
2024-01-01T00:03:46.750112,SOL,100.0173,100.0433,6.818,1.258
2024-01-01T00:03:47.000464,SOL,99.9243,99.9528,2.84,13.468
2024-01-01T00:03:47.250325,BTC,41957.8429,41967.2935,14.898,4.935
2024-01-01T00:03:47.250325,SOL,99.9044,99.9183,3.175,3.313
2024-01-01T00:03:47.500508,BTC,41967.3673,41979.5466,9.73,6.92
2024-01-01T00:03:47.500508,ETH,2297.2349,2297.5465,2.708,1.526
2024-01-01T00:03:48.000501,SOL,99.9615,99.9866,1.693,17.428
2024-01-01T00:03:48.250678,SOL,100.0186,100.0366,0.685,10.693
2024-01-01T00:03:48.500884,ETH,2296.7933,2297.4318,7.635,0.314
2024-01-01T00:03:48.500884,SOL,100.0655,100.0819,2.483,2.917
2024-01-01T00:03:48.750934,BTC,41956.9363,41966.4723,0.234,2.968
2024-01-01T00:03:49.000132,ETH,2296.8945,2297.448,12.165,7.28
2024-01-01T00:03:49.500165,ETH,2296.8203,2297.0666,0.101,14.097
2024-01-01T00:03:49.500165,SOL,99.9713,99.9873,1.307,7.401
2024-01-01T00:03:50.000882,BTC,41980.4289,41991.0293,2.684,0.074
2024-01-01T00:03:50.500469,BTC,41994.5555,42000.975,5.336,3.188
2024-01-01T00:03:50.500469,ETH,2297.8713,2298.3232,11.912,3.809
2024-01-01T00:03:50.500469,SOL,99.9587,99.9787,2.501,2.332
2024-01-01T00:03:50.750110,ETH,2298.0057,2298.4547,0.577,1.86
2024-01-01T00:03:51.000964,ETH,2296.982,2297.495,3.208,6.419
2024-01-01T00:03:51.000964,SOL,99.9639,99.9801,2.061,0.816
2024-01-01T00:03:51.250578,ETH,2296.3797,2296.7054,4.132,3.354
2024-01-01T00:03:51.500472,SOL,100.0122,100.0298,7.071,0.884
2024-01-01T00:03:51.750170,BTC,42007.98,42019.4897,0.603,10.836
2024-01-01T00:03:51.750170,SOL,100.0452,100.0554,0.625,27.297
2024-01-01T00:03:52.500215,SOL,100.0105,100.031,8.842,0.049
2024-01-01T00:03:52.750153,ETH,2296.2223,2296.495,3.068,0.498
2024-01-01T00:03:53.000353,ETH,2295.4714,2296.0778,10.128,4.391
2024-01-01T00:03:53.250260,ETH,2295.2526,2295.5815,0.982,4.147
2024-01-01T00:03:53.500392,BTC,42004.0843,42014.7714,4.485,1.623
2024-01-01T00:03:53.750802,BTC,42012.8445,42022.2137,0.774,3.226
2024-01-01T00:03:53.750802,ETH,2297.1857,2297.7864,2.77,3.19
2024-01-01T00:03:54.250904,ETH,2296.8439,2297.1392,2.875,2.914
2024-01-01T00:03:54.250904,SOL,99.9905,100.0029,11.501,5.279
2024-01-01T00:03:54.500886,SOL,99.8517,99.8805,2.41,0.986
2024-01-01T00:03:54.750010,BTC,41992.263,41999.4946,1.084,4.412
2024-01-01T00:03:55.500558,ETH,2296.6854,2296.9756,2.72,9.348
2024-01-01T00:03:55.500558,SOL,99.7752,99.796,20.493,1.079
2024-01-01T00:03:55.750017,BTC,41973.0569,41984.792,0.927,21.441
2024-01-01T00:03:56.000151,ETH,2294.8622,2295.3237,0.95,6.868
2024-01-01T00:03:56.000151,SOL,99.7717,99.7885,4.199,5.958
2024-01-01T00:03:56.250474,BTC,41988.4039,42000.3136,1.008,0.452
2024-01-01T00:03:56.750773,SOL,99.7289,99.7555,1.593,1.111
2024-01-01T00:03:57.000265,SOL,99.7144,99.7372,2.986,4.985
2024-01-01T00:03:57.250037,ETH,2292.2237,2292.6519,5.192,5.729
2024-01-01T00:03:57.250037,SOL,99.658,99.6873,4.01,6.796
2024-01-01T00:03:57.500525,SOL,99.6978,99.7152,2.373,4.438
2024-01-01T00:03:58.000366,BTC,42007.4923,42015.616,1.03,0.11
2024-01-01T00:03:58.250854,BTC,42003.6337,42011.8887,2.564,0.205
2024-01-01T00:03:58.250854,ETH,2290.8838,2291.5413,13.079,0.571
2024-01-01T00:03:58.250854,SOL,99.6526,99.6659,0.91,1.788
2024-01-01T00:03:58.500714,SOL,99.6259,99.6425,16.084,17.587
2024-01-01T00:03:58.750784,BTC,41994.1475,42002.2161,5.374,1.118
2024-01-01T00:03:58.750784,ETH,2291.8133,2292.1272,9.751,2.868
2024-01-01T00:03:58.750784,SOL,99.5645,99.5745,0.868,0.526
2024-01-01T00:03:59.250098,SOL,99.5382,99.5538,5.616,10.305
2024-01-01T00:03:59.500546,BTC,41966.1144,41975.234,1.253,4.689
2024-01-01T00:03:59.750769,ETH,2291.8969,2292.2646,0.487,2.423
2024-01-01T00:03:59.750769,SOL,99.5139,99.5334,1.512,15.507
2024-01-01T00:04:00.250012,BTC,41991.3878,41996.6685,3.536,5.797
2024-01-01T00:04:00.250012,SOL,99.5442,99.5642,7.593,6.224
2024-01-01T00:04:00.750153,BTC,41953.5935,41965.7467,6.148,1.491
2024-01-01T00:04:01.000040,BTC,41937.8268,41949.4801,5.798,1.454
2024-01-01T00:04:01.000040,ETH,2291.8355,2292.4403,3.913,0.985
2024-01-01T00:04:01.000040,SOL,99.5177,99.5395,2.21,0.186
2024-01-01T00:04:01.250254,BTC,41960.5926,41969.2792,0.674,0.781
2024-01-01T00:04:01.750741,SOL,99.5789,99.5973,0.113,15.015
2024-01-01T00:04:02.500447,BTC,41947.6572,41957.6324,1.027,3.481
2024-01-01T00:04:02.500447,ETH,2292.4684,2293.0563,5.353,1.606
2024-01-01T00:04:02.750099,BTC,41950.8341,41955.1811,1.962,0.329
2024-01-01T00:04:03.000336,SOL,99.5847,99.6117,3.455,3.799
2024-01-01T00:04:03.250399,BTC,41942.1324,41946.5976,9.563,17.167
2024-01-01T00:04:03.250399,SOL,99.6284,99.6442,1.894,5.612
2024-01-01T00:04:03.500360,SOL,99.6202,99.645,22.868,2.352
2024-01-01T00:04:03.750387,ETH,2293.0816,2293.5727,0.984,0.867
2024-01-01T00:04:04.500879,ETH,2295.8008,2296.455,0.854,10.331
2024-01-01T00:04:04.500879,SOL,99.6536,99.6767,5.75,0.517
2024-01-01T00:04:04.750428,SOL,99.5947,99.617,34.107,4.576
2024-01-01T00:04:05.000968,BTC,41931.8372,41941.2771,5.766,15.167
2024-01-01T00:04:05.000968,SOL,99.5765,99.6047,3.06,6.42
2024-01-01T00:04:05.250483,ETH,2295.4461,2295.7707,3.092,1.405
2024-01-01T00:04:05.750250,ETH,2297.3635,2297.6081,5.649,10.089
2024-01-01T00:04:06.500733,SOL,99.6183,99.6398,7.842,6.401
2024-01-01T00:04:06.750672,BTC,41907.4808,41919.3253,7.937,1.179
2024-01-01T00:04:06.750672,SOL,99.6175,99.6363,7.741,6.013
2024-01-01T00:04:07.000608,BTC,41924.7206,41930.0875,3.688,0.131
2024-01-01T00:04:07.000608,SOL,99.6079,99.624,6.243,5.593
2024-01-01T00:04:07.250824,ETH,2296.1203,2296.5264,5.063,0.142
2024-01-01T00:04:07.250824,SOL,99.5771,99.6014,6.841,27.756
2024-01-01T00:04:07.750387,ETH,2295.7285,2296.1993,0.964,11.372
2024-01-01T00:04:07.750387,SOL,99.5817,99.6072,7.786,5.249
2024-01-01T00:04:08.000470,ETH,2296.4099,2296.9824,8.543,7.748
2024-01-01T00:04:08.750958,SOL,99.5495,99.5613,1.054,8.88
2024-01-01T00:04:09.000062,BTC,41910.8302,41917.0665,7.171,3.244
2024-01-01T00:04:09.250307,SOL,99.5647,99.5838,0.002,7.024
2024-01-01T00:04:09.750544,BTC,41888.9665,41895.4622,4.119,1.847
2024-01-01T00:04:10.000997,ETH,2296.6496,2296.9227,9.904,2.096
2024-01-01T00:04:10.500584,ETH,2295.2102,2295.6217,0.942,0.86
2024-01-01T00:04:10.500584,SOL,99.5185,99.5403,2.697,6.482
2024-01-01T00:04:10.750269,ETH,2295.1604,2295.4565,2.03,2.184
2024-01-01T00:04:11.000402,SOL,99.4856,99.5118,1.13,5.424
2024-01-01T00:04:11.500220,ETH,2295.3733,2295.637,0.874,6.416
2024-01-01T00:04:11.750969,BTC,41872.5372,41884.3376,3.338,1.644
2024-01-01T00:04:12.000113,ETH,2293.9864,2294.6642,6.592,8.695
2024-01-01T00:04:12.250575,BTC,41873.8041,41884.381,1.51,3.786
2024-01-01T00:04:12.250575,ETH,2295.2299,2295.8139,0.352,7.707
2024-01-01T00:04:12.250575,SOL,99.5415,99.5604,10.796,1.018
2024-01-01T00:04:12.750143,BTC,41846.3468,41853.9701,2.523,3.331
2024-01-01T00:04:13.000809,ETH,2295.718,2295.9899,4.086,0.596
2024-01-01T00:04:13.500283,SOL,99.5506,99.5642,4.281,3.026
2024-01-01T00:04:13.750757,ETH,2295.4566,2296.0665,0.095,1.276
2024-01-01T00:04:13.750757,SOL,99.5482,99.5626,5.613,1.977
2024-01-01T00:04:14.000681,BTC,41860.8964,41872.5625,6.275,4.3
2024-01-01T00:04:14.000681,ETH,2293.6925,2294.0634,0.532,3.812
2024-01-01T00:04:14.000681,SOL,99.5754,99.5867,10.223,13.188
2024-01-01T00:04:14.250206,BTC,41873.9815,41881.7229,1.581,13.768
2024-01-01T00:04:14.500854,ETH,2294.6569,2294.9776,7.37,4.461
2024-01-01T00:04:15.000767,ETH,2294.9818,2295.253,3.535,3.25
2024-01-01T00:04:15.500307,BTC,41865.0384,41876.0099,10.435,0.08
2024-01-01T00:04:15.500307,SOL,99.5126,99.5394,0.976,0.047
2024-01-01T00:04:15.750143,ETH,2295.4463,2295.9793,2.324,2.68
2024-01-01T00:04:15.750143,SOL,99.4362,99.4648,16.805,6.773
2024-01-01T00:04:16.250636,BTC,41867.8284,41879.4594,0.174,10.28
2024-01-01T00:04:16.250636,ETH,2294.7054,2295.1079,4.563,3.724
2024-01-01T00:04:16.250636,SOL,99.4496,99.4792,0.596,3.228
2024-01-01T00:04:16.500876,SOL,99.4442,99.4636,11.49,1.484
2024-01-01T00:04:17.000200,BTC,41840.7884,41846.1661,5.382,6.797
2024-01-01T00:04:17.000200,ETH,2294.4972,2295.009,1.437,1.443
2024-01-01T00:04:17.000200,SOL,99.4322,99.4539,3.638,21.968
2024-01-01T00:04:17.250921,BTC,41821.5565,41829.2693,5.412,4.33
2024-01-01T00:04:17.250921,ETH,2295.3793,2295.6308,1.103,1.006
2024-01-01T00:04:17.250921,SOL,99.4083,99.4341,0.883,1.947
2024-01-01T00:04:17.750464,ETH,2294.8907,2295.5443,2.057,11.153
2024-01-01T00:04:18.000562,ETH,2296.4676,2297.0564,2.78,0.129
2024-01-01T00:04:18.000562,SOL,99.489,99.5013,6.236,0.675
2024-01-01T00:04:18.250463,ETH,2296.1785,2296.8063,3.513,2.534
2024-01-01T00:04:18.500860,ETH,2296.1604,2296.7482,4.138,3.781
2024-01-01T00:04:19.000964,ETH,2295.2075,2295.4594,17.393,2.561
2024-01-01T00:04:19.250487,SOL,99.5292,99.5583,0.305,2.641
2024-01-01T00:04:19.500842,BTC,41808.5407,41820.8517,18.744,19.163
2024-01-01T00:04:19.500842,ETH,2294.0892,2294.4327,2.157,1.283
2024-01-01T00:04:19.500842,SOL,99.5607,99.5787,6.473,4.409
2024-01-01T00:04:19.750210,SOL,99.5271,99.5502,1.775,0.667
2024-01-01T00:04:20.000465,BTC,41795.2858,41806.8248,7.017,6.365
2024-01-01T00:04:20.250172,SOL,99.638,99.66,4.57,2.251
2024-01-01T00:04:20.750926,BTC,41831.891,41840.3237,2.721,9.048
2024-01-01T00:04:20.750926,ETH,2295.4284,2295.7694,3.416,4.471
2024-01-01T00:04:20.750926,SOL,99.6791,99.7046,6.164,4.113
2024-01-01T00:04:21.500355,SOL,99.6215,99.6463,2.826,11.934
2024-01-01T00:04:21.750185,BTC,41848.0517,41860.1555,0.52,12.671
2024-01-01T00:04:21.750185,SOL,99.6344,99.6638,1.43,2.953
2024-01-01T00:04:22.250771,BTC,41834.6244,41845.6323,9.313,9.712
2024-01-01T00:04:22.500848,BTC,41842.59,41850.1731,4.862,5.101
2024-01-01T00:04:22.500848,ETH,2295.0824,2295.7049,3.322,2.055
2024-01-01T00:04:22.750172,BTC,41857.3866,41869.1823,6.024,4.11
2024-01-01T00:04:23.000092,SOL,99.6747,99.6914,2.183,0.714
2024-01-01T00:04:23.500041,BTC,41890.602,41895.0121,1.271,5.939
2024-01-01T00:04:23.750303,BTC,41934.1091,41938.477,4.737,9.099
2024-01-01T00:04:24.000594,SOL,99.6811,99.707,2.822,2.267
2024-01-01T00:04:24.250240,BTC,41917.4298,41924.6157,15.861,0.722
2024-01-01T00:04:24.750737,BTC,41901.8868,41912.9594,1.268,1.568
2024-01-01T00:04:25.000459,ETH,2292.722,2293.2641,0.338,6.345
2024-01-01T00:04:25.500317,ETH,2290.966,2291.6287,0.779,3.878
2024-01-01T00:04:25.500317,SOL,99.6544,99.6645,4.703,6.226
2024-01-01T00:04:25.750122,ETH,2291.8785,2292.4624,22.825,9.032
2024-01-01T00:04:25.750122,SOL,99.7582,99.7701,2.584,6.035
2024-01-01T00:04:26.000824,ETH,2291.7468,2292.1388,6.142,10.562
2024-01-01T00:04:26.000824,SOL,99.7701,99.7881,1.285,21.215
2024-01-01T00:04:26.250347,ETH,2290.5062,2290.779,0.009,21.042
2024-01-01T00:04:26.500383,ETH,2289.8982,2290.4116,1.003,1.232
2024-01-01T00:04:27.250298,BTC,41895.4832,41901.0757,0.525,1.073
2024-01-01T00:04:27.500851,ETH,2288.7971,2289.2798,2.065,2.276
2024-01-01T00:04:27.750413,BTC,41938.6166,41946.8409,9.277,5.389
2024-01-01T00:04:27.750413,SOL,99.8084,99.8315,12.145,4.139
2024-01-01T00:04:28.000534,ETH,2288.452,2288.7715,14.434,2.778
2024-01-01T00:04:28.000534,SOL,99.8541,99.8645,0.551,4.119
2024-01-01T00:04:28.250313,ETH,2288.183,2288.7923,1.042,0.467
2024-01-01T00:04:28.750756,SOL,99.8398,99.8541,3.055,1.027
2024-01-01T00:04:29.000327,BTC,41941.2266,41950.7938,0.079,12.761
2024-01-01T00:04:29.000327,SOL,99.8656,99.8804,8.4,8.898
2024-01-01T00:04:29.750935,BTC,41935.8026,41943.4661,1.629,11.567
2024-01-01T00:04:30.250757,BTC,41918.5009,41928.4024,13.341,2.539
2024-01-01T00:04:30.250757,ETH,2287.9492,2288.2326,8.655,10.772
2024-01-01T00:04:30.500130,ETH,2287.7007,2288.107,0.437,5.915
2024-01-01T00:04:30.750787,BTC,41946.7308,41952.5112,1.181,1.913
2024-01-01T00:04:31.000358,ETH,2287.07,2287.4726,14.67,3.522
2024-01-01T00:04:31.250738,ETH,2287.0594,2287.5428,0.774,16.646
2024-01-01T00:04:31.500173,ETH,2288.1023,2288.7437,5.765,0.03
2024-01-01T00:04:31.750780,ETH,2286.9,2287.5575,5.175,1.66
2024-01-01T00:04:32.250465,ETH,2285.3505,2285.8703,0.958,17.113
2024-01-01T00:04:32.500021,ETH,2283.7109,2284.3284,21.906,0.668
2024-01-01T00:04:32.500021,SOL,99.9079,99.926,10.755,3.086
2024-01-01T00:04:32.750975,ETH,2282.6801,2283.0024,1.223,1.06
2024-01-01T00:04:33.250402,BTC,41963.0327,41968.1412,5.281,1.786
2024-01-01T00:04:33.250402,SOL,99.9207,99.9339,2.425,3.644
2024-01-01T00:04:33.500453,BTC,41983.4387,41989.371,4.19,0.946
2024-01-01T00:04:33.750820,BTC,41964.6398,41976.1232,0.7,13.387
2024-01-01T00:04:34.000692,BTC,41977.9949,41982.7417,0.108,12.639
2024-01-01T00:04:34.000692,ETH,2284.4321,2284.8236,6.805,15.845
2024-01-01T00:04:34.000692,SOL,99.9656,99.9881,1.895,11.744
2024-01-01T00:04:34.250346,ETH,2282.6618,2282.9595,2.682,3.8
2024-01-01T00:04:34.250346,SOL,99.9338,99.9548,3.17,20.463
2024-01-01T00:04:34.500925,BTC,42005.1093,42016.9495,0.511,0.201
2024-01-01T00:04:34.750837,SOL,99.9974,100.0172,5.57,2.107
2024-01-01T00:04:35.250684,BTC,41996.3076,42007.1674,7.722,2.19
2024-01-01T00:04:35.500373,ETH,2282.0107,2282.4765,12.38,3.363
2024-01-01T00:04:35.500373,SOL,100.0002,100.0192,2.837,0.206
2024-01-01T00:04:35.750777,ETH,2282.9017,2283.1444,10.28,13.055
2024-01-01T00:04:35.750777,SOL,99.9588,99.9827,1.575,2.351
2024-01-01T00:04:36.250565,BTC,42001.5637,42008.1302,0.435,2.988
2024-01-01T00:04:36.500023,ETH,2283.662,2283.9607,8.084,7.545
2024-01-01T00:04:36.500023,SOL,99.9831,99.9933,8.225,10.207
2024-01-01T00:04:36.750159,SOL,99.9546,99.9657,0.747,12.505
2024-01-01T00:04:37.000190,BTC,41978.8467,41991.034,0.019,7.841
2024-01-01T00:04:37.000190,ETH,2284.2814,2284.7517,3.232,1.099
2024-01-01T00:04:37.500899,SOL,99.9701,99.9838,1.939,24.129
2024-01-01T00:04:37.750650,SOL,99.9693,99.9841,0.035,11.062
2024-01-01T00:04:38.250012,ETH,2285.0663,2285.6475,12.295,5.988
2024-01-01T00:04:38.750320,ETH,2285.8196,2286.2355,10.6,1.961
2024-01-01T00:04:39.000889,ETH,2286.972,2287.5441,2.72,0.124
2024-01-01T00:04:39.000889,SOL,100.0242,100.0422,0.07,7.836
2024-01-01T00:04:39.250176,BTC,41977.3426,41989.4845,1.223,0.083
2024-01-01T00:04:39.250176,ETH,2287.4534,2287.7546,8.853,9.614
2024-01-01T00:04:39.250176,SOL,100.0666,100.0887,3.457,2.856
2024-01-01T00:04:39.500499,ETH,2286.6879,2287.0241,14.353,8.139
2024-01-01T00:04:39.500499,SOL,100.0744,100.0905,0.863,4.977
2024-01-01T00:04:40.000131,ETH,2285.7958,2286.1201,1.974,1.329
2024-01-01T00:04:40.000131,SOL,100.0819,100.1102,17.973,7.728
2024-01-01T00:04:40.500933,BTC,41967.5658,41978.6438,3.353,3.172
2024-01-01T00:04:40.500933,SOL,100.0699,100.0897,4.614,11.078
2024-01-01T00:04:40.750272,BTC,41959.3189,41969.9775,6.222,2.261
2024-01-01T00:04:40.750272,SOL,100.088,100.1052,4.847,4.126
2024-01-01T00:04:41.000979,BTC,41983.0773,41991.7797,8.69,5.19
2024-01-01T00:04:41.250199,ETH,2285.6427,2286.0432,6.031,9.576
2024-01-01T00:04:41.250199,SOL,100.0824,100.1053,2.736,2.299
2024-01-01T00:04:41.500151,ETH,2285.839,2286.2707,1.885,13.815
2024-01-01T00:04:41.500151,SOL,100.0572,100.079,1.949,0.086
2024-01-01T00:04:41.750145,BTC,41973.7734,41984.0204,3.994,4.956
2024-01-01T00:04:42.000582,BTC,41946.9894,41957.1726,3.433,13.083
2024-01-01T00:04:42.000582,ETH,2285.7956,2286.0988,6.256,0.482
2024-01-01T00:04:42.250410,SOL,100.0911,100.1101,0.612,12.119
2024-01-01T00:04:42.500245,BTC,41919.502,41929.4257,0.123,5.149
2024-01-01T00:04:42.750327,BTC,41923.2226,41927.5766,7.252,3.389
2024-01-01T00:04:42.750327,SOL,100.0301,100.0519,1.171,4.37
2024-01-01T00:04:43.000376,SOL,99.9945,100.0098,2.344,2.459
2024-01-01T00:04:43.250772,ETH,2284.8557,2285.2032,0.634,1.68
2024-01-01T00:04:43.500189,BTC,41913.3355,41925.3503,1.151,7.131
2024-01-01T00:04:43.500189,ETH,2285.0397,2285.5835,1.206,4.498
2024-01-01T00:04:43.750235,ETH,2284.3626,2284.69,0.998,2.032
2024-01-01T00:04:44.000468,ETH,2284.2449,2284.698,4.114,1.68
2024-01-01T00:04:44.250631,BTC,41921.259,41925.8708,0.056,1.603
2024-01-01T00:04:44.500381,BTC,41919.7257,41927.4185,0.113,7.358
2024-01-01T00:04:44.500381,ETH,2283.9862,2284.62,8.061,1.145
2024-01-01T00:04:44.750031,ETH,2286.2652,2286.5453,6.451,3.037
2024-01-01T00:04:45.000023,SOL,99.9879,100.0078,8.873,2.659
2024-01-01T00:04:45.500207,ETH,2285.9858,2286.4193,0.01,5.252
2024-01-01T00:04:45.750974,SOL,100.0172,100.0436,3.933,2.336
2024-01-01T00:04:46.000743,SOL,100.0416,100.0596,3.151,2.134
2024-01-01T00:04:46.500946,SOL,100.0828,100.11,4.905,4.566
2024-01-01T00:04:47.000405,BTC,41925.008,41932.7143,0.593,3.48
2024-01-01T00:04:47.000405,SOL,100.0972,100.1139,0.622,6.581
2024-01-01T00:04:47.750733,BTC,41949.542,41960.3965,3.511,0.57
2024-01-01T00:04:47.750733,ETH,2286.6428,2287.0572,8.721,3.904
2024-01-01T00:04:47.750733,SOL,100.0902,100.1026,1.027,7.482
2024-01-01T00:04:48.000432,ETH,2285.9641,2286.3641,1.81,4.828
2024-01-01T00:04:48.750389,BTC,41941.9758,41950.2597,11.816,3.221
2024-01-01T00:04:48.750389,ETH,2285.6056,2286.2559,3.032,6.913
2024-01-01T00:04:49.000875,ETH,2284.2296,2284.7705,4.5,5.623
2024-01-01T00:04:49.000875,SOL,100.0754,100.1014,3.836,6.443
2024-01-01T00:04:49.250120,SOL,100.1315,100.1474,2.013,0.581
2024-01-01T00:04:49.500857,BTC,41929.78,41937.2216,6.823,5.305
2024-01-01T00:04:49.500857,SOL,100.1292,100.1565,4.38,3.4
2024-01-01T00:04:49.750827,ETH,2285.132,2285.7932,4.136,2.882
2024-01-01T00:04:50.000650,ETH,2286.4008,2286.829,6.054,0.346
2024-01-01T00:04:50.250249,ETH,2286.973,2287.5058,2.954,28.304
2024-01-01T00:04:50.250249,SOL,100.1815,100.1928,7.803,1.026
2024-01-01T00:04:50.500573,BTC,41932.4459,41942.9021,2.477,2.325
2024-01-01T00:04:50.500573,ETH,2287.7441,2288.2129,1.545,3.781
2024-01-01T00:04:50.750249,ETH,2286.8102,2287.0842,2.454,5.017
2024-01-01T00:04:51.250423,ETH,2286.9377,2287.2865,0.308,2.827
2024-01-01T00:04:51.500400,ETH,2287.6543,2288.3175,3.562,2.609
2024-01-01T00:04:51.750533,BTC,41921.8156,41932.4911,2.835,0.157
2024-01-01T00:04:51.750533,ETH,2287.2273,2287.636,3.123,8.22
2024-01-01T00:04:51.750533,SOL,100.1469,100.1677,1.981,1.842
2024-01-01T00:04:52.500257,SOL,100.1817,100.1965,1.061,17.939
2024-01-01T00:04:52.750343,ETH,2286.861,2287.2835,5.381,7.312
2024-01-01T00:04:52.750343,SOL,100.1814,100.2052,2.243,3.913
2024-01-01T00:04:53.000817,ETH,2286.0339,2286.593,1.723,1.419
2024-01-01T00:04:53.250908,ETH,2285.3462,2285.8345,3.855,0.791
2024-01-01T00:04:53.250908,SOL,100.1817,100.2111,8.386,20.635
2024-01-01T00:04:53.750272,BTC,41879.9587,41889.1337,3.235,2.446
2024-01-01T00:04:54.000802,BTC,41900.1361,41910.554,2.752,0.204
2024-01-01T00:04:54.000802,ETH,2287.2307,2287.7887,1.672,1.377
2024-01-01T00:04:54.250950,ETH,2288.8869,2289.3694,1.904,1.241
2024-01-01T00:04:54.500631,BTC,41912.3196,41921.6599,18.265,8.292
2024-01-01T00:04:54.500631,ETH,2289.9285,2290.3437,1.386,4.703
2024-01-01T00:04:54.750003,BTC,41904.4502,41913.6678,2.445,1.2
2024-01-01T00:04:55.000389,BTC,41924.3558,41934.9645,1.148,5.594
2024-01-01T00:04:55.000389,SOL,100.1473,100.1662,1.15,0.78
2024-01-01T00:04:55.250172,ETH,2289.8857,2290.3003,1.43,1.717
2024-01-01T00:04:56.000490,BTC,41929.6844,41938.2152,3.785,1.089
2024-01-01T00:04:56.000490,ETH,2291.0097,2291.5628,0.864,4.778
2024-01-01T00:04:56.000490,SOL,100.1199,100.1329,0.764,2.863
2024-01-01T00:04:56.250190,BTC,41928.5123,41935.3187,3.675,1.319
2024-01-01T00:04:56.500561,ETH,2293.3587,2293.8645,0.401,7.41
2024-01-01T00:04:57.000008,BTC,41933.7082,41939.3427,1.59,8.391
2024-01-01T00:04:57.000008,SOL,100.0429,100.0577,4.695,2.288
2024-01-01T00:04:57.250473,BTC,41939.9668,41945.6303,0.582,1.427
2024-01-01T00:04:58.000417,BTC,41946.0166,41950.5169,0.381,26.214
2024-01-01T00:04:58.000417,ETH,2292.9184,2293.5624,2.411,1.78
2024-01-01T00:04:58.000417,SOL,100.0513,100.0703,4.463,7.11
2024-01-01T00:04:58.250812,BTC,41917.5476,41923.7896,0.083,1.288
2024-01-01T00:04:58.500474,BTC,41930.1429,41935.5567,5.109,0.534
2024-01-01T00:04:59.000490,BTC,41926.2045,41933.177,1.858,3.533
2024-01-01T00:04:59.250342,SOL,100.031,100.0498,3.342,7.212
2024-01-01T00:04:59.500579,ETH,2292.8865,2293.494,2.004,6.264
2024-01-01T00:04:59.750780,ETH,2292.2894,2292.6079,4.212,2.703
2024-01-01T00:04:59.750780,SOL,100.1236,100.1446,1.473,12.389
2024-01-01T00:05:00.000271,ETH,2292.655,2293.1928,0.607,5.534
2024-01-01T00:05:00.000271,SOL,100.1096,100.1342,2.327,3.164
2024-01-01T00:05:00.750231,ETH,2293.3072,2293.9827,23.73,0.263
2024-01-01T00:05:01.000843,BTC,41921.4317,41927.4992,7.65,10.633
2024-01-01T00:05:01.250422,ETH,2293.8967,2294.3469,13.184,0.343
2024-01-01T00:05:02.000293,BTC,41923.8683,41934.8079,2.048,4.556
2024-01-01T00:05:02.000293,SOL,100.0307,100.0594,7.889,5.976
2024-01-01T00:05:02.250052,BTC,41942.0065,41947.6906,0.716,20.583
2024-01-01T00:05:02.500041,BTC,41935.7485,41948.3002,0.43,0.202
2024-01-01T00:05:02.750298,SOL,100.0511,100.0732,1.505,5.157
2024-01-01T00:05:03.000098,ETH,2293.3157,2293.6198,3.2,3.012
2024-01-01T00:05:03.000098,SOL,100.0732,100.0963,8.427,2.706
2024-01-01T00:05:03.250813,ETH,2293.3479,2293.6485,0.414,4.43
2024-01-01T00:05:03.250813,SOL,100.1017,100.1132,7.356,5.819
2024-01-01T00:05:03.750309,SOL,100.1768,100.1919,1.032,3.442
2024-01-01T00:05:04.250674,BTC,41942.5233,41954.3989,4.18,6.017
2024-01-01T00:05:04.500905,BTC,41925.6434,41932.1663,1.13,0.995
2024-01-01T00:05:04.500905,ETH,2293.1564,2293.6678,2.056,0.552
2024-01-01T00:05:04.750151,BTC,41909.8237,41918.2483,3.784,11.018
2024-01-01T00:05:05.000819,BTC,41884.9118,41897.1787,4.47,1.714
2024-01-01T00:05:05.000819,SOL,100.0909,100.1021,8.847,2.7
2024-01-01T00:05:05.250905,ETH,2291.8977,2292.3978,2.983,1.785
2024-01-01T00:05:05.250905,SOL,100.1001,100.1152,1.542,3.783
2024-01-01T00:05:05.500406,BTC,41924.7694,41929.3626,0.396,8.13
2024-01-01T00:05:05.500406,SOL,100.1391,100.1645,7.756,7.325
2024-01-01T00:05:05.750508,SOL,100.0966,100.1113,22.677,4.113
2024-01-01T00:05:06.000558,ETH,2291.4035,2292.0595,6.566,0.926
2024-01-01T00:05:06.000558,SOL,100.0996,100.1129,2.78,6.531
2024-01-01T00:05:06.250783,SOL,100.1736,100.2008,0.017,1.369
2024-01-01T00:05:06.500813,ETH,2291.2409,2291.8206,2.059,3.47
2024-01-01T00:05:06.750492,ETH,2291.5348,2291.9418,1.049,14.497
2024-01-01T00:05:07.000992,ETH,2290.6069,2291.2095,3.827,3.257
2024-01-01T00:05:07.250442,BTC,41893.5333,41899.5024,1.054,5.074
2024-01-01T00:05:07.500506,ETH,2290.5786,2290.9767,11.511,0.185
2024-01-01T00:05:07.750346,SOL,100.2063,100.2276,0.619,0.73
2024-01-01T00:05:08.000564,SOL,100.1588,100.1852,1.737,9.783
2024-01-01T00:05:08.500998,ETH,2291.3111,2291.8665,10.182,13.398
2024-01-01T00:05:08.750097,ETH,2291.3499,2291.6357,4.295,4.364
2024-01-01T00:05:09.250565,ETH,2291.5934,2291.9754,6.756,0.736
2024-01-01T00:05:09.500109,BTC,41886.8119,41895.9514,4.118,7.902
2024-01-01T00:05:10.000896,BTC,41896.5322,41902.2937,3.966,0.306
2024-01-01T00:05:11.000728,BTC,41865.2812,41877.8271,6.83,6.57
2024-01-01T00:05:11.000728,ETH,2291.9996,2292.4923,5.276,6.316
2024-01-01T00:05:11.000728,SOL,100.2654,100.2775,1.155,0.78
2024-01-01T00:05:11.250804,BTC,41836.6151,41843.9683,3.658,1.608
2024-01-01T00:05:12.000144,BTC,41871.2743,41876.9445,7.328,3.205
2024-01-01T00:05:12.000144,ETH,2291.3325,2291.6644,1.121,9.97
2024-01-01T00:05:12.250491,BTC,41872.2476,41884.0137,0.086,1.336
2024-01-01T00:05:12.250491,ETH,2292.2075,2292.865,0.582,6.387
2024-01-01T00:05:13.000187,ETH,2291.8539,2292.5226,1.983,5.85
2024-01-01T00:05:13.250313,SOL,100.1976,100.2196,4.151,0.505
2024-01-01T00:05:13.750504,BTC,41890.6191,41902.832,0.083,0.397
2024-01-01T00:05:13.750504,ETH,2291.7341,2292.1774,3.828,6.709
2024-01-01T00:05:14.000219,BTC,41896.8952,41901.8968,1.482,12.518
2024-01-01T00:05:14.250095,BTC,41894.6293,41905.5687,7.829,3.849
2024-01-01T00:05:14.750589,BTC,41904.6135,41912.3842,2.146,2.207
2024-01-01T00:05:14.750589,SOL,100.1981,100.2113,6.687,6.592
2024-01-01T00:05:15.000214,BTC,41915.3398,41922.0048,0.316,2.984
2024-01-01T00:05:15.000214,ETH,2291.5338,2291.931,7.065,7.158
2024-01-01T00:05:15.250853,ETH,2290.0785,2290.4791,3.807,5.767
2024-01-01T00:05:15.250853,SOL,100.2007,100.2138,0.574,1.302
2024-01-01T00:05:16.000580,BTC,41903.1761,41911.1306,0.945,9.061
2024-01-01T00:05:16.000580,ETH,2288.3399,2288.9342,9.028,1.092
2024-01-01T00:05:16.250093,ETH,2287.0685,2287.6176,14.935,0.6
2024-01-01T00:05:16.500755,SOL,100.233,100.2446,3.872,0.436
2024-01-01T00:05:16.750095,BTC,41887.3501,41894.3214,0.732,0.982
2024-01-01T00:05:17.000651,BTC,41897.8173,41905.545,5.024,0.418
2024-01-01T00:05:17.500085,BTC,41910.9201,41921.4626,8.251,4.408
2024-01-01T00:05:17.500085,ETH,2287.3826,2287.7814,7.743,6.901
2024-01-01T00:05:17.750320,SOL,100.1769,100.2032,4.586,4.295
2024-01-01T00:05:18.000502,ETH,2287.6658,2288.179,0.217,2.386
2024-01-01T00:05:18.250353,ETH,2287.0469,2287.4484,0.656,2.663
2024-01-01T00:05:19.250062,BTC,41920.6514,41928.128,9.006,0.663
2024-01-01T00:05:19.500971,ETH,2287.225,2287.5424,6.332,1.039
2024-01-01T00:05:19.750689,BTC,41913.392,41920.058,0.937,4.236
2024-01-01T00:05:19.750689,SOL,100.13,100.1449,2.722,6.311
2024-01-01T00:05:20.000742,ETH,2287.8396,2288.2798,0.208,2.473
2024-01-01T00:05:20.500699,BTC,41910.7099,41916.5079,10.03,6.533
2024-01-01T00:05:21.000377,BTC,41901.4548,41912.6055,1.611,6.464
2024-01-01T00:05:21.750825,BTC,41885.3674,41890.3485,4.58,3.735
2024-01-01T00:05:22.000607,BTC,41876.756,41882.0722,5.165,37.47
2024-01-01T00:05:22.000607,ETH,2286.9653,2287.2324,6.932,7.164
2024-01-01T00:05:22.500010,ETH,2287.3601,2287.742,2.681,3.99
2024-01-01T00:05:22.750652,ETH,2286.0851,2286.7614,0.637,6.451
2024-01-01T00:05:22.750652,SOL,100.1086,100.126,7.853,0.719
2024-01-01T00:05:23.500621,ETH,2285.8089,2286.1633,2.06,0.399
2024-01-01T00:05:23.500621,SOL,100.1094,100.122,3.84,14.123
2024-01-01T00:05:23.750811,BTC,41848.142,41856.4486,2.517,2.858
2024-01-01T00:05:23.750811,ETH,2285.6847,2285.9721,7.578,0.091
2024-01-01T00:05:24.250074,BTC,41839.2691,41849.6897,0.527,0.965
2024-01-01T00:05:24.500187,SOL,100.12,100.1352,6.925,0.206
2024-01-01T00:05:24.750917,SOL,100.1676,100.1824,9.933,12.193
2024-01-01T00:05:25.000541,BTC,41852.5261,41859.8451,6.434,0.274
2024-01-01T00:05:25.250724,BTC,41856.3726,41862.981,4.268,13.664
2024-01-01T00:05:26.250393,ETH,2284.8376,2285.4191,10.917,4.214
2024-01-01T00:05:26.500911,BTC,41851.2296,41856.9632,7.578,8.556
2024-01-01T00:05:26.500911,ETH,2285.7991,2286.2836,13.865,2.62
2024-01-01T00:05:27.000221,BTC,41844.7711,41856.8495,6.444,3.67
2024-01-01T00:05:27.250972,SOL,100.1404,100.1637,19.976,11.627
2024-01-01T00:05:27.500444,BTC,41860.6045,41869.3899,9.451,0.796
2024-01-01T00:05:27.750802,ETH,2284.4623,2284.7897,4.125,8.271
2024-01-01T00:05:28.000321,SOL,100.078,100.0934,3.899,1.376
2024-01-01T00:05:28.500770,BTC,41893.8147,41901.6433,2.477,10.824
2024-01-01T00:05:28.500770,SOL,100.0772,100.1006,8.418,2.039
2024-01-01T00:05:28.750874,BTC,41910.7063,41915.3669,5.225,0.417
2024-01-01T00:05:28.750874,ETH,2284.0449,2284.6103,0.279,2.619
2024-01-01T00:05:29.000596,SOL,100.1121,100.1341,2.478,0.3
2024-01-01T00:05:29.250906,BTC,41898.2416,41905.8109,9.939,5.564
2024-01-01T00:05:29.250906,ETH,2283.6367,2284.2636,6.455,8.744
2024-01-01T00:05:29.750546,BTC,41893.3503,41905.6712,1.106,3.024
2024-01-01T00:05:29.750546,SOL,100.1485,100.1678,13.098,3.12
2024-01-01T00:05:30.000920,ETH,2283.3318,2283.6347,2.389,1.235
2024-01-01T00:05:30.250325,BTC,41874.108,41881.1851,0.646,1.231
2024-01-01T00:05:30.250325,ETH,2283.3897,2283.6405,16.252,9.996
2024-01-01T00:05:30.250325,SOL,100.1055,100.135,0.496,1.611
2024-01-01T00:05:30.750926,SOL,100.1443,100.1546,0.881,0.484
2024-01-01T00:05:31.000840,ETH,2283.5637,2284.2368,0.941,3.95
2024-01-01T00:05:31.500117,SOL,100.1876,100.2022,6.937,16.065
2024-01-01T00:05:32.000921,ETH,2284.0148,2284.2442,3.889,0.441
2024-01-01T00:05:32.000921,SOL,100.1467,100.1693,1.987,0.867
2024-01-01T00:05:32.500750,BTC,41852.3603,41857.1548,4.227,1.983
2024-01-01T00:05:32.500750,SOL,100.0705,100.0923,7.405,1.563
2024-01-01T00:05:32.750623,SOL,100.1365,100.1625,15.121,5.885
2024-01-01T00:05:33.250133,BTC,41834.1465,41843.3979,9.358,4.705
2024-01-01T00:05:33.250133,ETH,2284.6007,2285.1153,3.542,16.408
2024-01-01T00:05:33.250133,SOL,100.1566,100.1797,0.481,12.862
2024-01-01T00:05:33.500557,ETH,2284.8979,2285.1383,4.78,1.607
2024-01-01T00:05:34.250767,BTC,41809.7016,41819.263,1.915,3.716
2024-01-01T00:05:34.250767,ETH,2284.4168,2284.6689,1.569,0.152
2024-01-01T00:05:34.750764,BTC,41802.1071,41809.4192,1.446,13.608
2024-01-01T00:05:35.000301,BTC,41801.688,41811.5839,6.723,9.378
2024-01-01T00:05:35.250923,ETH,2286.6407,2286.9446,0.415,5.705
2024-01-01T00:05:35.500954,ETH,2287.1781,2287.5915,4.447,10.137
2024-01-01T00:05:35.750378,BTC,41819.9763,41831.3566,14.032,0.561
2024-01-01T00:05:36.000572,BTC,41798.6857,41809.329,1.694,1.517
2024-01-01T00:05:36.250613,SOL,100.1119,100.1387,1.18,1.838
2024-01-01T00:05:36.500464,BTC,41806.2786,41812.2707,0.953,4.83
2024-01-01T00:05:36.750324,BTC,41793.2402,41805.4439,1.545,9.374
2024-01-01T00:05:36.750324,SOL,100.0873,100.1096,14.78,0.651
2024-01-01T00:05:37.000484,SOL,100.1249,100.1422,1.339,3.61
2024-01-01T00:05:37.250785,BTC,41800.5943,41807.5412,8.28,8.288
2024-01-01T00:05:37.250785,ETH,2287.6199,2287.9971,7.412,3.531
2024-01-01T00:05:38.250340,BTC,41803.5208,41808.0308,0.848,1.832
2024-01-01T00:05:38.250340,SOL,100.1243,100.1391,5.145,8.738
2024-01-01T00:05:38.500118,ETH,2288.5201,2288.7645,1.141,5.012
2024-01-01T00:05:38.500118,SOL,100.127,100.139,1.807,9.523
2024-01-01T00:05:39.000959,BTC,41779.2453,41787.1094,14.925,5.152
2024-01-01T00:05:39.000959,ETH,2288.8547,2289.2513,3.621,6.711
2024-01-01T00:05:39.250981,BTC,41784.1664,41794.2591,8.244,0.559
2024-01-01T00:05:39.500660,BTC,41815.8947,41822.6265,0.486,2.367
2024-01-01T00:05:39.500660,ETH,2289.6115,2290.0526,0.123,0.902
2024-01-01T00:05:39.750921,ETH,2290.7253,2291.4004,4.128,1.544
2024-01-01T00:05:39.750921,SOL,100.1173,100.1301,0.473,8.482
2024-01-01T00:05:40.750948,BTC,41814.5433,41820.2455,0.843,15.527
2024-01-01T00:05:40.750948,ETH,2290.4475,2290.7227,2.785,1.98
2024-01-01T00:05:40.750948,SOL,100.1285,100.1446,4.028,0.777
2024-01-01T00:05:41.000332,ETH,2288.708,2289.0299,4.059,1.841
2024-01-01T00:05:41.250754,ETH,2287.755,2288.1637,1.419,0.099
2024-01-01T00:05:41.750881,ETH,2287.0469,2287.5482,7.13,12.077
2024-01-01T00:05:41.750881,SOL,100.1763,100.2005,8.505,0.744
2024-01-01T00:05:42.000968,ETH,2287.7444,2288.0183,7.881,2.53
2024-01-01T00:05:42.250177,BTC,41789.2804,41793.8313,7.156,3.356
2024-01-01T00:05:42.500448,BTC,41793.2455,41803.3185,2.328,3.611
2024-01-01T00:05:42.500448,SOL,100.2388,100.2656,6.944,30.05
2024-01-01T00:05:42.750206,BTC,41806.7306,41814.1549,0.428,4.251
2024-01-01T00:05:42.750206,ETH,2287.5691,2288.0084,2.13,10.272
2024-01-01T00:05:43.250024,BTC,41808.9807,41820.4201,3.581,0.292
2024-01-01T00:05:43.500623,ETH,2288.3395,2288.6374,0.823,1.161
2024-01-01T00:05:43.750676,BTC,41831.3308,41841.1492,0.616,2.411
2024-01-01T00:05:44.000448,SOL,100.2871,100.3086,2.823,2.057
2024-01-01T00:05:44.250676,BTC,41818.4195,41825.1232,3.68,0.81
2024-01-01T00:05:44.250676,ETH,2287.2551,2287.5251,0.115,4.087
2024-01-01T00:05:44.500880,BTC,41794.906,41800.3408,1.689,0.689
2024-01-01T00:05:44.750738,SOL,100.1857,100.2144,6.288,4.207
2024-01-01T00:05:45.000797,ETH,2289.2242,2289.5075,1.611,2.757
2024-01-01T00:05:45.000797,SOL,100.2519,100.2693,1.833,12.886
2024-01-01T00:05:45.250027,BTC,41819.4344,41824.9228,0.759,3.287
2024-01-01T00:05:45.250027,SOL,100.2839,100.2973,4.83,2.927
2024-01-01T00:05:45.500087,ETH,2289.252,2289.6098,5.25,11.569
2024-01-01T00:05:45.500087,SOL,100.2976,100.3249,8.795,5.767
2024-01-01T00:05:45.750227,ETH,2289.3908,2289.7861,11.774,15.685
2024-01-01T00:05:46.000433,ETH,2289.4334,2289.8652,5.652,31.173
2024-01-01T00:05:46.250252,BTC,41821.6382,41832.5976,3.097,0.014
2024-01-01T00:05:46.250252,SOL,100.2799,100.3061,6.672,2.66
2024-01-01T00:05:46.500460,ETH,2289.9906,2290.469,3.637,8.366
2024-01-01T00:05:46.750031,ETH,2290.938,2291.4001,2.626,0.536
2024-01-01T00:05:47.000294,ETH,2290.5033,2290.8125,6.088,0.126
2024-01-01T00:05:47.000294,SOL,100.3512,100.3719,3.755,2.195
2024-01-01T00:05:47.250439,ETH,2289.5492,2290.2361,8.139,7.503
2024-01-01T00:05:47.250439,SOL,100.3348,100.3611,13.963,12.753
2024-01-01T00:05:47.500910,ETH,2288.6273,2289.2365,6.011,3.222
2024-01-01T00:05:48.000038,BTC,41811.8863,41821.5468,4.404,3.925
2024-01-01T00:05:48.000038,ETH,2288.2842,2288.9057,4.986,1.571
2024-01-01T00:05:48.000038,SOL,100.2692,100.295,0.216,4.715
2024-01-01T00:05:48.750833,SOL,100.1737,100.1934,4.232,1.427
2024-01-01T00:05:49.000780,BTC,41817.7584,41823.4712,6.677,17.062
2024-01-01T00:05:49.500219,SOL,100.1883,100.2015,5.473,0.139
2024-01-01T00:05:49.750642,BTC,41817.9539,41829.2431,11.611,3.946
2024-01-01T00:05:49.750642,ETH,2287.3692,2287.8794,3.597,3.511
2024-01-01T00:05:50.000918,BTC,41836.4681,41848.8201,16.42,6.564
2024-01-01T00:05:50.250834,ETH,2286.954,2287.2377,14.669,10.747
2024-01-01T00:05:50.500450,SOL,100.1845,100.195,3.884,2.713
2024-01-01T00:05:50.750682,BTC,41856.6346,41864.0042,0.445,4.528
2024-01-01T00:05:50.750682,ETH,2285.3098,2285.9456,5.61,4.463
2024-01-01T00:05:51.500433,BTC,41838.3804,41847.1829,1.426,3.342
2024-01-01T00:05:51.500433,SOL,100.1982,100.2227,2.185,7.549
2024-01-01T00:05:52.250958,ETH,2286.66,2286.9355,0.768,19.876
2024-01-01T00:05:52.500416,BTC,41839.9674,41848.7272,0.002,17.157
2024-01-01T00:05:52.750233,ETH,2286.4009,2287.0826,6.99,2.946
2024-01-01T00:05:53.000064,BTC,41861.0499,41865.8546,33.269,0.599
2024-01-01T00:05:53.250655,SOL,100.2111,100.239,2.091,19.82
2024-01-01T00:05:53.750768,BTC,41886.7629,41892.1637,0.665,0.512
2024-01-01T00:05:53.750768,ETH,2286.8847,2287.1264,4.188,2.571
2024-01-01T00:05:54.500806,BTC,41898.975,41905.901,1.021,2.509
2024-01-01T00:05:54.500806,ETH,2285.559,2286.0698,12.334,6.001
2024-01-01T00:05:54.750319,ETH,2286.1296,2286.7664,0.473,2.08
2024-01-01T00:05:54.750319,SOL,100.2035,100.2258,6.408,5.69
2024-01-01T00:05:55.000369,BTC,41889.602,41901.5736,10.998,0.228
2024-01-01T00:05:55.250568,ETH,2285.0876,2285.3736,3.615,1.505
2024-01-01T00:05:55.250568,SOL,100.2382,100.258,0.252,4.508
2024-01-01T00:05:55.500308,SOL,100.3642,100.388,1.601,11.667
2024-01-01T00:05:55.750628,ETH,2283.3461,2283.9349,1.52,0.072
2024-01-01T00:05:55.750628,SOL,100.3296,100.3548,2.077,11.15
2024-01-01T00:05:56.250435,BTC,41897.2681,41908.6409,2.306,8.021
2024-01-01T00:05:56.250435,SOL,100.2823,100.2934,2.525,2.032
2024-01-01T00:05:57.000399,BTC,41913.2507,41918.1051,1.649,20.52
2024-01-01T00:05:57.250061,BTC,41930.2943,41935.3962,4.443,20.081
2024-01-01T00:05:57.250061,SOL,100.2539,100.2655,4.312,10.706
2024-01-01T00:05:57.500953,SOL,100.2916,100.3032,6.555,12.599
2024-01-01T00:05:58.000545,BTC,41954.738,41963.5839,18.191,5.047
2024-01-01T00:05:58.000545,ETH,2282.7148,2282.9995,4.076,6.955
2024-01-01T00:05:58.250770,ETH,2282.458,2283.1176,1.468,5.29
2024-01-01T00:05:58.500890,BTC,41959.048,41971.1714,0.837,6.24
2024-01-01T00:05:59.000211,BTC,41956.1979,41962.8566,5.129,6.779
2024-01-01T00:05:59.000211,ETH,2283.3698,2283.7715,0.93,0.378
2024-01-01T00:05:59.500395,ETH,2282.4332,2282.9898,3.496,0.782
2024-01-01T00:05:59.500395,SOL,100.34,100.3503,9.754,9.947
2024-01-01T00:05:59.750758,BTC,41928.8461,41933.6189,10.302,2.904
2024-01-01T00:05:59.750758,SOL,100.3349,100.3521,1.518,0.275
2024-01-01T00:06:00.000839,ETH,2283.8192,2284.323,1.226,6.097
2024-01-01T00:06:00.000839,SOL,100.3042,100.3303,5.536,1.378
2024-01-01T00:06:00.500637,SOL,100.2413,100.2691,5.866,0.314
2024-01-01T00:06:00.750322,SOL,100.2496,100.2769,21.524,3.888
2024-01-01T00:06:01.000727,BTC,41958.4166,41964.8603,11.746,8.908
2024-01-01T00:06:01.000727,SOL,100.2314,100.261,21.11,5.387
2024-01-01T00:06:01.250401,SOL,100.2247,100.2521,12.895,6.219
2024-01-01T00:06:01.500217,BTC,41981.8536,41986.1771,1.307,10.989
2024-01-01T00:06:02.000193,ETH,2284.9074,2285.5551,1.341,4.026
2024-01-01T00:06:02.500563,ETH,2285.7404,2286.3494,7.806,0.177
2024-01-01T00:06:02.750186,BTC,41961.8248,41972.8821,1.635,1.998
2024-01-01T00:06:02.750186,SOL,100.2392,100.2579,11.36,2.471
2024-01-01T00:06:03.000075,BTC,41959.5857,41969.2149,12.393,1.777
2024-01-01T00:06:03.000075,SOL,100.2603,100.2723,4.761,12.781
2024-01-01T00:06:03.500567,BTC,41940.4652,41949.1419,4.19,4.862
2024-01-01T00:06:04.250918,ETH,2286.2182,2286.6442,6.046,22.22
2024-01-01T00:06:04.500572,ETH,2286.1478,2286.8235,4.029,0.029
2024-01-01T00:06:05.000092,ETH,2285.0669,2285.3395,5.589,9.003
2024-01-01T00:06:05.000092,SOL,100.2132,100.2354,4.485,14.064
2024-01-01T00:06:05.250181,BTC,41925.3216,41933.81,0.387,0.274
2024-01-01T00:06:05.500938,BTC,41912.4827,41923.5768,2.128,1.738
2024-01-01T00:06:05.750865,SOL,100.1344,100.1454,5.0,1.239
2024-01-01T00:06:06.000350,SOL,100.0838,100.1108,3.174,0.978
2024-01-01T00:06:06.250573,SOL,100.0252,100.0535,3.636,0.877
2024-01-01T00:06:06.500463,BTC,41917.5828,41922.9171,2.721,2.467
2024-01-01T00:06:06.750060,SOL,100.0631,100.0732,0.98,3.116
2024-01-01T00:06:07.000835,SOL,100.0852,100.1025,14.688,9.91
2024-01-01T00:06:07.250840,ETH,2285.8922,2286.2643,0.074,15.731
2024-01-01T00:06:07.500088,ETH,2286.2191,2286.7731,6.005,1.287
2024-01-01T00:06:07.750423,SOL,100.0767,100.1021,2.667,6.597
2024-01-01T00:06:08.000812,SOL,100.1792,100.2,1.199,7.36
2024-01-01T00:06:08.250036,BTC,41930.7843,41939.687,4.718,1.254
2024-01-01T00:06:08.500745,SOL,100.1859,100.2143,2.729,0.312
2024-01-01T00:06:08.750558,SOL,100.186,100.202,3.904,1.086
2024-01-01T00:06:09.000181,BTC,41919.6833,41925.7861,12.7,7.992
2024-01-01T00:06:09.000181,SOL,100.2191,100.238,2.938,1.62
2024-01-01T00:06:09.250360,BTC,41921.0493,41933.2997,0.869,4.157
2024-01-01T00:06:09.250360,ETH,2288.2773,2288.9192,1.962,0.217
2024-01-01T00:06:09.250360,SOL,100.2432,100.2538,23.083,0.536
2024-01-01T00:06:09.500973,BTC,41944.6939,41956.7875,0.498,21.445
2024-01-01T00:06:09.500973,SOL,100.2775,100.3016,0.921,0.12
2024-01-01T00:06:10.000000,ETH,2289.583,2290.2242,2.211,16.348
2024-01-01T00:06:10.500265,ETH,2288.7544,2289.1838,0.224,9.002
2024-01-01T00:06:10.500265,SOL,100.2704,100.2875,6.797,5.605
2024-01-01T00:06:10.750935,BTC,41942.4882,41952.9835,0.34,0.049
2024-01-01T00:06:11.000012,BTC,41951.207,41957.7303,0.674,0.16
2024-01-01T00:06:11.000012,ETH,2288.438,2288.9468,17.932,1.672
2024-01-01T00:06:11.000012,SOL,100.2756,100.3033,4.793,0.957
2024-01-01T00:06:11.250354,SOL,100.3383,100.3556,0.366,0.306
2024-01-01T00:06:11.750269,BTC,41946.1674,41954.3811,1.553,5.701
2024-01-01T00:06:12.250342,BTC,41935.5103,41941.5324,5.01,8.814
2024-01-01T00:06:12.250342,ETH,2289.0231,2289.3004,3.853,1.015
2024-01-01T00:06:12.500808,BTC,41928.6931,41935.6625,0.5,0.077
2024-01-01T00:06:12.750047,SOL,100.3913,100.4031,2.493,1.242
2024-01-01T00:06:13.000949,BTC,41955.8259,41967.5448,2.036,18.5
2024-01-01T00:06:13.000949,ETH,2289.7067,2290.2975,3.916,1.952
2024-01-01T00:06:13.000949,SOL,100.3543,100.3678,6.677,7.372
2024-01-01T00:06:13.250404,BTC,41968.682,41978.5125,10.698,7.981
2024-01-01T00:06:13.250404,ETH,2289.6063,2290.0048,3.677,0.405
2024-01-01T00:06:13.500455,BTC,41980.738,41986.8311,6.97,0.031
2024-01-01T00:06:13.750676,BTC,41949.6179,41956.7715,12.061,7.701
2024-01-01T00:06:14.000444,BTC,41962.551,41971.2426,2.02,3.999
2024-01-01T00:06:14.250171,ETH,2290.0989,2290.7826,2.075,1.348
2024-01-01T00:06:14.500221,BTC,41986.9507,41992.4478,11.963,3.266
2024-01-01T00:06:14.750673,BTC,41982.4282,41990.9424,0.92,7.012
2024-01-01T00:06:14.750673,ETH,2289.0027,2289.4774,4.908,9.122
2024-01-01T00:06:15.000258,BTC,41976.0796,41982.6178,21.871,5.319
2024-01-01T00:06:15.250591,ETH,2290.0237,2290.2586,0.184,1.165
2024-01-01T00:06:15.250591,SOL,100.395,100.4077,6.31,3.446
2024-01-01T00:06:15.750907,BTC,41974.1438,41984.0692,8.711,2.111
2024-01-01T00:06:15.750907,ETH,2290.4437,2291.0522,3.052,2.199
2024-01-01T00:06:15.750907,SOL,100.3748,100.3863,0.116,0.883
2024-01-01T00:06:16.000425,SOL,100.3611,100.3901,4.362,15.594
2024-01-01T00:06:16.500581,BTC,42002.1792,42009.9066,0.07,0.287
2024-01-01T00:06:17.500230,ETH,2288.9038,2289.4094,0.915,1.052
2024-01-01T00:06:17.750854,BTC,42000.3621,42006.3807,2.646,0.739
2024-01-01T00:06:17.750854,ETH,2289.3874,2289.9161,5.944,1.55
2024-01-01T00:06:18.000651,SOL,100.3347,100.3576,6.443,11.899
2024-01-01T00:06:18.250673,ETH,2288.8381,2289.159,2.069,1.368
2024-01-01T00:06:18.750251,BTC,42006.9881,42017.9863,1.378,0.41
2024-01-01T00:06:19.000736,BTC,42036.2721,42047.7375,7.534,2.475
2024-01-01T00:06:19.250729,ETH,2289.0113,2289.5313,14.686,2.235
2024-01-01T00:06:19.500877,BTC,42002.4381,42009.8872,6.512,7.501
2024-01-01T00:06:19.750181,BTC,41986.0136,41997.8407,4.251,12.971
2024-01-01T00:06:19.750181,SOL,100.3739,100.3908,7.144,4.531
2024-01-01T00:06:20.000962,ETH,2288.5225,2289.1737,0.068,10.206
2024-01-01T00:06:20.000962,SOL,100.376,100.4017,4.44,0.632
2024-01-01T00:06:20.500253,SOL,100.3958,100.4141,5.362,3.062
2024-01-01T00:06:20.750030,ETH,2287.5831,2288.2421,8.629,12.613
2024-01-01T00:06:20.750030,SOL,100.3647,100.3766,13.481,1.648
2024-01-01T00:06:21.250471,BTC,42001.884,42013.1768,5.256,5.677
2024-01-01T00:06:21.250471,ETH,2286.7869,2287.0272,3.765,7.964
2024-01-01T00:06:21.750003,BTC,41976.8243,41988.672,5.188,0.239
2024-01-01T00:06:22.000064,BTC,41992.186,42000.7461,20.702,0.185
2024-01-01T00:06:22.250867,SOL,100.3425,100.371,7.2,3.765
2024-01-01T00:06:22.500088,ETH,2287.3573,2287.7443,6.175,3.65
2024-01-01T00:06:22.750646,ETH,2287.889,2288.4469,16.96,2.171
2024-01-01T00:06:23.000240,BTC,42006.0227,42017.0691,1.286,4.785
2024-01-01T00:06:23.000240,SOL,100.3933,100.4204,5.875,8.81
2024-01-01T00:06:23.250227,ETH,2286.8556,2287.529,3.17,0.481
2024-01-01T00:06:23.250227,SOL,100.4169,100.4392,7.754,0.644
2024-01-01T00:06:23.500162,ETH,2287.4576,2287.8677,2.186,9.332
2024-01-01T00:06:23.750571,ETH,2287.5697,2287.8395,9.796,5.486
2024-01-01T00:06:24.250148,BTC,42018.078,42028.0866,0.829,15.212
2024-01-01T00:06:24.500157,BTC,42014.6084,42027.1339,9.762,4.174
2024-01-01T00:06:25.000650,SOL,100.4031,100.4152,1.348,3.323
2024-01-01T00:06:25.250877,ETH,2286.4885,2286.974,0.804,10.968
2024-01-01T00:06:25.750046,ETH,2287.1893,2287.4488,0.452,18.939
2024-01-01T00:06:25.750046,SOL,100.4465,100.472,5.593,2.002
2024-01-01T00:06:26.000583,ETH,2286.6258,2287.0181,1.022,3.242
2024-01-01T00:06:26.250015,BTC,42034.2126,42045.7053,3.427,0.731
2024-01-01T00:06:26.250015,ETH,2287.2021,2287.5423,6.302,11.819
2024-01-01T00:06:26.500464,SOL,100.4613,100.4812,3.307,0.416
2024-01-01T00:06:26.750788,BTC,42019.2014,42029.8306,3.084,2.071
2024-01-01T00:06:27.250316,BTC,42026.238,42035.5068,4.971,2.408
2024-01-01T00:06:27.250316,ETH,2285.6604,2286.1533,2.039,1.327
2024-01-01T00:06:27.250316,SOL,100.4553,100.4771,2.169,0.119
2024-01-01T00:06:27.750728,BTC,42054.9055,42063.0167,1.828,3.935
2024-01-01T00:06:28.000316,ETH,2287.4878,2288.0326,0.172,9.756
2024-01-01T00:06:28.250038,ETH,2287.0132,2287.4543,0.412,10.716
2024-01-01T00:06:28.500389,BTC,42060.8005,42066.7389,5.933,4.502
2024-01-01T00:06:28.500389,ETH,2286.764,2287.0664,2.668,1.156
2024-01-01T00:06:28.750628,BTC,42067.5484,42076.1691,9.484,9.178
2024-01-01T00:06:28.750628,SOL,100.4347,100.4643,7.006,10.384
2024-01-01T00:06:29.000299,ETH,2286.2071,2286.4691,11.35,4.734
2024-01-01T00:06:29.500588,ETH,2284.719,2285.248,4.12,0.79
2024-01-01T00:06:29.750957,BTC,42063.2522,42072.302,8.507,5.144
2024-01-01T00:06:29.750957,SOL,100.4921,100.5222,7.141,2.949
2024-01-01T00:06:30.000779,BTC,42101.1323,42108.0949,11.475,3.655
2024-01-01T00:06:30.250599,BTC,42103.271,42107.5671,1.796,4.181
2024-01-01T00:06:30.250599,SOL,100.4909,100.5015,11.377,10.383
2024-01-01T00:06:30.750596,BTC,42094.9435,42099.1727,14.06,17.677
2024-01-01T00:06:30.750596,ETH,2283.7814,2284.3322,4.021,1.048
2024-01-01T00:06:31.000074,BTC,42075.5807,42087.2374,1.759,1.014
2024-01-01T00:06:31.000074,ETH,2283.5598,2284.0945,0.729,9.759
2024-01-01T00:06:31.250416,BTC,42087.6213,42097.4145,6.262,2.687
2024-01-01T00:06:31.500028,BTC,42096.0149,42106.8895,22.36,5.265
2024-01-01T00:06:31.500028,SOL,100.4917,100.5049,8.167,0.47
2024-01-01T00:06:31.750498,SOL,100.3896,100.4038,1.918,0.843
2024-01-01T00:06:32.000810,ETH,2284.147,2284.5035,2.478,0.999
2024-01-01T00:06:32.250776,BTC,42077.3161,42083.2161,3.673,0.832
2024-01-01T00:06:32.250776,ETH,2284.8938,2285.3845,0.57,1.143
2024-01-01T00:06:33.000657,ETH,2284.9753,2285.4697,7.339,8.466
2024-01-01T00:06:33.000657,SOL,100.372,100.3979,0.239,3.885
2024-01-01T00:06:34.000507,BTC,42114.3935,42120.7992,0.56,7.724
2024-01-01T00:06:34.000507,SOL,100.3426,100.3634,12.66,0.837
2024-01-01T00:06:34.250644,BTC,42129.5956,42138.0712,13.378,0.992
2024-01-01T00:06:34.250644,ETH,2286.5644,2286.95,2.506,3.815
2024-01-01T00:06:34.750088,ETH,2286.1259,2286.513,5.83,2.689
2024-01-01T00:06:35.250612,BTC,42164.9287,42174.3515,5.928,0.981
2024-01-01T00:06:35.750021,ETH,2287.5983,2287.999,2.365,1.932
2024-01-01T00:06:36.250453,ETH,2288.1273,2288.6303,12.784,0.059
2024-01-01T00:06:36.500784,SOL,100.3014,100.3251,3.434,4.89
2024-01-01T00:06:36.750406,ETH,2289.2514,2289.6699,1.56,3.011
2024-01-01T00:06:36.750406,SOL,100.2607,100.2742,12.155,4.188
2024-01-01T00:06:37.000555,BTC,42168.0761,42177.8107,4.251,13.117
2024-01-01T00:06:37.000555,ETH,2288.873,2289.1345,12.889,15.511
2024-01-01T00:06:37.000555,SOL,100.2751,100.3004,6.039,2.573
2024-01-01T00:06:37.500782,ETH,2289.4241,2289.8886,5.197,4.006
2024-01-01T00:06:37.750041,BTC,42140.4337,42146.5399,9.674,0.332
2024-01-01T00:06:37.750041,ETH,2288.7061,2289.0045,14.954,0.949
2024-01-01T00:06:38.000445,SOL,100.2811,100.2977,4.063,0.301
2024-01-01T00:06:39.000741,BTC,42132.0345,42138.7441,0.994,4.715
2024-01-01T00:06:39.000741,SOL,100.2977,100.3091,1.673,4.73
2024-01-01T00:06:39.750284,SOL,100.3223,100.3471,0.101,1.238
2024-01-01T00:06:40.000419,BTC,42129.4018,42133.633,0.027,13.764
2024-01-01T00:06:40.250003,BTC,42119.7541,42124.3573,8.293,1.575
2024-01-01T00:06:40.250003,SOL,100.2827,100.3113,9.24,4.785
2024-01-01T00:06:40.750878,BTC,42136.7204,42148.0469,24.769,1.158
2024-01-01T00:06:41.500795,BTC,42148.263,42158.0748,7.83,1.123
2024-01-01T00:06:41.750191,SOL,100.2782,100.3071,6.664,6.025
2024-01-01T00:06:42.250595,BTC,42122.8101,42131.4263,9.7,8.389
2024-01-01T00:06:42.250595,ETH,2287.1114,2287.3984,4.666,15.678
2024-01-01T00:06:42.750691,BTC,42116.2932,42126.4149,2.365,5.953
2024-01-01T00:06:43.000849,BTC,42091.1722,42098.1066,1.142,4.795
2024-01-01T00:06:43.000849,SOL,100.2335,100.2561,0.045,2.938
2024-01-01T00:06:43.250139,SOL,100.1977,100.2201,2.75,22.311
2024-01-01T00:06:44.000282,BTC,42058.8849,42069.8383,9.386,0.597
2024-01-01T00:06:44.000282,ETH,2286.9419,2287.3803,14.387,2.103
2024-01-01T00:06:44.500527,ETH,2287.6501,2288.3304,0.896,0.751
2024-01-01T00:06:44.750616,SOL,100.2687,100.2831,4.063,3.879
2024-01-01T00:06:45.750890,ETH,2289.69,2290.0964,0.511,1.513
2024-01-01T00:06:46.500031,BTC,42037.2745,42047.7861,2.791,10.971
2024-01-01T00:06:46.500031,ETH,2290.2363,2290.9093,0.705,4.523
2024-01-01T00:06:46.750951,ETH,2289.8634,2290.523,2.373,7.742
2024-01-01T00:06:46.750951,SOL,100.232,100.2595,0.736,13.474
2024-01-01T00:06:47.000188,SOL,100.2792,100.302,5.393,2.895
2024-01-01T00:06:47.250398,BTC,42031.7822,42039.1162,1.261,2.873
2024-01-01T00:06:47.500500,ETH,2291.4725,2292.0357,1.231,0.909
2024-01-01T00:06:47.750674,BTC,42057.9046,42069.9289,7.551,1.351
2024-01-01T00:06:47.750674,ETH,2292.4212,2293.0953,3.413,2.772
2024-01-01T00:06:48.000632,BTC,42048.6017,42057.4677,0.937,4.391
2024-01-01T00:06:48.250415,BTC,42071.5793,42080.0143,3.359,4.772
2024-01-01T00:06:48.250415,ETH,2293.4709,2293.9924,2.257,4.573
2024-01-01T00:06:48.750761,SOL,100.2551,100.2767,6.059,19.556
2024-01-01T00:06:49.000266,BTC,42081.5217,42088.5361,3.35,3.821
2024-01-01T00:06:49.000266,ETH,2293.2077,2293.537,0.434,7.744
2024-01-01T00:06:49.000266,SOL,100.1957,100.2254,2.785,0.191
2024-01-01T00:06:49.250547,SOL,100.1295,100.1504,1.093,1.679
2024-01-01T00:06:49.500188,BTC,42090.8934,42098.8507,1.824,1.978
2024-01-01T00:06:49.750524,BTC,42094.6968,42103.2167,9.956,2.202
2024-01-01T00:06:49.750524,ETH,2293.0734,2293.343,3.262,6.78
2024-01-01T00:06:50.000954,BTC,42111.7772,42118.6032,1.178,2.521
2024-01-01T00:06:50.250994,ETH,2293.2376,2293.7402,2.08,1.293
2024-01-01T00:06:51.500530,ETH,2293.4076,2293.7028,2.909,4.383
2024-01-01T00:06:51.750866,ETH,2291.8223,2292.4635,3.101,13.034
2024-01-01T00:06:52.000268,SOL,100.0799,100.0999,10.351,3.702
2024-01-01T00:06:52.250535,BTC,42117.835,42122.2971,3.756,2.091
2024-01-01T00:06:52.500503,ETH,2292.4251,2293.0309,6.695,4.801
2024-01-01T00:06:53.000882,ETH,2292.8627,2293.38,5.35,6.823
2024-01-01T00:06:53.000882,SOL,100.043,100.0674,16.245,0.06
2024-01-01T00:06:53.250326,BTC,42113.2568,42123.7394,0.65,1.38
2024-01-01T00:06:53.250326,ETH,2292.6236,2293.2925,3.803,9.581
2024-01-01T00:06:53.250326,SOL,100.0279,100.0403,6.428,0.216
2024-01-01T00:06:53.500816,BTC,42102.6223,42111.0629,0.656,1.666
2024-01-01T00:06:54.000613,SOL,100.0619,100.0783,10.35,6.957
2024-01-01T00:06:54.750979,ETH,2292.7689,2293.2211,3.053,9.664
2024-01-01T00:06:55.000387,ETH,2292.8633,2293.4628,1.481,8.491
2024-01-01T00:06:55.000387,SOL,100.071,100.0989,4.884,5.963
2024-01-01T00:06:55.500271,BTC,42097.8685,42103.6692,4.107,0.006
2024-01-01T00:06:55.500271,ETH,2293.3258,2293.6762,3.334,1.169
2024-01-01T00:06:56.000813,BTC,42112.4972,42123.425,2.71,2.572
2024-01-01T00:06:56.250941,BTC,42117.4725,42123.1478,3.523,7.21
2024-01-01T00:06:56.250941,SOL,100.0355,100.0478,6.136,8.894
2024-01-01T00:06:56.500550,SOL,100.127,100.1409,5.133,2.765
2024-01-01T00:06:57.500239,BTC,42114.0958,42118.4247,1.446,1.323
2024-01-01T00:06:57.750429,ETH,2294.3736,2294.6642,1.536,0.913
2024-01-01T00:06:57.750429,SOL,100.1809,100.2032,6.44,2.201
2024-01-01T00:06:58.000007,BTC,42086.9285,42093.4903,0.099,6.143
2024-01-01T00:06:58.000007,SOL,100.184,100.214,1.373,4.002
2024-01-01T00:06:58.250316,BTC,42098.4933,42108.0447,0.78,6.945
2024-01-01T00:06:58.500762,SOL,100.0987,100.1255,7.886,1.026
2024-01-01T00:06:58.750689,BTC,42136.7662,42144.5135,0.571,8.814
2024-01-01T00:06:58.750689,SOL,100.0806,100.0986,5.928,0.931
2024-01-01T00:06:59.250556,ETH,2294.4642,2294.7376,1.395,2.029
2024-01-01T00:06:59.500091,BTC,42142.2148,42147.8763,0.491,1.142
2024-01-01T00:06:59.750122,BTC,42115.303,42126.4534,1.901,12.758
2024-01-01T00:07:00.000987,BTC,42126.8514,42133.6462,2.613,20.447
2024-01-01T00:07:00.000987,ETH,2293.5446,2293.9123,9.719,13.345
2024-01-01T00:07:00.250185,BTC,42103.4618,42108.8676,6.594,13.785
2024-01-01T00:07:00.500485,ETH,2292.6531,2293.1917,2.729,4.911
2024-01-01T00:07:00.500485,SOL,100.1061,100.1292,4.615,1.784
2024-01-01T00:07:01.000114,ETH,2293.3426,2293.8782,1.926,13.306
2024-01-01T00:07:01.500423,BTC,42072.2657,42084.1175,3.605,2.735
2024-01-01T00:07:01.500423,SOL,100.0856,100.1008,3.579,1.312
2024-01-01T00:07:01.750570,ETH,2294.0475,2294.6653,0.7,2.874
2024-01-01T00:07:02.250804,BTC,42077.9544,42084.1021,3.886,3.565
2024-01-01T00:07:02.750744,ETH,2296.2148,2296.4451,1.167,1.228
2024-01-01T00:07:02.750744,SOL,100.0932,100.109,6.264,2.582
2024-01-01T00:07:03.000113,SOL,100.026,100.0379,4.193,6.762
2024-01-01T00:07:03.250240,BTC,42060.9518,42069.3183,13.577,6.777
2024-01-01T00:07:03.500632,BTC,42091.5389,42098.5842,3.919,9.246
2024-01-01T00:07:03.750861,SOL,100.03,100.0419,9.01,15.298
2024-01-01T00:07:04.000325,BTC,42070.7919,42080.8422,2.0,0.763
2024-01-01T00:07:04.000325,SOL,99.9895,100.0122,8.172,5.464
2024-01-01T00:07:04.750932,BTC,42033.1373,42042.8281,3.601,4.537
2024-01-01T00:07:05.000543,BTC,42030.4879,42042.1508,3.435,5.837
2024-01-01T00:07:05.250421,BTC,42041.3942,42053.9727,0.088,1.745
2024-01-01T00:07:05.250421,ETH,2295.8408,2296.4247,15.021,4.011
2024-01-01T00:07:05.500960,BTC,42054.7697,42061.7292,4.156,1.69
2024-01-01T00:07:05.500960,SOL,100.0405,100.0625,1.236,1.536
2024-01-01T00:07:05.750055,BTC,42035.2844,42043.3415,0.15,6.426
2024-01-01T00:07:05.750055,ETH,2295.371,2296.0522,0.68,6.64
2024-01-01T00:07:06.000128,BTC,42067.7908,42078.0173,0.058,6.648
2024-01-01T00:07:06.000128,ETH,2294.1225,2294.7906,7.39,6.556
2024-01-01T00:07:06.000128,SOL,100.0287,100.0562,5.322,11.214
2024-01-01T00:07:06.250429,ETH,2294.3429,2294.9511,0.127,4.865
2024-01-01T00:07:06.250429,SOL,99.9652,99.9877,1.147,6.582
2024-01-01T00:07:06.500152,BTC,42069.4649,42076.615,16.234,0.434
2024-01-01T00:07:06.500152,SOL,100.0117,100.0382,5.516,1.012
2024-01-01T00:07:07.000409,ETH,2295.3395,2295.6042,13.059,10.573
2024-01-01T00:07:07.500592,BTC,42069.9694,42077.6502,13.489,8.207
2024-01-01T00:07:07.750320,ETH,2295.4408,2295.8114,2.717,6.715
2024-01-01T00:07:07.750320,SOL,100.0251,100.051,2.835,1.457
2024-01-01T00:07:08.000364,BTC,42075.2154,42081.5842,7.701,0.087
2024-01-01T00:07:08.500230,BTC,42060.7698,42072.3333,3.493,0.985
2024-01-01T00:07:08.750100,ETH,2295.0824,2295.3858,10.525,1.863
2024-01-01T00:07:08.750100,SOL,100.0327,100.06,0.63,2.566
2024-01-01T00:07:09.000761,SOL,100.0098,100.0341,5.134,3.518
2024-01-01T00:07:09.250715,BTC,42044.3322,42053.5176,4.637,15.846
2024-01-01T00:07:09.250715,ETH,2294.4002,2294.7664,13.806,8.391
2024-01-01T00:07:09.750949,BTC,42059.5139,42069.738,19.031,23.348
2024-01-01T00:07:09.750949,ETH,2294.2687,2294.7652,1.677,19.125
2024-01-01T00:07:10.000943,BTC,42068.9904,42076.8795,1.265,3.776
2024-01-01T00:07:10.000943,ETH,2294.6186,2295.2716,4.083,5.635
2024-01-01T00:07:10.250778,BTC,42070.2795,42077.9832,2.782,4.021
2024-01-01T00:07:10.500207,SOL,100.0314,100.0512,0.643,1.103
2024-01-01T00:07:10.750232,BTC,42087.1386,42092.2402,11.662,1.005
2024-01-01T00:07:10.750232,ETH,2293.8508,2294.4119,3.982,7.671
2024-01-01T00:07:11.000888,BTC,42086.6108,42098.1975,16.622,0.885
2024-01-01T00:07:11.500067,ETH,2293.3504,2293.9695,12.29,2.268
2024-01-01T00:07:11.750329,BTC,42101.9163,42108.6379,0.784,0.377
2024-01-01T00:07:11.750329,ETH,2294.1218,2294.4419,0.238,14.153
2024-01-01T00:07:12.000800,BTC,42115.4728,42125.5382,4.838,10.038
2024-01-01T00:07:12.000800,ETH,2292.807,2293.4286,3.5,1.245
2024-01-01T00:07:12.250833,BTC,42121.2543,42126.317,12.129,2.367
2024-01-01T00:07:12.750563,BTC,42117.6064,42121.8448,0.086,0.631
2024-01-01T00:07:13.000517,SOL,100.0296,100.0545,12.29,0.589
2024-01-01T00:07:13.250078,ETH,2293.8121,2294.0866,1.334,2.327
2024-01-01T00:07:13.500265,BTC,42129.0495,42139.6878,8.359,3.098
2024-01-01T00:07:13.750755,ETH,2292.6174,2293.2012,3.161,0.187
2024-01-01T00:07:13.750755,SOL,100.0127,100.0304,1.53,5.283
2024-01-01T00:07:14.250233,SOL,100.0135,100.0296,9.376,6.115
2024-01-01T00:07:14.500392,BTC,42115.028,42125.7314,2.508,3.755
2024-01-01T00:07:14.750046,ETH,2292.3765,2292.81,11.145,5.747
2024-01-01T00:07:15.000723,BTC,42099.9178,42112.2709,2.562,2.703
2024-01-01T00:07:15.750355,SOL,100.0693,100.0833,2.707,0.438
2024-01-01T00:07:16.000610,ETH,2292.9258,2293.4561,1.941,2.991
2024-01-01T00:07:16.250511,ETH,2292.9145,2293.5339,4.418,9.926
2024-01-01T00:07:16.500865,BTC,42104.7077,42115.9704,3.039,1.155
2024-01-01T00:07:16.500865,ETH,2293.9876,2294.2644,7.169,9.037
2024-01-01T00:07:16.750621,BTC,42090.3576,42095.0484,1.744,4.796
2024-01-01T00:07:16.750621,ETH,2293.9992,2294.3517,4.02,4.303
2024-01-01T00:07:17.000855,ETH,2294.4116,2294.6547,0.993,2.665
2024-01-01T00:07:17.250097,ETH,2293.8749,2294.2867,3.42,0.403
2024-01-01T00:07:17.250097,SOL,100.1028,100.1305,0.098,1.217
2024-01-01T00:07:17.750298,SOL,100.1283,100.1439,4.309,9.58
2024-01-01T00:07:18.000451,BTC,42083.2158,42095.6649,12.378,0.027
2024-01-01T00:07:18.250062,BTC,42103.802,42110.9585,6.519,8.508
2024-01-01T00:07:18.250062,ETH,2292.72,2293.0524,3.1,0.86
2024-01-01T00:07:18.250062,SOL,100.0827,100.11,0.872,4.25
2024-01-01T00:07:18.500227,BTC,42146.6118,42155.5749,2.804,0.67
2024-01-01T00:07:18.500227,SOL,100.1218,100.1352,9.939,4.026
2024-01-01T00:07:18.750210,SOL,100.1099,100.1309,1.793,0.014
2024-01-01T00:07:19.000372,ETH,2291.6888,2291.9384,0.051,6.274
2024-01-01T00:07:19.250790,BTC,42125.9709,42132.7056,8.406,4.834
2024-01-01T00:07:19.500160,BTC,42149.181,42155.0185,1.155,0.033
2024-01-01T00:07:19.750996,BTC,42125.7466,42138.2961,1.668,7.953
2024-01-01T00:07:19.750996,ETH,2290.5011,2291.122,4.348,8.387
2024-01-01T00:07:19.750996,SOL,100.1195,100.1446,1.409,10.403
2024-01-01T00:07:20.250660,BTC,42106.3414,42111.6162,16.895,1.57
2024-01-01T00:07:20.250660,ETH,2289.7498,2290.1314,4.562,1.878
2024-01-01T00:07:20.500057,BTC,42097.0777,42103.3315,3.43,1.104
2024-01-01T00:07:20.500057,ETH,2289.2441,2289.8881,2.422,4.523
2024-01-01T00:07:20.750923,SOL,100.1397,100.1586,6.07,0.526
2024-01-01T00:07:21.000739,SOL,100.1114,100.1397,1.451,0.543
2024-01-01T00:07:21.250718,BTC,42078.0345,42087.4679,0.642,8.268
2024-01-01T00:07:21.250718,ETH,2288.1293,2288.7607,11.634,1.895
2024-01-01T00:07:21.250718,SOL,100.0864,100.0997,0.56,2.183
2024-01-01T00:07:21.500339,ETH,2288.1027,2288.5979,0.555,1.357
2024-01-01T00:07:21.750939,ETH,2287.6046,2288.1104,0.678,5.895
2024-01-01T00:07:21.750939,SOL,100.1322,100.1469,8.536,4.948
2024-01-01T00:07:22.750681,BTC,42075.1929,42083.0473,0.295,3.667
2024-01-01T00:07:23.000756,ETH,2286.2115,2286.5019,7.769,0.091
2024-01-01T00:07:23.500382,BTC,42086.0419,42095.1807,0.924,0.866
2024-01-01T00:07:23.750814,ETH,2286.7756,2287.083,2.648,4.446
2024-01-01T00:07:23.750814,SOL,100.1117,100.122,9.522,0.929
2024-01-01T00:07:24.000944,BTC,42080.8806,42090.0891,7.757,4.65
2024-01-01T00:07:24.250408,BTC,42100.8846,42112.8308,11.121,8.802
2024-01-01T00:07:24.250408,ETH,2286.0644,2286.311,6.315,4.766
2024-01-01T00:07:24.250408,SOL,100.1089,100.1342,3.869,0.978
2024-01-01T00:07:24.500856,ETH,2288.1284,2288.7838,0.775,3.326
2024-01-01T00:07:24.750850,SOL,100.1395,100.1637,6.245,2.185
2024-01-01T00:07:25.000204,BTC,42128.5706,42138.3374,9.738,5.594
2024-01-01T00:07:25.250289,ETH,2289.0456,2289.7044,6.284,2.464
2024-01-01T00:07:25.750032,SOL,100.2109,100.2386,8.274,3.206
2024-01-01T00:07:26.250193,BTC,42123.4749,42133.5633,0.21,0.924
2024-01-01T00:07:26.250193,SOL,100.2199,100.2353,2.797,2.042
2024-01-01T00:07:26.500843,SOL,100.1896,100.2172,7.408,2.308
2024-01-01T00:07:27.000444,SOL,100.17,100.1868,10.842,3.286
2024-01-01T00:07:27.250178,BTC,42140.201,42150.536,1.336,7.576
2024-01-01T00:07:27.250178,SOL,100.1624,100.1822,5.214,2.643
2024-01-01T00:07:28.000134,ETH,2288.8754,2289.3577,8.281,16.716
2024-01-01T00:07:28.000134,SOL,100.1275,100.1497,0.171,0.308
2024-01-01T00:07:28.250946,ETH,2289.6168,2290.2017,1.841,0.209
2024-01-01T00:07:28.500020,BTC,42141.0482,42152.7001,0.169,11.484
2024-01-01T00:07:28.500020,ETH,2290.674,2291.0254,2.765,3.559
2024-01-01T00:07:28.750681,BTC,42149.2516,42160.1398,11.757,3.97
2024-01-01T00:07:29.250441,BTC,42133.1288,42141.5763,1.999,4.554
2024-01-01T00:07:29.750409,BTC,42149.3431,42158.9346,9.425,9.284
2024-01-01T00:07:29.750409,SOL,100.0694,100.0886,1.522,9.705
2024-01-01T00:07:30.000716,SOL,100.0535,100.0647,0.361,7.199
2024-01-01T00:07:30.750122,ETH,2290.9062,2291.5402,1.141,8.155
2024-01-01T00:07:31.000006,ETH,2290.969,2291.3318,0.153,6.329
2024-01-01T00:07:31.250995,ETH,2291.8925,2292.2715,5.809,5.105
2024-01-01T00:07:31.250995,SOL,100.0117,100.0412,2.986,25.484
2024-01-01T00:07:31.500065,SOL,100.0515,100.0815,1.32,12.178
2024-01-01T00:07:31.750284,ETH,2292.9348,2293.4752,6.743,3.136
2024-01-01T00:07:32.000949,BTC,42176.5791,42186.146,15.379,1.581
2024-01-01T00:07:32.000949,ETH,2293.7258,2294.3515,7.107,12.7
2024-01-01T00:07:32.250673,BTC,42161.8144,42173.199,3.577,1.992
2024-01-01T00:07:32.500305,BTC,42171.5226,42180.0689,3.876,3.645
2024-01-01T00:07:32.500305,SOL,100.0335,100.0625,3.996,5.267
2024-01-01T00:07:32.750852,BTC,42145.7793,42150.2486,9.508,3.059
2024-01-01T00:07:33.000662,ETH,2293.5454,2294.0224,2.749,4.487
2024-01-01T00:07:33.750903,BTC,42141.5855,42150.8144,4.974,1.016
2024-01-01T00:07:34.000083,BTC,42155.859,42166.2794,1.749,5.422
2024-01-01T00:07:34.000083,ETH,2293.0888,2293.5052,0.094,0.472
2024-01-01T00:07:34.250254,BTC,42142.9918,42151.8539,1.548,3.001
2024-01-01T00:07:34.500772,BTC,42135.708,42146.3685,5.851,0.215
2024-01-01T00:07:34.750376,ETH,2293.4722,2293.813,2.555,6.048
2024-01-01T00:07:35.250729,ETH,2294.1167,2294.521,8.22,4.636
2024-01-01T00:07:35.500075,BTC,42149.2485,42158.3662,4.184,3.314
2024-01-01T00:07:35.500075,SOL,100.0662,100.0884,2.447,0.906
2024-01-01T00:07:35.750634,BTC,42154.1324,42161.5845,2.539,16.981
2024-01-01T00:07:35.750634,SOL,100.0356,100.0574,11.022,4.592
2024-01-01T00:07:36.000602,SOL,100.0795,100.1045,6.636,10.018
2024-01-01T00:07:36.500176,BTC,42180.9445,42192.7164,8.386,0.503
2024-01-01T00:07:36.750030,BTC,42174.525,42179.3037,1.765,5.283
2024-01-01T00:07:37.000966,BTC,42179.3202,42189.1182,9.583,10.229
2024-01-01T00:07:37.000966,SOL,100.0215,100.0355,8.344,3.423
2024-01-01T00:07:37.250650,ETH,2293.3854,2293.7649,5.564,1.763
2024-01-01T00:07:37.500303,SOL,99.9938,100.0075,2.054,1.321
2024-01-01T00:07:38.250546,BTC,42199.691,42206.988,4.944,0.014
2024-01-01T00:07:38.500491,BTC,42198.5214,42209.1946,12.346,5.135
2024-01-01T00:07:38.750167,BTC,42223.7853,42232.0802,4.82,9.5
2024-01-01T00:07:38.750167,ETH,2293.1238,2293.4309,3.429,17.648
2024-01-01T00:07:39.000046,BTC,42210.4895,42221.7682,4.552,0.368
2024-01-01T00:07:39.000046,SOL,100.041,100.0569,1.016,1.74
2024-01-01T00:07:39.500886,BTC,42217.7172,42229.7342,10.808,5.885
2024-01-01T00:07:39.500886,ETH,2295.6441,2296.2307,4.686,7.719
2024-01-01T00:07:40.000607,BTC,42215.6391,42228.0659,0.189,8.409
2024-01-01T00:07:40.250328,ETH,2296.5364,2297.1339,2.491,2.277
2024-01-01T00:07:40.250328,SOL,99.9894,100.0158,0.013,1.678
2024-01-01T00:07:40.500913,ETH,2297.4467,2297.8035,0.093,7.159
2024-01-01T00:07:40.750182,BTC,42192.5244,42201.7113,2.502,0.874
2024-01-01T00:07:41.000567,SOL,99.9783,99.9972,3.888,0.822
2024-01-01T00:07:41.500350,ETH,2298.4275,2298.7953,9.486,3.497
2024-01-01T00:07:41.500350,SOL,100.0832,100.1086,2.828,0.218
2024-01-01T00:07:41.750619,ETH,2299.5892,2300.1483,4.575,4.774
2024-01-01T00:07:42.000906,ETH,2301.9361,2302.2582,9.695,0.785
2024-01-01T00:07:42.000906,SOL,100.0711,100.0879,0.241,0.89
2024-01-01T00:07:42.500018,BTC,42204.1298,42213.421,3.178,0.035
2024-01-01T00:07:42.500018,ETH,2301.6284,2302.193,15.92,0.292
2024-01-01T00:07:43.250417,BTC,42191.5554,42198.5321,7.114,2.357
2024-01-01T00:07:43.500928,SOL,100.0894,100.1003,2.519,2.846
2024-01-01T00:07:44.000011,SOL,100.0455,100.0703,5.096,0.773
2024-01-01T00:07:44.250622,BTC,42195.1121,42207.2894,7.073,4.202
2024-01-01T00:07:44.500992,ETH,2302.0884,2302.7639,2.145,8.43
2024-01-01T00:07:44.500992,SOL,100.0112,100.0409,4.465,0.737
2024-01-01T00:07:44.750765,SOL,100.086,100.0978,4.076,4.98
2024-01-01T00:07:45.250780,BTC,42208.17,42213.8083,7.904,2.318
2024-01-01T00:07:45.250780,SOL,100.0759,100.1021,0.541,2.724
2024-01-01T00:07:45.500554,ETH,2302.5632,2302.9877,12.724,0.081
2024-01-01T00:07:45.750383,ETH,2302.2045,2302.5408,6.47,15.093
2024-01-01T00:07:46.000055,BTC,42202.7253,42208.0343,1.476,0.39
2024-01-01T00:07:46.000055,ETH,2302.2767,2302.7107,1.542,6.183
2024-01-01T00:07:46.500471,BTC,42206.8559,42216.5053,3.719,4.285
2024-01-01T00:07:46.750219,ETH,2302.1721,2302.5105,10.648,6.25
2024-01-01T00:07:47.000405,ETH,2302.1842,2302.6347,3.213,6.566
2024-01-01T00:07:47.000405,SOL,100.1502,100.1603,5.142,4.147
2024-01-01T00:07:47.250617,ETH,2302.4339,2302.9895,5.997,1.196
2024-01-01T00:07:47.250617,SOL,100.1222,100.1522,2.595,1.499
2024-01-01T00:07:48.250589,BTC,42207.6799,42215.4745,1.047,7.16
2024-01-01T00:07:48.250589,ETH,2302.5508,2302.8448,16.289,3.412
2024-01-01T00:07:48.500494,BTC,42202.8529,42214.1879,5.857,0.678
2024-01-01T00:07:48.750637,BTC,42210.4664,42219.341,1.25,0.149
2024-01-01T00:07:48.750637,SOL,100.1128,100.138,24.735,6.45
2024-01-01T00:07:49.000131,ETH,2301.8453,2302.508,2.674,6.473
2024-01-01T00:07:49.000131,SOL,100.0392,100.0638,0.143,8.114
2024-01-01T00:07:49.250387,ETH,2303.1785,2303.6963,7.952,0.727
2024-01-01T00:07:49.500745,BTC,42220.6763,42230.6027,10.145,3.205
2024-01-01T00:07:49.750948,BTC,42211.5909,42223.6309,8.872,0.069
2024-01-01T00:07:50.000966,ETH,2302.8897,2303.3843,1.555,4.519
2024-01-01T00:07:50.000966,SOL,100.0494,100.0698,1.227,4.422
2024-01-01T00:07:50.750321,BTC,42207.4421,42217.2509,0.771,2.697
2024-01-01T00:07:50.750321,ETH,2304.3977,2304.6869,6.838,18.517
2024-01-01T00:07:51.250932,BTC,42192.6074,42199.6915,1.448,0.02
2024-01-01T00:07:51.250932,SOL,100.0112,100.0394,8.481,17.908
2024-01-01T00:07:51.500311,SOL,99.9797,99.9998,3.383,9.395
2024-01-01T00:07:51.750538,BTC,42201.2174,42213.5857,1.147,3.731
2024-01-01T00:07:52.000069,ETH,2304.1406,2304.5416,1.826,6.884
2024-01-01T00:07:52.250277,ETH,2302.9378,2303.3654,2.933,1.569
2024-01-01T00:07:52.500554,BTC,42224.9265,42236.906,0.837,2.512
2024-01-01T00:07:52.750101,ETH,2302.9628,2303.4002,3.532,15.088
2024-01-01T00:07:53.000408,BTC,42226.8813,42235.2729,0.526,16.916
2024-01-01T00:07:53.000408,SOL,99.9392,99.9649,2.68,3.785
2024-01-01T00:07:53.250699,BTC,42242.842,42249.2241,0.563,0.963
2024-01-01T00:07:53.250699,ETH,2303.4424,2303.7044,3.59,4.729
2024-01-01T00:07:53.250699,SOL,99.9692,99.9832,2.609,3.822
2024-01-01T00:07:53.750981,BTC,42212.804,42218.6634,10.681,1.771
2024-01-01T00:07:53.750981,ETH,2303.7557,2304.0141,0.231,5.916
2024-01-01T00:07:54.000228,BTC,42234.6116,42243.9779,10.304,6.866
2024-01-01T00:07:54.250496,SOL,99.9484,99.9695,0.58,2.252
2024-01-01T00:07:54.500539,BTC,42286.6386,42293.5554,0.216,1.145
2024-01-01T00:07:54.500539,SOL,99.8338,99.8552,3.448,5.097
2024-01-01T00:07:55.000442,BTC,42282.0733,42292.368,1.445,0.796
2024-01-01T00:07:55.250543,ETH,2303.4302,2303.6687,1.061,1.871
2024-01-01T00:07:55.750930,ETH,2305.0559,2305.5174,7.025,0.691
2024-01-01T00:07:56.000405,ETH,2304.5319,2305.0605,1.241,17.715
2024-01-01T00:07:56.250561,ETH,2304.3423,2304.7844,9.121,1.73
2024-01-01T00:07:56.250561,SOL,99.8654,99.8755,2.578,9.271
2024-01-01T00:07:56.750782,BTC,42281.5841,42290.3871,0.81,7.547
2024-01-01T00:07:57.000561,ETH,2304.237,2304.6858,2.992,3.492
2024-01-01T00:07:57.250233,ETH,2303.5413,2304.0981,7.962,19.197
2024-01-01T00:07:57.250233,SOL,99.8744,99.8971,0.286,10.972
2024-01-01T00:07:57.500477,SOL,99.8312,99.8452,3.72,22.474
2024-01-01T00:07:58.000616,BTC,42265.5123,42278.0888,7.18,4.933
2024-01-01T00:07:58.000616,SOL,99.8094,99.8296,2.647,3.724
2024-01-01T00:07:58.250982,BTC,42261.8704,42268.107,2.547,0.576
2024-01-01T00:07:58.250982,ETH,2303.558,2304.1799,6.701,3.961
2024-01-01T00:07:58.250982,SOL,99.861,99.8818,5.158,9.398
2024-01-01T00:07:58.750397,SOL,99.8355,99.8572,1.239,7.556
2024-01-01T00:07:59.000147,ETH,2303.3763,2303.912,9.47,5.414
2024-01-01T00:07:59.250502,BTC,42286.8671,42295.4186,2.67,3.655
2024-01-01T00:07:59.250502,ETH,2304.1966,2304.7453,0.067,3.336
2024-01-01T00:07:59.250502,SOL,99.8338,99.8472,8.184,11.453
2024-01-01T00:07:59.500330,BTC,42268.5247,42279.2422,2.899,11.773
2024-01-01T00:07:59.750756,BTC,42251.7432,42258.283,8.635,1.529
2024-01-01T00:07:59.750756,SOL,99.8395,99.8672,15.077,5.269
2024-01-01T00:08:00.000770,BTC,42254.7765,42260.9193,5.223,1.948
2024-01-01T00:08:00.000770,ETH,2303.5002,2304.1611,3.816,0.388
2024-01-01T00:08:00.500436,SOL,99.8105,99.8388,22.866,8.557
2024-01-01T00:08:00.750876,ETH,2301.5995,2302.112,3.267,7.102
2024-01-01T00:08:00.750876,SOL,99.8574,99.8698,4.365,3.448
2024-01-01T00:08:01.000939,BTC,42274.1722,42284.0025,1.33,3.557
2024-01-01T00:08:01.000939,SOL,99.8212,99.8424,0.465,4.096
2024-01-01T00:08:01.250677,BTC,42292.2265,42298.3731,1.784,2.357
2024-01-01T00:08:01.500253,ETH,2303.0979,2303.5432,1.162,1.724
2024-01-01T00:08:01.750180,SOL,99.8729,99.8882,13.433,13.232
2024-01-01T00:08:02.000013,ETH,2303.6924,2304.2289,2.592,4.013
2024-01-01T00:08:02.250101,BTC,42293.0357,42302.9135,2.444,11.007
2024-01-01T00:08:02.250101,ETH,2301.9651,2302.4543,5.921,8.326
2024-01-01T00:08:02.750789,SOL,99.8772,99.9017,4.399,6.139
2024-01-01T00:08:03.250423,SOL,99.871,99.9,0.163,7.886
2024-01-01T00:08:03.500136,ETH,2301.665,2302.3094,1.171,2.879
2024-01-01T00:08:03.500136,SOL,99.8703,99.8887,2.216,6.742
2024-01-01T00:08:03.750335,BTC,42284.9417,42290.1879,1.739,4.796
2024-01-01T00:08:04.000929,ETH,2303.2779,2303.881,8.398,0.583
2024-01-01T00:08:04.250223,BTC,42258.0537,42268.4933,5.148,11.204
2024-01-01T00:08:04.500449,SOL,99.8386,99.8529,9.771,7.871
2024-01-01T00:08:04.750331,BTC,42272.846,42279.9761,6.521,19.262
2024-01-01T00:08:04.750331,SOL,99.8987,99.9224,10.397,2.549
2024-01-01T00:08:05.000546,ETH,2302.7391,2303.0769,1.456,2.241
2024-01-01T00:08:05.250849,BTC,42275.2309,42282.4825,0.608,5.965
2024-01-01T00:08:05.500137,ETH,2301.7867,2302.0605,1.08,5.993
2024-01-01T00:08:05.750988,BTC,42275.9294,42282.7958,4.365,1.962
2024-01-01T00:08:05.750988,ETH,2300.7293,2301.038,0.548,8.052
2024-01-01T00:08:06.000099,BTC,42282.9445,42292.8516,4.983,1.929
2024-01-01T00:08:06.000099,ETH,2300.33,2300.8556,5.273,0.012
2024-01-01T00:08:06.500413,BTC,42286.5871,42292.3781,0.279,15.963
2024-01-01T00:08:06.500413,ETH,2298.9438,2299.5921,0.095,1.976
2024-01-01T00:08:06.500413,SOL,99.822,99.8468,0.504,7.762
2024-01-01T00:08:06.750322,BTC,42277.1993,42282.6252,0.502,9.828
2024-01-01T00:08:06.750322,ETH,2300.0682,2300.6888,3.663,0.689
2024-01-01T00:08:06.750322,SOL,99.8551,99.8825,4.423,1.018
2024-01-01T00:08:07.000381,ETH,2300.2697,2300.8049,4.759,0.237
2024-01-01T00:08:07.000381,SOL,99.8646,99.8791,0.958,1.002
2024-01-01T00:08:07.250996,BTC,42284.5892,42290.6336,1.394,4.553
2024-01-01T00:08:07.250996,SOL,99.8682,99.8861,7.403,1.769
2024-01-01T00:08:07.500812,BTC,42294.9855,42301.4462,3.587,2.805
2024-01-01T00:08:08.000586,ETH,2299.671,2300.0872,7.445,2.037
2024-01-01T00:08:08.250379,ETH,2299.7693,2300.2237,11.376,16.15
2024-01-01T00:08:08.250379,SOL,99.854,99.8823,2.693,0.556
2024-01-01T00:08:08.500378,BTC,42289.7926,42297.442,4.357,2.317
2024-01-01T00:08:08.500378,SOL,99.8639,99.8802,1.328,1.168
2024-01-01T00:08:09.000765,BTC,42272.3016,42278.9781,10.495,6.139
2024-01-01T00:08:09.000765,SOL,99.8519,99.8747,9.954,5.984
2024-01-01T00:08:09.250201,ETH,2300.1416,2300.4965,14.083,1.689
2024-01-01T00:08:09.500684,ETH,2300.0112,2300.5014,4.461,1.348
2024-01-01T00:08:09.750673,BTC,42263.6511,42268.6908,9.846,5.601
2024-01-01T00:08:09.750673,ETH,2300.9793,2301.3,3.099,0.148
2024-01-01T00:08:10.500120,BTC,42251.2687,42256.5292,1.681,7.657
2024-01-01T00:08:10.500120,ETH,2301.085,2301.4639,1.628,0.778
2024-01-01T00:08:10.750862,SOL,99.8175,99.8297,0.747,13.35
2024-01-01T00:08:11.000602,ETH,2301.2729,2301.8927,0.416,5.51
2024-01-01T00:08:11.250735,BTC,42237.9401,42246.0519,4.843,3.003
2024-01-01T00:08:11.250735,SOL,99.7926,99.8033,15.61,0.568
2024-01-01T00:08:11.500791,SOL,99.833,99.8581,1.083,1.317
2024-01-01T00:08:11.750220,SOL,99.8202,99.8321,0.233,4.143
2024-01-01T00:08:12.000271,BTC,42220.4441,42225.1906,0.369,2.847
2024-01-01T00:08:12.000271,ETH,2303.4605,2303.7328,2.558,18.509
2024-01-01T00:08:12.250085,ETH,2303.1951,2303.8456,0.816,4.126
2024-01-01T00:08:12.500413,SOL,99.8748,99.8888,3.485,6.788
2024-01-01T00:08:12.750566,BTC,42242.698,42248.2401,0.309,1.923
2024-01-01T00:08:12.750566,SOL,99.9104,99.922,7.737,0.521
2024-01-01T00:08:13.000088,ETH,2302.8165,2303.3608,13.034,8.489
2024-01-01T00:08:13.000088,SOL,99.8314,99.8446,13.504,4.056
2024-01-01T00:08:13.250296,BTC,42250.4302,42255.7754,3.814,9.522
2024-01-01T00:08:13.250296,ETH,2301.3789,2301.9647,4.677,17.492
2024-01-01T00:08:13.500301,ETH,2301.5668,2302.0521,16.619,0.191
2024-01-01T00:08:13.500301,SOL,99.8867,99.9042,7.627,33.446
2024-01-01T00:08:13.750656,BTC,42244.9776,42252.1459,10.477,0.396
2024-01-01T00:08:13.750656,SOL,99.8489,99.8721,2.459,2.609
2024-01-01T00:08:14.000352,BTC,42231.9411,42244.5986,0.965,5.335
2024-01-01T00:08:14.500518,ETH,2302.3836,2302.886,4.953,6.555
2024-01-01T00:08:14.500518,SOL,99.8626,99.8859,2.57,2.276
2024-01-01T00:08:14.750303,ETH,2302.2306,2302.5327,2.589,7.144
2024-01-01T00:08:15.000894,BTC,42230.5819,42234.9957,0.219,1.741
2024-01-01T00:08:15.250984,ETH,2301.7743,2302.3765,10.476,0.017
2024-01-01T00:08:15.500613,BTC,42212.0816,42218.5992,17.877,7.129
2024-01-01T00:08:15.750891,ETH,2301.2816,2301.7677,1.67,3.84
2024-01-01T00:08:16.000366,ETH,2301.2219,2301.4526,0.484,6.478
2024-01-01T00:08:16.250233,SOL,99.9384,99.9639,1.08,17.084
2024-01-01T00:08:16.500949,BTC,42216.1301,42226.8218,3.782,0.704
2024-01-01T00:08:16.500949,SOL,99.9184,99.9475,4.066,0.209
2024-01-01T00:08:16.750536,BTC,42195.0725,42200.3693,3.888,9.535
2024-01-01T00:08:16.750536,SOL,99.9018,99.9292,0.675,7.18
2024-01-01T00:08:17.250643,BTC,42217.531,42222.0604,0.444,3.566
2024-01-01T00:08:17.500727,ETH,2299.5889,2300.126,0.512,8.684
2024-01-01T00:08:17.750953,SOL,99.8777,99.904,4.021,15.829
2024-01-01T00:08:18.500015,SOL,99.8509,99.8698,0.221,2.546
2024-01-01T00:08:18.750424,BTC,42220.7253,42226.8281,5.451,0.358
2024-01-01T00:08:18.750424,SOL,99.8827,99.9023,2.541,4.757
2024-01-01T00:08:19.250821,SOL,99.8887,99.9047,0.024,0.162
2024-01-01T00:08:19.500737,BTC,42219.8635,42229.1559,1.985,2.063
2024-01-01T00:08:19.500737,SOL,99.9711,99.9846,3.456,8.277
2024-01-01T00:08:19.750062,BTC,42222.7559,42228.1979,7.92,5.63
2024-01-01T00:08:19.750062,ETH,2299.0424,2299.3745,0.431,5.109
2024-01-01T00:08:19.750062,SOL,99.9634,99.9738,8.805,4.646
2024-01-01T00:08:20.000926,ETH,2299.2415,2299.5441,3.322,15.108
2024-01-01T00:08:20.250949,SOL,99.9136,99.9331,23.292,0.025
2024-01-01T00:08:20.500129,SOL,99.947,99.9602,0.231,3.793
2024-01-01T00:08:20.750366,BTC,42230.7502,42240.6454,0.25,4.295
2024-01-01T00:08:20.750366,ETH,2299.914,2300.4288,3.361,3.339
2024-01-01T00:08:20.750366,SOL,99.9273,99.9489,2.09,0.524
2024-01-01T00:08:21.000861,BTC,42222.0113,42232.2771,5.651,6.02
2024-01-01T00:08:21.250000,BTC,42225.9436,42238.4225,0.735,1.335
2024-01-01T00:08:21.500077,BTC,42201.7421,42209.1436,2.909,1.698
2024-01-01T00:08:21.500077,ETH,2299.7599,2300.4247,2.175,5.661
2024-01-01T00:08:21.500077,SOL,99.8772,99.8888,3.002,3.455
2024-01-01T00:08:21.750728,SOL,99.8821,99.8938,6.025,1.937
2024-01-01T00:08:22.000416,SOL,99.8532,99.8767,2.478,4.918
2024-01-01T00:08:22.250452,BTC,42188.2868,42196.1141,2.042,0.728
2024-01-01T00:08:22.750197,BTC,42176.0137,42180.4755,6.861,3.022
2024-01-01T00:08:23.000152,ETH,2300.453,2300.9589,4.922,9.534
2024-01-01T00:08:23.000152,SOL,99.8838,99.9132,7.032,3.833
2024-01-01T00:08:23.500349,ETH,2301.7643,2302.3017,0.154,2.454
2024-01-01T00:08:24.000499,BTC,42191.3195,42197.8989,14.329,1.246
2024-01-01T00:08:24.000499,ETH,2302.6632,2303.0742,13.322,2.438
2024-01-01T00:08:24.250523,BTC,42185.7466,42193.5589,0.9,8.414
2024-01-01T00:08:24.250523,SOL,99.8753,99.8854,2.666,0.694
2024-01-01T00:08:24.750784,BTC,42190.741,42198.7353,2.705,3.388
2024-01-01T00:08:24.750784,ETH,2302.5702,2303.0035,7.517,1.488
2024-01-01T00:08:25.000889,ETH,2302.8129,2303.1111,1.09,11.174
2024-01-01T00:08:25.250875,ETH,2304.7717,2305.3355,3.115,10.487
2024-01-01T00:08:25.500671,BTC,42168.4637,42172.8851,1.308,4.72
2024-01-01T00:08:25.500671,ETH,2303.0602,2303.7253,14.734,7.44
2024-01-01T00:08:25.750710,BTC,42155.1247,42164.1248,6.073,1.904
2024-01-01T00:08:26.000687,BTC,42185.9639,42194.5726,1.119,0.599
2024-01-01T00:08:26.000687,SOL,99.7813,99.8103,0.251,10.951
2024-01-01T00:08:26.750521,BTC,42207.2768,42214.921,6.433,5.082
2024-01-01T00:08:27.000939,BTC,42204.1628,42212.0546,12.384,0.714
2024-01-01T00:08:27.250116,SOL,99.7648,99.7757,5.293,11.036
2024-01-01T00:08:27.500400,BTC,42199.9484,42207.0807,11.494,6.283
2024-01-01T00:08:27.500400,SOL,99.8215,99.843,7.08,6.646
2024-01-01T00:08:27.750653,BTC,42192.0023,42198.6004,1.587,0.33
2024-01-01T00:08:28.000195,ETH,2302.5328,2302.974,2.171,0.256
2024-01-01T00:08:28.250390,BTC,42177.4862,42182.632,9.188,2.996
2024-01-01T00:08:28.250390,ETH,2302.6611,2303.3007,7.811,5.351
2024-01-01T00:08:28.500661,ETH,2302.7322,2303.0055,2.277,13.145
2024-01-01T00:08:28.750115,BTC,42147.8681,42155.3321,2.202,6.656
2024-01-01T00:08:28.750115,SOL,99.7862,99.8135,6.354,10.006
2024-01-01T00:08:29.000549,BTC,42153.086,42161.8474,4.434,2.741
2024-01-01T00:08:29.000549,ETH,2303.472,2303.8727,2.269,1.368
2024-01-01T00:08:29.250521,BTC,42163.9663,42169.3808,3.157,7.498
2024-01-01T00:08:29.500496,SOL,99.821,99.8467,2.085,0.857
2024-01-01T00:08:29.750183,SOL,99.7976,99.8238,6.191,0.899
2024-01-01T00:08:30.000530,ETH,2304.7025,2305.043,8.143,3.147
2024-01-01T00:08:30.750143,BTC,42155.7061,42164.1715,2.471,0.005
2024-01-01T00:08:30.750143,ETH,2303.5595,2304.208,0.792,0.246
2024-01-01T00:08:31.000302,SOL,99.7567,99.7804,2.962,3.171
2024-01-01T00:08:31.750303,BTC,42127.7485,42137.0969,5.717,3.712
2024-01-01T00:08:31.750303,ETH,2303.5868,2304.1459,0.826,13.758
2024-01-01T00:08:32.250857,BTC,42133.1437,42137.9972,1.495,20.699
2024-01-01T00:08:32.250857,SOL,99.7363,99.7614,2.037,7.77
2024-01-01T00:08:32.750031,ETH,2302.7699,2303.2636,1.172,1.517
2024-01-01T00:08:32.750031,SOL,99.6864,99.7134,1.247,1.706
2024-01-01T00:08:33.000211,SOL,99.7064,99.7214,1.388,11.329
2024-01-01T00:08:33.250423,ETH,2303.7244,2303.9654,1.164,14.272
2024-01-01T00:08:33.750910,SOL,99.645,99.6558,0.175,10.626
2024-01-01T00:08:34.000144,BTC,42128.0148,42134.7912,6.858,7.801
2024-01-01T00:08:34.000144,SOL,99.6514,99.6655,0.773,10.495
2024-01-01T00:08:34.250667,BTC,42148.9562,42159.2881,22.263,1.93
2024-01-01T00:08:34.500918,BTC,42160.4695,42164.7943,11.88,0.293
2024-01-01T00:08:34.500918,SOL,99.7209,99.7415,0.229,3.74
2024-01-01T00:08:34.750236,BTC,42144.4424,42156.6816,0.333,3.924
2024-01-01T00:08:34.750236,SOL,99.7228,99.738,1.246,2.93
2024-01-01T00:08:35.500915,SOL,99.7045,99.731,30.747,0.185
2024-01-01T00:08:35.750561,SOL,99.6583,99.6877,0.497,4.392
2024-01-01T00:08:36.000315,BTC,42153.0974,42160.8728,1.325,33.22
2024-01-01T00:08:36.250887,BTC,42134.1128,42145.8947,5.368,3.912
2024-01-01T00:08:36.750162,BTC,42136.5832,42144.4403,2.934,8.883
2024-01-01T00:08:37.000972,ETH,2302.321,2302.8626,6.261,17.126
2024-01-01T00:08:37.250108,BTC,42129.4705,42136.5606,3.237,3.126
2024-01-01T00:08:37.500378,ETH,2304.0936,2304.7578,1.719,7.419
2024-01-01T00:08:37.750585,BTC,42110.1637,42121.3072,4.461,14.88
2024-01-01T00:08:38.000663,BTC,42133.8258,42138.3713,10.319,2.24
2024-01-01T00:08:38.000663,ETH,2303.9861,2304.541,0.998,14.772
2024-01-01T00:08:38.500348,ETH,2303.7356,2304.4126,2.567,5.152
2024-01-01T00:08:38.750871,BTC,42153.1179,42162.4324,8.597,5.025
2024-01-01T00:08:38.750871,SOL,99.7281,99.7537,11.754,5.266
2024-01-01T00:08:39.750261,BTC,42142.7853,42150.2067,11.676,7.779
2024-01-01T00:08:39.750261,ETH,2304.4847,2304.8674,0.339,2.397
2024-01-01T00:08:40.250805,BTC,42136.8849,42147.348,1.298,14.049
2024-01-01T00:08:40.250805,SOL,99.6913,99.7099,2.485,1.781
2024-01-01T00:08:40.500157,BTC,42147.0796,42156.8841,3.088,2.27
2024-01-01T00:08:40.500157,SOL,99.7363,99.7544,8.153,4.115
2024-01-01T00:08:40.750664,BTC,42178.2827,42184.558,18.524,2.816
2024-01-01T00:08:40.750664,ETH,2303.5418,2304.1239,7.814,1.922
2024-01-01T00:08:40.750664,SOL,99.7294,99.7447,3.113,6.599
2024-01-01T00:08:41.000939,ETH,2304.6576,2304.9928,6.703,11.875
2024-01-01T00:08:41.500359,BTC,42184.5108,42189.0539,0.712,5.973
2024-01-01T00:08:41.500359,ETH,2303.8945,2304.2832,10.802,0.75
2024-01-01T00:08:41.500359,SOL,99.7121,99.7357,5.579,1.323
2024-01-01T00:08:41.750503,ETH,2305.0625,2305.7107,0.592,1.366
2024-01-01T00:08:41.750503,SOL,99.7393,99.7691,0.913,2.216
2024-01-01T00:08:42.000836,BTC,42152.4184,42159.8404,1.012,5.511
2024-01-01T00:08:42.000836,ETH,2304.6667,2304.9859,6.275,2.155
2024-01-01T00:08:42.250774,ETH,2304.647,2305.0972,11.608,1.815
2024-01-01T00:08:42.250774,SOL,99.7599,99.7836,5.834,5.996
2024-01-01T00:08:42.500427,BTC,42164.9278,42172.6509,1.114,2.919
2024-01-01T00:08:42.500427,SOL,99.8346,99.851,3.228,16.528
2024-01-01T00:08:42.750780,SOL,99.7899,99.8104,3.579,7.652
2024-01-01T00:08:43.000163,BTC,42173.333,42182.793,0.305,4.232
2024-01-01T00:08:43.250075,ETH,2303.8455,2304.4082,8.616,3.881
2024-01-01T00:08:43.250075,SOL,99.8426,99.8661,6.429,2.905
2024-01-01T00:08:43.500102,ETH,2304.2307,2304.7059,4.06,15.764
2024-01-01T00:08:43.500102,SOL,99.7666,99.7952,5.358,5.252
2024-01-01T00:08:43.750410,BTC,42198.0135,42206.9011,7.696,1.356
2024-01-01T00:08:43.750410,ETH,2304.6677,2305.065,2.319,2.379
2024-01-01T00:08:44.000766,BTC,42196.1742,42204.7944,6.142,5.205
2024-01-01T00:08:44.250160,SOL,99.8605,99.8708,0.795,4.392
2024-01-01T00:08:45.500791,BTC,42209.6946,42217.7255,0.005,5.157
2024-01-01T00:08:45.750201,BTC,42225.8155,42232.354,0.262,8.274
2024-01-01T00:08:45.750201,ETH,2303.7098,2304.1801,4.11,4.048
2024-01-01T00:08:46.000174,SOL,99.8006,99.8261,1.589,4.639
2024-01-01T00:08:46.250210,BTC,42218.0496,42225.2102,4.91,3.844
2024-01-01T00:08:46.250210,ETH,2302.7949,2303.2205,3.516,0.228
2024-01-01T00:08:46.500457,BTC,42245.9437,42251.0146,1.402,2.352
2024-01-01T00:08:46.500457,ETH,2303.2294,2303.7064,3.958,2.244
2024-01-01T00:08:46.500457,SOL,99.7759,99.8005,10.664,5.576
2024-01-01T00:08:47.000718,SOL,99.7702,99.7898,3.29,0.236
2024-01-01T00:08:47.250734,BTC,42264.5347,42268.8361,0.606,1.382
2024-01-01T00:08:47.500380,BTC,42270.0683,42275.2267,7.595,7.001
2024-01-01T00:08:47.500380,SOL,99.738,99.7508,2.516,2.066
2024-01-01T00:08:47.750614,BTC,42286.1826,42294.0298,0.407,2.892
2024-01-01T00:08:48.000768,BTC,42266.2812,42273.8965,0.722,2.569
2024-01-01T00:08:48.000768,SOL,99.763,99.7735,2.259,1.163
2024-01-01T00:08:48.250489,ETH,2303.1187,2303.6509,6.318,15.546
2024-01-01T00:08:48.500806,SOL,99.7326,99.7485,5.697,0.372
2024-01-01T00:08:48.750797,BTC,42260.4711,42265.5618,1.026,3.581
2024-01-01T00:08:49.000861,BTC,42282.2213,42289.0985,3.868,4.166
2024-01-01T00:08:49.000861,SOL,99.6675,99.682,0.144,3.897
2024-01-01T00:08:49.250617,SOL,99.6444,99.6612,18.551,6.868
2024-01-01T00:08:49.500977,ETH,2302.6022,2302.859,2.001,1.262
2024-01-01T00:08:49.750592,BTC,42265.9977,42274.8171,0.934,3.603
2024-01-01T00:08:49.750592,ETH,2302.7283,2303.0112,5.962,7.407
2024-01-01T00:08:50.000491,BTC,42273.1693,42281.1867,4.744,7.805
2024-01-01T00:08:50.250629,ETH,2303.0901,2303.5463,0.585,3.951
2024-01-01T00:08:50.250629,SOL,99.6345,99.6528,3.636,0.499
2024-01-01T00:08:50.500678,BTC,42314.5363,42322.4302,3.391,4.996
2024-01-01T00:08:50.750417,BTC,42299.757,42304.7835,4.536,19.835
2024-01-01T00:08:51.250538,SOL,99.5367,99.5606,0.604,1.161
2024-01-01T00:08:51.500511,BTC,42288.1586,42300.7717,2.139,7.932
2024-01-01T00:08:51.500511,ETH,2303.624,2303.944,12.687,8.106
2024-01-01T00:08:51.750337,BTC,42339.9924,42344.5368,9.416,1.859
2024-01-01T00:08:51.750337,ETH,2303.0424,2303.4373,1.754,3.627
2024-01-01T00:08:51.750337,SOL,99.5403,99.5641,11.707,8.583
2024-01-01T00:08:52.750924,SOL,99.6049,99.6346,6.132,2.603
2024-01-01T00:08:53.000585,ETH,2302.4011,2302.7271,7.404,1.45
2024-01-01T00:08:53.000585,SOL,99.615,99.6298,11.257,8.072
2024-01-01T00:08:53.250533,SOL,99.6215,99.649,4.329,3.126
2024-01-01T00:08:53.500936,SOL,99.6583,99.6837,1.042,5.261
2024-01-01T00:08:53.750095,ETH,2303.0641,2303.3894,16.483,3.179
2024-01-01T00:08:54.000139,BTC,42321.3744,42333.8578,6.127,0.994
2024-01-01T00:08:54.000139,ETH,2301.8699,2302.1787,9.519,1.576
2024-01-01T00:08:54.250739,BTC,42327.9952,42339.9533,1.022,1.337
2024-01-01T00:08:54.250739,SOL,99.6251,99.6404,1.759,17.882
2024-01-01T00:08:54.500277,BTC,42333.1417,42343.2447,1.403,9.063
2024-01-01T00:08:54.750960,BTC,42332.8547,42342.7474,3.615,5.356
2024-01-01T00:08:55.000105,BTC,42319.0113,42328.4921,0.336,1.069
2024-01-01T00:08:55.000105,ETH,2302.8649,2303.2448,0.49,5.018
2024-01-01T00:08:56.000640,ETH,2301.9801,2302.5755,7.649,1.823
2024-01-01T00:08:56.500307,ETH,2300.5399,2300.8796,1.17,2.318
2024-01-01T00:08:57.000291,BTC,42303.6065,42313.0855,0.717,2.001
2024-01-01T00:08:57.000291,SOL,99.6032,99.6326,9.572,5.02
2024-01-01T00:08:57.250826,ETH,2301.497,2302.0179,0.041,4.212
2024-01-01T00:08:57.500290,BTC,42303.106,42310.0673,0.505,9.898
2024-01-01T00:08:57.500290,ETH,2299.9219,2300.3925,0.023,7.178
2024-01-01T00:08:57.500290,SOL,99.6303,99.643,3.553,3.038
2024-01-01T00:08:58.000603,SOL,99.6074,99.6178,9.949,9.659
2024-01-01T00:08:58.500973,ETH,2298.2318,2298.6419,8.838,2.714
2024-01-01T00:08:58.500973,SOL,99.5762,99.5962,14.384,5.795
2024-01-01T00:08:58.750678,BTC,42320.0597,42329.0577,6.422,0.997
2024-01-01T00:08:58.750678,ETH,2299.4085,2299.9326,2.854,3.64
2024-01-01T00:08:58.750678,SOL,99.5604,99.5885,5.188,7.606
2024-01-01T00:08:59.000724,SOL,99.5402,99.5681,7.934,2.851
2024-01-01T00:08:59.250719,ETH,2297.5312,2297.9658,1.788,0.169
2024-01-01T00:08:59.250719,SOL,99.5949,99.6156,10.251,34.499
2024-01-01T00:08:59.500176,ETH,2296.0199,2296.7055,0.37,2.649
2024-01-01T00:09:00.000081,SOL,99.6517,99.6659,7.117,5.146
2024-01-01T00:09:00.250377,BTC,42313.9602,42325.5408,6.157,3.078
2024-01-01T00:09:00.250377,SOL,99.7139,99.7282,1.812,1.651
2024-01-01T00:09:00.500264,SOL,99.6928,99.7048,0.373,16.485
2024-01-01T00:09:01.000225,ETH,2296.7264,2297.3632,0.95,2.668
2024-01-01T00:09:01.000225,SOL,99.6569,99.6747,3.863,5.964
2024-01-01T00:09:01.250923,SOL,99.5885,99.6059,1.591,1.69
2024-01-01T00:09:01.500292,ETH,2296.8904,2297.2828,1.055,6.93
2024-01-01T00:09:02.000887,ETH,2296.2025,2296.5691,0.395,7.02
2024-01-01T00:09:02.500365,SOL,99.5658,99.5862,15.921,2.029
2024-01-01T00:09:02.750374,BTC,42349.8974,42361.4598,0.697,2.652
2024-01-01T00:09:03.000029,ETH,2295.6756,2295.9327,1.409,1.838
2024-01-01T00:09:03.250079,BTC,42342.6643,42351.7071,6.651,8.965
2024-01-01T00:09:03.250079,ETH,2294.5155,2294.7917,10.89,3.49
2024-01-01T00:09:03.500411,ETH,2292.4498,2292.9132,7.222,2.624
2024-01-01T00:09:03.500411,SOL,99.5925,99.6168,6.604,2.652
2024-01-01T00:09:03.750879,SOL,99.5808,99.5988,19.072,4.411
2024-01-01T00:09:04.000735,BTC,42350.5719,42356.7781,1.317,6.547
2024-01-01T00:09:04.000735,ETH,2291.8974,2292.1346,1.63,3.281
2024-01-01T00:09:04.250159,BTC,42357.8051,42362.5053,0.348,10.424
2024-01-01T00:09:04.250159,SOL,99.5975,99.6192,0.473,3.024
2024-01-01T00:09:04.500347,BTC,42347.4373,42355.5282,10.003,8.79
2024-01-01T00:09:04.500347,ETH,2293.1216,2293.6593,12.404,1.28
2024-01-01T00:09:05.000885,ETH,2292.4069,2293.0807,12.546,0.397
2024-01-01T00:09:05.000885,SOL,99.577,99.5923,14.473,2.71
2024-01-01T00:09:05.250834,BTC,42361.4085,42367.4246,4.864,3.746
2024-01-01T00:09:05.500351,ETH,2291.7364,2292.3718,7.891,0.395
2024-01-01T00:09:06.000635,BTC,42353.288,42362.0818,14.277,0.511
2024-01-01T00:09:06.000635,SOL,99.6251,99.6496,24.636,16.159
2024-01-01T00:09:06.250265,BTC,42334.8259,42344.1973,8.476,1.868
2024-01-01T00:09:06.500247,SOL,99.6596,99.679,1.073,0.475
2024-01-01T00:09:06.750255,BTC,42339.3577,42351.0674,2.203,1.089
2024-01-01T00:09:06.750255,ETH,2292.1127,2292.5482,3.805,5.569
2024-01-01T00:09:07.000562,BTC,42326.5801,42337.3159,1.927,2.611
2024-01-01T00:09:07.000562,SOL,99.6903,99.7159,6.774,1.015
2024-01-01T00:09:07.250144,SOL,99.6914,99.7097,5.767,13.662
2024-01-01T00:09:07.500822,BTC,42319.9308,42330.0446,2.41,5.118
2024-01-01T00:09:07.500822,ETH,2292.4116,2292.6678,7.007,9.169
2024-01-01T00:09:07.750680,BTC,42323.2939,42332.0604,2.701,3.5
2024-01-01T00:09:08.000411,BTC,42313.9852,42324.8373,9.029,4.202
2024-01-01T00:09:08.000411,ETH,2291.0376,2291.4943,8.038,6.162
2024-01-01T00:09:08.000411,SOL,99.6797,99.701,0.749,8.039
2024-01-01T00:09:08.250959,ETH,2292.0059,2292.2576,1.123,0.788
2024-01-01T00:09:08.750358,BTC,42333.4888,42340.5564,11.562,8.341
2024-01-01T00:09:09.000970,ETH,2292.4012,2292.7506,2.711,2.221
2024-01-01T00:09:09.250823,SOL,99.6076,99.6276,6.522,3.517
2024-01-01T00:09:09.500986,ETH,2291.3935,2291.7851,8.18,1.246
2024-01-01T00:09:10.000243,BTC,42348.5419,42356.0751,15.969,2.695
2024-01-01T00:09:10.000243,SOL,99.6207,99.6452,1.075,2.408
2024-01-01T00:09:10.250493,SOL,99.6317,99.6532,0.078,3.556
2024-01-01T00:09:10.750747,BTC,42362.1786,42368.8711,0.381,6.212
2024-01-01T00:09:10.750747,SOL,99.6892,99.7063,1.838,0.686
2024-01-01T00:09:11.000367,SOL,99.6323,99.6448,6.55,3.4
2024-01-01T00:09:11.500818,BTC,42349.715,42359.785,0.808,11.078
2024-01-01T00:09:11.750162,SOL,99.6165,99.6443,3.61,2.785
2024-01-01T00:09:12.250408,BTC,42352.7668,42363.7944,1.235,18.166
2024-01-01T00:09:12.500236,SOL,99.6274,99.6499,12.87,6.02
2024-01-01T00:09:12.750550,ETH,2290.5202,2291.0635,6.117,1.72
2024-01-01T00:09:13.000160,ETH,2290.5308,2291.0426,3.396,1.486
2024-01-01T00:09:13.250325,BTC,42346.1639,42353.4327,5.127,1.86
2024-01-01T00:09:13.250325,SOL,99.6503,99.6644,6.667,8.524
2024-01-01T00:09:13.500857,BTC,42324.08,42334.7352,1.982,3.226
2024-01-01T00:09:13.500857,ETH,2290.5163,2290.874,3.898,6.835
2024-01-01T00:09:14.000895,SOL,99.6641,99.6911,10.219,2.887
2024-01-01T00:09:14.750953,SOL,99.6231,99.6409,5.966,7.883
2024-01-01T00:09:15.000064,BTC,42303.9464,42314.0233,6.2,8.602
2024-01-01T00:09:15.250373,ETH,2291.1399,2291.5161,10.861,7.678
2024-01-01T00:09:15.250373,SOL,99.5991,99.614,0.099,3.437
2024-01-01T00:09:15.500327,ETH,2291.9291,2292.3773,3.587,1.702
2024-01-01T00:09:15.750852,BTC,42299.069,42307.3646,2.103,5.488
2024-01-01T00:09:16.000156,ETH,2292.3374,2292.6424,1.153,0.529
2024-01-01T00:09:16.500455,ETH,2290.968,2291.6086,3.283,2.244
2024-01-01T00:09:16.750725,BTC,42303.9974,42314.7088,3.851,5.354
2024-01-01T00:09:16.750725,ETH,2290.5823,2290.876,0.013,4.365
2024-01-01T00:09:17.000246,BTC,42313.5711,42322.8281,3.143,25.672
2024-01-01T00:09:17.000246,ETH,2290.8063,2291.4707,5.156,3.103
2024-01-01T00:09:17.250269,BTC,42347.2915,42353.7492,3.845,0.716
2024-01-01T00:09:17.250269,SOL,99.6358,99.6509,1.263,1.576
2024-01-01T00:09:17.750881,BTC,42335.1105,42344.0246,8.979,5.607
2024-01-01T00:09:18.000499,SOL,99.658,99.6859,3.785,11.989
2024-01-01T00:09:18.250120,ETH,2290.7334,2291.4035,1.797,0.009
2024-01-01T00:09:18.750840,ETH,2289.5389,2289.9278,1.923,2.078
2024-01-01T00:09:18.750840,SOL,99.6567,99.6691,0.129,4.689
2024-01-01T00:09:19.000019,BTC,42319.2369,42326.4143,5.663,5.38
2024-01-01T00:09:19.250034,SOL,99.6338,99.6577,0.582,8.001
2024-01-01T00:09:19.500799,BTC,42302.9629,42311.8447,7.838,4.402
2024-01-01T00:09:19.500799,SOL,99.4862,99.5034,5.601,2.201
2024-01-01T00:09:19.750417,BTC,42336.0061,42340.7294,0.685,3.818
2024-01-01T00:09:19.750417,SOL,99.4773,99.4911,0.037,1.588
2024-01-01T00:09:20.500022,BTC,42339.6352,42350.3709,18.133,5.506
2024-01-01T00:09:20.500022,SOL,99.434,99.4607,4.113,0.832
2024-01-01T00:09:20.750525,BTC,42357.2566,42368.6929,1.001,23.935
2024-01-01T00:09:21.250106,BTC,42366.2584,42372.1572,8.104,0.393
2024-01-01T00:09:21.250106,ETH,2289.7626,2290.3886,8.176,0.431
2024-01-01T00:09:21.500863,BTC,42352.3105,42364.8211,7.11,3.003
2024-01-01T00:09:21.750383,ETH,2289.4123,2289.6762,3.678,7.98
2024-01-01T00:09:22.000712,BTC,42364.2631,42370.0893,16.962,5.81
2024-01-01T00:09:22.000712,ETH,2291.2536,2291.8611,5.157,0.528
2024-01-01T00:09:22.500266,ETH,2292.5918,2292.9329,1.392,1.553
2024-01-01T00:09:22.500266,SOL,99.4667,99.4808,2.465,1.088
2024-01-01T00:09:23.000445,BTC,42335.265,42342.6931,6.744,2.335
2024-01-01T00:09:23.000445,SOL,99.4461,99.4643,15.906,3.456
2024-01-01T00:09:23.250404,ETH,2291.7145,2291.9642,10.86,5.563
2024-01-01T00:09:23.250404,SOL,99.4801,99.4966,2.559,4.769
2024-01-01T00:09:23.750933,BTC,42335.7683,42344.783,6.183,3.333
2024-01-01T00:09:23.750933,SOL,99.468,99.489,6.685,2.34
2024-01-01T00:09:24.000192,SOL,99.4668,99.4834,1.416,4.561
2024-01-01T00:09:24.250407,ETH,2292.1378,2292.4458,7.945,0.758
2024-01-01T00:09:24.250407,SOL,99.4508,99.4765,3.612,0.763
2024-01-01T00:09:24.500617,BTC,42316.8705,42327.6433,2.295,1.312
2024-01-01T00:09:24.500617,ETH,2291.6319,2291.8989,2.623,2.977
2024-01-01T00:09:24.500617,SOL,99.4073,99.4189,1.866,12.522
2024-01-01T00:09:24.750222,ETH,2292.6439,2293.0127,11.894,7.244
2024-01-01T00:09:25.000585,BTC,42298.6156,42307.1881,5.036,6.13
2024-01-01T00:09:25.000585,ETH,2292.8225,2293.4473,3.024,3.394
2024-01-01T00:09:25.250196,BTC,42329.2745,42336.986,3.006,0.293
2024-01-01T00:09:25.250196,ETH,2292.8838,2293.2883,2.002,16.508
2024-01-01T00:09:25.500646,ETH,2295.0152,2295.4215,1.498,7.054
2024-01-01T00:09:25.750886,ETH,2294.7401,2295.4019,5.336,6.266
2024-01-01T00:09:26.000684,SOL,99.4395,99.454,0.974,4.339
2024-01-01T00:09:26.500889,BTC,42332.47,42339.0821,3.811,0.221
2024-01-01T00:09:26.750554,BTC,42318.0848,42325.2324,0.099,2.084
2024-01-01T00:09:27.500472,BTC,42301.7141,42307.3526,5.746,1.179
2024-01-01T00:09:27.500472,ETH,2294.3255,2295.0088,0.125,1.136
2024-01-01T00:09:28.000976,ETH,2292.2647,2292.8525,3.235,4.901
2024-01-01T00:09:29.000191,SOL,99.4287,99.4424,14.206,1.384
2024-01-01T00:09:29.250220,ETH,2291.0876,2291.6899,11.018,8.994
2024-01-01T00:09:29.500264,ETH,2292.2451,2292.7549,5.312,1.058
2024-01-01T00:09:29.750143,SOL,99.3541,99.3707,3.793,7.568
2024-01-01T00:09:30.000109,BTC,42293.8135,42302.9386,7.001,8.036
2024-01-01T00:09:30.000109,ETH,2290.6534,2291.2969,3.769,0.032
2024-01-01T00:09:30.750125,BTC,42329.0713,42333.9408,3.275,11.612
2024-01-01T00:09:31.500177,ETH,2290.905,2291.2233,1.009,4.068
2024-01-01T00:09:31.750499,BTC,42327.9385,42337.9695,0.813,0.107
2024-01-01T00:09:31.750499,SOL,99.3467,99.3626,14.698,0.346
2024-01-01T00:09:32.000510,SOL,99.2996,99.3188,5.252,0.09
2024-01-01T00:09:33.000436,BTC,42340.1282,42348.135,4.512,1.301
2024-01-01T00:09:33.000436,ETH,2291.1526,2291.7216,3.791,3.467
2024-01-01T00:09:33.250579,SOL,99.2713,99.2926,0.237,9.432
2024-01-01T00:09:33.500741,ETH,2290.7157,2291.0132,4.163,9.219
2024-01-01T00:09:33.750772,ETH,2291.2375,2291.9088,4.993,2.326
2024-01-01T00:09:33.750772,SOL,99.2531,99.2715,1.185,4.636
2024-01-01T00:09:34.250712,SOL,99.2792,99.3007,0.863,0.698
2024-01-01T00:09:34.500529,ETH,2289.7975,2290.1641,4.28,18.803
2024-01-01T00:09:35.250507,BTC,42356.2476,42364.521,2.059,2.605
2024-01-01T00:09:35.250507,ETH,2289.5194,2290.158,10.07,5.215
2024-01-01T00:09:36.000130,BTC,42363.1743,42374.0139,5.919,0.745
2024-01-01T00:09:36.000130,SOL,99.3111,99.3366,1.313,4.525
2024-01-01T00:09:36.250644,SOL,99.3327,99.3517,8.563,2.521
2024-01-01T00:09:36.500264,SOL,99.3304,99.3406,0.34,1.546
2024-01-01T00:09:36.750816,BTC,42385.3835,42397.9743,1.593,8.075
2024-01-01T00:09:37.250956,BTC,42384.983,42392.2137,9.94,0.1
2024-01-01T00:09:37.500798,BTC,42383.3608,42389.3186,4.646,0.08
2024-01-01T00:09:37.500798,ETH,2289.8619,2290.2985,0.35,9.185
2024-01-01T00:09:37.500798,SOL,99.2931,99.3177,1.964,1.504
2024-01-01T00:09:37.750731,ETH,2289.8599,2290.2724,3.393,0.775
2024-01-01T00:09:37.750731,SOL,99.2036,99.2297,1.557,4.23
2024-01-01T00:09:38.250187,ETH,2290.7634,2291.2074,5.919,2.035
2024-01-01T00:09:38.500100,SOL,99.1575,99.1715,0.997,1.307
2024-01-01T00:09:38.750865,BTC,42359.5246,42366.2443,3.228,1.462
2024-01-01T00:09:39.000247,BTC,42395.3019,42402.9317,0.671,8.616
2024-01-01T00:09:39.000247,SOL,99.1747,99.2034,1.96,9.802
2024-01-01T00:09:39.500072,BTC,42383.5553,42390.9498,0.458,1.934
2024-01-01T00:09:39.750750,ETH,2290.1,2290.6568,1.263,5.833
2024-01-01T00:09:39.750750,SOL,99.1781,99.2022,3.179,2.026
2024-01-01T00:09:40.000774,BTC,42376.668,42385.1118,0.646,13.428
2024-01-01T00:09:40.000774,ETH,2291.486,2291.7754,1.626,1.412
2024-01-01T00:09:40.500009,ETH,2291.1491,2291.4488,1.887,4.132
2024-01-01T00:09:40.750430,ETH,2291.1992,2291.8703,0.121,13.536
2024-01-01T00:09:40.750430,SOL,99.2018,99.2299,7.247,2.703
2024-01-01T00:09:41.250672,BTC,42398.2581,42403.4639,17.039,3.204
2024-01-01T00:09:41.750776,SOL,99.187,99.2065,0.849,3.35
2024-01-01T00:09:42.000741,SOL,99.2044,99.2185,2.723,0.09
2024-01-01T00:09:42.750354,ETH,2291.8097,2292.2505,0.414,2.451
2024-01-01T00:09:42.750354,SOL,99.1548,99.1791,2.984,0.354
2024-01-01T00:09:43.000781,ETH,2292.2091,2292.745,7.939,8.603
2024-01-01T00:09:43.000781,SOL,99.1769,99.1877,4.915,2.889
2024-01-01T00:09:43.250150,BTC,42395.318,42399.8323,2.15,9.006
2024-01-01T00:09:43.250150,ETH,2292.4279,2292.8726,3.239,7.914
2024-01-01T00:09:43.500606,ETH,2291.8135,2292.1725,3.274,0.834
2024-01-01T00:09:43.500606,SOL,99.1626,99.1799,8.521,2.055
2024-01-01T00:09:44.000507,SOL,99.1467,99.1585,1.208,1.129
2024-01-01T00:09:44.250288,BTC,42400.1164,42404.5898,4.341,1.72
2024-01-01T00:09:44.250288,SOL,99.2056,99.2159,5.882,6.257
2024-01-01T00:09:44.750199,SOL,99.168,99.1859,0.021,0.681
2024-01-01T00:09:45.250080,SOL,99.1773,99.1975,4.958,7.396
2024-01-01T00:09:45.500930,BTC,42415.6524,42420.2628,3.907,0.609
2024-01-01T00:09:46.000849,SOL,99.198,99.2108,8.028,1.502
2024-01-01T00:09:46.250257,ETH,2293.493,2293.83,0.4,2.286
2024-01-01T00:09:46.250257,SOL,99.2254,99.2519,0.582,3.807
2024-01-01T00:09:46.750254,SOL,99.1574,99.1697,0.538,4.339
2024-01-01T00:09:47.250743,SOL,99.1575,99.1683,1.518,1.649
2024-01-01T00:09:47.750087,ETH,2294.7876,2295.324,1.853,2.993
2024-01-01T00:09:48.000281,SOL,99.2036,99.2297,3.07,1.196
2024-01-01T00:09:48.250362,ETH,2295.9392,2296.379,5.415,3.197
2024-01-01T00:09:48.250362,SOL,99.2522,99.2766,0.139,1.209
2024-01-01T00:09:48.500460,BTC,42395.4607,42407.5122,3.725,0.019
2024-01-01T00:09:48.500460,ETH,2295.201,2295.4794,1.299,6.888
2024-01-01T00:09:48.500460,SOL,99.2719,99.3009,0.367,8.962
2024-01-01T00:09:48.750461,SOL,99.3238,99.3521,2.526,0.458
2024-01-01T00:09:49.000083,BTC,42381.0392,42388.0944,2.613,0.497
2024-01-01T00:09:49.000083,SOL,99.3238,99.3349,2.906,15.037
2024-01-01T00:09:49.250613,BTC,42352.6384,42362.2633,8.472,4.469
2024-01-01T00:09:49.500827,BTC,42340.1348,42352.739,12.714,3.044
2024-01-01T00:09:50.000956,BTC,42332.4959,42344.2233,2.92,4.263
2024-01-01T00:09:50.000956,SOL,99.3208,99.3312,12.75,1.56
2024-01-01T00:09:50.250967,SOL,99.3224,99.3426,5.447,6.554
2024-01-01T00:09:50.500947,BTC,42357.1785,42369.3802,1.299,21.216
2024-01-01T00:09:50.750928,BTC,42363.8223,42373.289,7.972,4.381
2024-01-01T00:09:51.500155,SOL,99.3171,99.3375,9.753,17.491
2024-01-01T00:09:51.750636,BTC,42333.384,42342.3038,5.45,1.511
2024-01-01T00:09:52.250473,ETH,2295.3544,2295.7644,8.342,4.074
2024-01-01T00:09:52.500402,BTC,42338.6216,42348.733,2.97,0.536
2024-01-01T00:09:52.750243,BTC,42362.9376,42368.2953,5.947,20.14
2024-01-01T00:09:53.000370,BTC,42337.0055,42341.7031,0.121,12.88
2024-01-01T00:09:53.000370,ETH,2294.3393,2294.5907,0.418,15.901
2024-01-01T00:09:53.500806,BTC,42338.2206,42346.81,0.75,0.459
2024-01-01T00:09:53.500806,ETH,2292.9097,2293.4784,3.587,5.323
2024-01-01T00:09:54.000574,ETH,2293.3454,2293.6957,1.522,0.667
2024-01-01T00:09:54.250643,BTC,42333.4614,42346.0944,9.692,13.959
2024-01-01T00:09:54.500139,SOL,99.3019,99.3243,18.394,1.264
2024-01-01T00:09:54.750119,ETH,2293.3298,2293.7916,1.905,4.913
2024-01-01T00:09:55.000280,BTC,42335.6861,42344.8096,0.351,4.238
2024-01-01T00:09:55.000280,ETH,2294.0224,2294.4093,7.765,3.814
2024-01-01T00:09:55.500639,ETH,2294.1881,2294.6997,7.169,1.493
2024-01-01T00:09:55.500639,SOL,99.322,99.351,8.083,6.872
2024-01-01T00:09:55.750720,ETH,2294.7073,2295.0787,17.718,1.247
2024-01-01T00:09:55.750720,SOL,99.3211,99.345,0.124,4.127
2024-01-01T00:09:56.000861,BTC,42328.6504,42338.4712,5.925,7.368
2024-01-01T00:09:56.250624,BTC,42305.823,42317.859,4.303,5.825
2024-01-01T00:09:56.250624,SOL,99.3518,99.3696,6.452,1.219
2024-01-01T00:09:56.500520,BTC,42331.9503,42340.7155,0.034,4.871
2024-01-01T00:09:57.000592,BTC,42319.0826,42328.762,0.789,6.361
2024-01-01T00:09:57.000592,ETH,2295.737,2295.9962,5.626,21.966
2024-01-01T00:09:57.500298,ETH,2295.9997,2296.3954,15.645,0.163
2024-01-01T00:09:57.750170,SOL,99.2991,99.3271,9.994,8.031
2024-01-01T00:09:58.000537,BTC,42327.3977,42337.6953,19.974,7.188
2024-01-01T00:09:58.000537,ETH,2296.9144,2297.2286,3.193,0.033
2024-01-01T00:09:58.500714,SOL,99.3007,99.3172,5.767,0.098
2024-01-01T00:09:58.750906,BTC,42313.2881,42321.8639,4.817,5.834
2024-01-01T00:09:59.000048,BTC,42265.8784,42271.2435,1.376,0.195
2024-01-01T00:09:59.250655,BTC,42289.8427,42302.4957,2.009,1.145
2024-01-01T00:09:59.750312,BTC,42292.7189,42300.1107,12.033,0.332
2024-01-01T00:10:00.000028,BTC,42292.0898,42302.4854,0.499,2.615
2024-01-01T00:10:00.000028,SOL,99.324,99.3358,2.221,1.913
2024-01-01T00:10:00.250630,ETH,2296.8025,2297.3624,1.085,2.002
2024-01-01T00:10:00.250630,SOL,99.3393,99.3525,5.404,19.466
2024-01-01T00:10:00.750943,BTC,42305.6208,42310.3362,6.01,6.243
2024-01-01T00:10:01.000610,ETH,2298.1469,2298.7524,1.923,5.789
2024-01-01T00:10:01.250565,ETH,2297.296,2297.9775,1.617,4.428
2024-01-01T00:10:01.250565,SOL,99.3634,99.3913,11.077,3.541
2024-01-01T00:10:01.750922,BTC,42294.611,42303.9943,11.169,2.294
2024-01-01T00:10:02.000900,BTC,42280.9995,42289.9939,2.926,2.943
2024-01-01T00:10:02.250228,BTC,42308.7788,42315.5949,2.013,2.652
2024-01-01T00:10:02.750675,ETH,2297.6517,2298.1212,7.5,0.314
2024-01-01T00:10:02.750675,SOL,99.4051,99.4241,5.709,0.365
2024-01-01T00:10:03.500880,ETH,2298.3633,2298.7742,0.249,7.643
2024-01-01T00:10:03.500880,SOL,99.3832,99.4066,6.895,10.682
2024-01-01T00:10:04.000406,ETH,2297.5767,2297.918,6.22,11.343
2024-01-01T00:10:04.250626,SOL,99.3671,99.3863,11.546,5.386
2024-01-01T00:10:04.500317,BTC,42311.3229,42318.965,11.802,0.934
2024-01-01T00:10:04.500317,SOL,99.3557,99.3786,1.767,3.007
2024-01-01T00:10:04.750581,BTC,42279.1414,42289.574,1.435,4.334
2024-01-01T00:10:04.750581,ETH,2298.8582,2299.3691,1.998,4.927
2024-01-01T00:10:05.250508,BTC,42266.7209,42271.5569,3.24,1.851
2024-01-01T00:10:05.500215,BTC,42239.0647,42247.0305,5.542,8.209
2024-01-01T00:10:05.750880,BTC,42227.643,42231.8881,3.545,1.229
2024-01-01T00:10:05.750880,ETH,2297.8517,2298.1722,6.217,1.94
2024-01-01T00:10:06.000976,ETH,2297.8178,2298.5071,0.744,8.612
2024-01-01T00:10:06.000976,SOL,99.3763,99.3893,1.358,5.927
2024-01-01T00:10:06.250828,BTC,42218.1086,42227.3489,0.276,0.752
2024-01-01T00:10:06.250828,ETH,2297.5619,2298.0156,1.727,7.856
2024-01-01T00:10:06.250828,SOL,99.3758,99.3931,5.935,21.598
2024-01-01T00:10:06.500420,BTC,42235.4129,42241.7611,1.082,18.321
2024-01-01T00:10:06.500420,SOL,99.3329,99.3581,0.57,4.147
2024-01-01T00:10:06.750611,BTC,42236.9384,42246.5261,3.247,6.592
2024-01-01T00:10:07.000927,BTC,42262.3948,42271.1949,1.352,6.191
2024-01-01T00:10:07.250379,ETH,2296.1338,2296.5163,0.674,2.62
2024-01-01T00:10:07.500498,SOL,99.3041,99.3311,1.064,6.422
2024-01-01T00:10:08.000839,SOL,99.2667,99.2954,1.015,0.32
2024-01-01T00:10:08.250971,BTC,42269.2583,42280.0236,0.189,5.155
2024-01-01T00:10:08.250971,ETH,2296.1076,2296.6685,15.639,5.669
2024-01-01T00:10:08.250971,SOL,99.2496,99.2656,0.169,2.867
2024-01-01T00:10:08.500167,SOL,99.2366,99.2512,5.796,1.315
2024-01-01T00:10:08.750875,ETH,2297.5404,2298.0503,0.597,9.489
2024-01-01T00:10:09.000941,SOL,99.2031,99.2177,3.112,6.904
2024-01-01T00:10:09.250798,BTC,42265.5855,42273.9634,3.899,10.997
2024-01-01T00:10:09.250798,SOL,99.2531,99.2668,0.865,5.397
2024-01-01T00:10:09.750923,BTC,42250.3159,42258.7944,1.958,6.748
2024-01-01T00:10:10.500506,ETH,2298.1623,2298.3938,5.968,4.657
2024-01-01T00:10:10.750888,BTC,42241.2764,42250.6958,3.467,3.023
2024-01-01T00:10:11.000139,SOL,99.2575,99.2802,2.371,0.636
2024-01-01T00:10:11.250076,ETH,2296.9296,2297.4086,0.053,1.124
2024-01-01T00:10:11.500312,SOL,99.3003,99.3195,3.709,11.393
2024-01-01T00:10:12.000276,BTC,42238.8443,42247.9418,0.447,4.796
2024-01-01T00:10:12.000276,SOL,99.3025,99.3263,3.186,5.891
2024-01-01T00:10:12.250701,ETH,2297.4079,2297.9358,6.446,0.282
2024-01-01T00:10:12.250701,SOL,99.3471,99.3615,2.764,3.97
2024-01-01T00:10:12.500453,ETH,2298.2096,2298.7473,1.984,0.349
2024-01-01T00:10:12.500453,SOL,99.3231,99.3424,8.444,3.429
2024-01-01T00:10:12.750028,ETH,2296.77,2297.4271,1.305,5.739
2024-01-01T00:10:12.750028,SOL,99.328,99.3576,0.945,11.574
2024-01-01T00:10:13.000926,ETH,2295.4629,2295.9972,13.829,5.108
2024-01-01T00:10:13.250766,ETH,2295.7855,2296.3642,2.127,2.419
2024-01-01T00:10:13.500685,ETH,2295.7581,2296.0058,7.884,5.696
2024-01-01T00:10:14.250939,BTC,42221.177,42229.8771,2.104,7.28
2024-01-01T00:10:14.250939,SOL,99.3088,99.3331,3.631,0.411
2024-01-01T00:10:14.500626,BTC,42233.9414,42238.6576,15.618,7.972
2024-01-01T00:10:14.500626,ETH,2295.5313,2295.9648,1.543,0.136
2024-01-01T00:10:14.750264,ETH,2294.1644,2294.5964,4.472,0.511
2024-01-01T00:10:15.000709,ETH,2293.2642,2293.7733,5.518,6.49
2024-01-01T00:10:16.000529,SOL,99.2339,99.2559,17.271,9.616
2024-01-01T00:10:16.250481,SOL,99.2621,99.2769,3.041,0.547
2024-01-01T00:10:16.500940,BTC,42232.5072,42240.7386,7.909,0.994
2024-01-01T00:10:16.500940,ETH,2293.7317,2293.9828,1.583,8.062
2024-01-01T00:10:17.000554,ETH,2294.4368,2294.7942,3.595,10.748
2024-01-01T00:10:17.250004,BTC,42189.1025,42199.4151,4.352,5.887
2024-01-01T00:10:17.500445,BTC,42155.0547,42163.0959,5.446,0.331
2024-01-01T00:10:17.500445,ETH,2293.8654,2294.3714,0.588,9.172
2024-01-01T00:10:17.750490,SOL,99.2767,99.3043,19.866,2.635
2024-01-01T00:10:18.000139,ETH,2295.7159,2296.3181,0.143,2.714
2024-01-01T00:10:18.250991,BTC,42128.7671,42136.172,0.704,0.699
2024-01-01T00:10:18.250991,ETH,2295.8089,2296.2405,5.623,8.262
2024-01-01T00:10:18.500069,ETH,2296.4774,2296.844,10.287,2.17
2024-01-01T00:10:18.500069,SOL,99.292,99.3035,3.922,0.072
2024-01-01T00:10:19.250303,BTC,42118.1043,42130.1525,0.903,9.638
2024-01-01T00:10:19.250303,ETH,2297.7226,2298.3729,3.704,3.886
2024-01-01T00:10:19.250303,SOL,99.3556,99.384,8.984,4.753
2024-01-01T00:10:19.500944,ETH,2295.8236,2296.5095,9.185,23.101
2024-01-01T00:10:19.500944,SOL,99.3441,99.3571,1.389,5.541
2024-01-01T00:10:20.000171,BTC,42120.0392,42131.5603,14.47,3.701
2024-01-01T00:10:20.000171,ETH,2296.0924,2296.5252,10.306,3.275
2024-01-01T00:10:20.250679,ETH,2295.3158,2295.5586,1.393,0.032
2024-01-01T00:10:20.500851,BTC,42123.4181,42135.8037,15.685,0.036
2024-01-01T00:10:20.500851,SOL,99.2895,99.3144,19.229,5.061
2024-01-01T00:10:20.750248,BTC,42102.7835,42110.5756,1.071,5.254
2024-01-01T00:10:21.000057,BTC,42106.3801,42116.535,3.173,0.314
2024-01-01T00:10:21.250563,BTC,42125.6233,42137.6263,2.973,12.129
2024-01-01T00:10:21.250563,ETH,2295.0548,2295.7301,2.01,2.061
2024-01-01T00:10:21.750300,BTC,42156.3722,42164.0923,17.714,3.855
2024-01-01T00:10:22.250623,BTC,42168.5732,42178.4519,11.403,6.855
2024-01-01T00:10:22.750448,BTC,42165.5594,42175.3365,2.752,0.882
2024-01-01T00:10:22.750448,ETH,2294.4464,2294.9868,1.636,0.87
2024-01-01T00:10:23.000060,BTC,42194.1932,42206.3811,0.242,9.811
2024-01-01T00:10:23.000060,SOL,99.3323,99.3595,2.357,3.93
2024-01-01T00:10:23.500468,BTC,42188.0854,42199.1242,1.973,3.066
2024-01-01T00:10:24.250376,BTC,42170.7313,42176.9729,4.96,0.719
2024-01-01T00:10:24.250376,ETH,2296.2095,2296.4918,3.607,10.41
2024-01-01T00:10:24.250376,SOL,99.3628,99.3796,0.874,1.877
2024-01-01T00:10:24.750660,SOL,99.3703,99.3976,4.711,6.185
2024-01-01T00:10:25.000302,ETH,2296.5403,2297.0754,3.208,2.437
2024-01-01T00:10:25.000302,SOL,99.4443,99.4583,3.596,7.45
2024-01-01T00:10:25.250973,BTC,42175.1674,42186.6258,0.946,13.838
2024-01-01T00:10:26.000581,BTC,42164.3043,42168.7479,12.956,3.255
2024-01-01T00:10:26.000581,ETH,2296.9036,2297.5487,1.965,2.61
2024-01-01T00:10:26.250747,SOL,99.389,99.4032,7.287,4.883
2024-01-01T00:10:26.500913,ETH,2296.3215,2296.6101,7.305,0.817
2024-01-01T00:10:26.750724,BTC,42164.6297,42169.5513,1.267,0.484
2024-01-01T00:10:26.750724,ETH,2297.3777,2298.0444,0.26,3.938
2024-01-01T00:10:26.750724,SOL,99.3992,99.4167,2.657,8.292
2024-01-01T00:10:27.250712,BTC,42152.7354,42163.3624,10.643,4.918
2024-01-01T00:10:27.750812,ETH,2297.584,2298.2122,0.594,6.404
2024-01-01T00:10:27.750812,SOL,99.4164,99.4452,1.529,2.293
2024-01-01T00:10:28.000531,ETH,2297.1666,2297.7251,3.024,6.954
2024-01-01T00:10:28.250155,BTC,42167.9989,42173.9785,2.507,9.017
2024-01-01T00:10:28.250155,SOL,99.36,99.3829,9.579,6.82
2024-01-01T00:10:28.500323,SOL,99.3901,99.4122,9.82,1.152
2024-01-01T00:10:29.000619,BTC,42196.6372,42206.8983,21.643,1.424
2024-01-01T00:10:29.000619,ETH,2295.7468,2296.1225,8.541,7.601
2024-01-01T00:10:29.250202,BTC,42199.9407,42205.9859,1.213,0.155
2024-01-01T00:10:29.250202,ETH,2294.7125,2295.0729,5.951,5.913
2024-01-01T00:10:29.500249,ETH,2294.4159,2294.9105,1.032,3.718
2024-01-01T00:10:29.750144,ETH,2294.2268,2294.8556,1.189,7.333
2024-01-01T00:10:30.000986,BTC,42214.0939,42220.94,9.9,7.532
2024-01-01T00:10:30.000986,SOL,99.381,99.4084,9.2,1.069
2024-01-01T00:10:30.250544,BTC,42203.5239,42209.9233,1.342,1.474
2024-01-01T00:10:30.250544,ETH,2292.861,2293.3275,6.698,14.388
2024-01-01T00:10:30.500090,BTC,42217.3247,42224.9273,0.558,2.024
2024-01-01T00:10:30.500090,SOL,99.3867,99.3967,0.546,6.917
2024-01-01T00:10:30.750818,BTC,42237.3916,42245.328,3.927,6.133
2024-01-01T00:10:30.750818,SOL,99.3643,99.3804,12.471,9.822
2024-01-01T00:10:31.000077,BTC,42234.6242,42243.9808,2.551,6.898
2024-01-01T00:10:31.000077,ETH,2292.5729,2293.2476,12.027,0.965
2024-01-01T00:10:31.250771,BTC,42220.6498,42232.0449,7.545,9.342
2024-01-01T00:10:31.500898,SOL,99.3052,99.3307,0.145,1.312
2024-01-01T00:10:31.750423,SOL,99.2836,99.3039,8.044,3.189
2024-01-01T00:10:32.250399,SOL,99.2164,99.2388,0.109,7.803
2024-01-01T00:10:32.500030,ETH,2291.7877,2292.33,11.87,0.169
2024-01-01T00:10:32.750771,ETH,2291.4679,2292.1376,8.382,0.173
2024-01-01T00:10:32.750771,SOL,99.2975,99.3171,4.225,6.233
2024-01-01T00:10:33.000897,ETH,2292.2228,2292.7332,2.449,4.291
2024-01-01T00:10:33.500172,ETH,2291.944,2292.6165,6.783,27.669
2024-01-01T00:10:33.750457,BTC,42213.2592,42224.0938,5.972,1.92
2024-01-01T00:10:33.750457,ETH,2293.2725,2293.5557,2.632,1.197
2024-01-01T00:10:33.750457,SOL,99.2848,99.3068,6.337,5.805
2024-01-01T00:10:34.000047,BTC,42241.671,42249.6551,3.129,16.9
2024-01-01T00:10:34.250277,SOL,99.2646,99.2779,6.114,5.068
2024-01-01T00:10:34.500251,BTC,42210.6772,42217.8587,0.811,28.212
2024-01-01T00:10:35.000213,BTC,42233.2122,42240.6321,5.07,15.038
2024-01-01T00:10:35.750118,ETH,2294.5958,2295.1523,0.426,0.544
2024-01-01T00:10:36.000310,BTC,42236.4987,42244.8579,16.047,8.392
2024-01-01T00:10:36.250189,BTC,42200.2312,42212.8931,5.53,17.615
2024-01-01T00:10:36.500647,BTC,42204.793,42209.814,0.453,5.246
2024-01-01T00:10:36.500647,SOL,99.3004,99.3137,3.299,17.805
2024-01-01T00:10:36.750745,BTC,42186.7273,42197.013,1.136,24.634
2024-01-01T00:10:36.750745,SOL,99.2894,99.3055,7.094,5.523
2024-01-01T00:10:37.250830,BTC,42181.169,42190.7158,6.968,2.697
2024-01-01T00:10:37.500037,SOL,99.2857,99.3056,4.505,5.58
2024-01-01T00:10:37.750503,SOL,99.2743,99.2936,1.687,9.956
2024-01-01T00:10:38.000404,BTC,42186.4364,42191.7795,3.183,2.235
2024-01-01T00:10:38.250600,BTC,42167.8828,42179.3465,8.211,1.077
2024-01-01T00:10:38.250600,ETH,2294.8498,2295.1477,1.028,18.438
2024-01-01T00:10:38.500221,BTC,42166.629,42178.4713,2.118,15.291
2024-01-01T00:10:39.000232,BTC,42143.7588,42151.6208,2.099,5.211
2024-01-01T00:10:39.000232,SOL,99.2463,99.2658,5.01,4.502
2024-01-01T00:10:39.500504,ETH,2295.8299,2296.1281,14.383,5.973
2024-01-01T00:10:39.750476,BTC,42152.1937,42158.2566,5.607,1.03
2024-01-01T00:10:39.750476,ETH,2294.0998,2294.3454,8.301,6.32
2024-01-01T00:10:40.000054,BTC,42145.2372,42154.9737,1.445,11.322
2024-01-01T00:10:40.000054,SOL,99.2101,99.2377,1.095,0.661
2024-01-01T00:10:40.250908,ETH,2292.8319,2293.099,2.232,3.336
2024-01-01T00:10:40.750693,BTC,42161.0888,42173.3129,4.236,2.436
2024-01-01T00:10:40.750693,ETH,2293.2618,2293.6299,8.919,0.778
2024-01-01T00:10:41.250992,SOL,99.1808,99.2051,0.712,24.17
2024-01-01T00:10:41.750688,ETH,2293.2246,2293.5296,4.505,2.343
2024-01-01T00:10:42.000817,ETH,2292.9867,2293.3977,2.849,12.124
2024-01-01T00:10:42.750091,ETH,2292.5061,2292.7827,2.173,7.123
2024-01-01T00:10:43.000586,SOL,99.1867,99.2084,0.036,4.063
2024-01-01T00:10:43.500032,BTC,42161.7604,42171.5615,6.665,14.494
2024-01-01T00:10:44.000747,BTC,42153.3331,42165.2906,3.008,4.154
2024-01-01T00:10:44.000747,ETH,2292.4619,2292.7352,0.661,4.622
2024-01-01T00:10:44.250993,ETH,2292.2065,2292.8296,0.838,1.852
2024-01-01T00:10:44.750286,BTC,42183.8733,42194.7319,4.79,0.117
2024-01-01T00:10:44.750286,ETH,2292.2234,2292.6429,12.343,7.374
2024-01-01T00:10:45.000110,BTC,42174.6217,42180.9225,1.587,2.858
2024-01-01T00:10:45.000110,ETH,2292.9707,2293.6193,7.87,5.834
2024-01-01T00:10:45.250903,BTC,42177.3418,42187.563,0.701,14.357
2024-01-01T00:10:45.500453,BTC,42142.8525,42151.5236,7.005,3.49
2024-01-01T00:10:45.500453,ETH,2293.3837,2293.8912,2.582,1.92
2024-01-01T00:10:45.500453,SOL,99.157,99.17,1.953,0.811
2024-01-01T00:10:45.750848,SOL,99.1801,99.2074,2.218,3.758
2024-01-01T00:10:46.000181,ETH,2293.114,2293.5065,0.164,1.34
2024-01-01T00:10:46.000181,SOL,99.1541,99.1812,2.72,1.718
2024-01-01T00:10:46.250926,BTC,42138.4108,42149.3883,1.191,2.574
2024-01-01T00:10:46.500902,BTC,42147.5665,42158.6316,0.226,7.023
2024-01-01T00:10:46.500902,SOL,99.1713,99.1882,7.771,6.192
2024-01-01T00:10:46.750718,BTC,42128.6183,42133.1887,8.817,0.654
2024-01-01T00:10:46.750718,ETH,2292.641,2292.9696,0.702,3.924
2024-01-01T00:10:47.000323,ETH,2291.2016,2291.6516,7.799,0.058
2024-01-01T00:10:47.250876,ETH,2290.398,2290.7988,0.282,6.885
2024-01-01T00:10:47.250876,SOL,99.1546,99.176,1.052,2.564
2024-01-01T00:10:47.500382,BTC,42148.2651,42155.4835,0.644,0.498
2024-01-01T00:10:47.750448,BTC,42126.8317,42131.6918,0.039,0.058
2024-01-01T00:10:47.750448,SOL,99.1825,99.1957,9.027,15.881
2024-01-01T00:10:48.250832,BTC,42126.7304,42133.918,16.314,0.215
2024-01-01T00:10:48.250832,SOL,99.1516,99.1626,24.158,1.199
2024-01-01T00:10:48.750261,ETH,2289.547,2290.2255,11.775,7.779
2024-01-01T00:10:49.000938,BTC,42093.1981,42100.6773,28.48,2.315
2024-01-01T00:10:49.000938,ETH,2290.2999,2290.9099,0.328,0.427
2024-01-01T00:10:49.500186,BTC,42104.454,42113.5809,6.843,7.326
2024-01-01T00:10:50.000866,BTC,42091.9983,42097.1148,7.194,9.837
2024-01-01T00:10:50.000866,ETH,2290.0256,2290.2845,7.023,9.243
2024-01-01T00:10:50.000866,SOL,99.1945,99.2198,14.187,11.034
2024-01-01T00:10:50.250259,BTC,42109.6727,42120.591,2.613,0.217
2024-01-01T00:10:50.250259,ETH,2288.4534,2288.7997,8.16,4.013
2024-01-01T00:10:50.500287,SOL,99.1375,99.1655,3.481,2.672
2024-01-01T00:10:51.000936,ETH,2288.3872,2288.7416,1.82,5.47
2024-01-01T00:10:51.000936,SOL,99.1972,99.2143,13.29,28.743
2024-01-01T00:10:51.250441,BTC,42124.9598,42134.4566,1.696,2.606
2024-01-01T00:10:51.250441,ETH,2287.1932,2287.6967,2.119,0.23
2024-01-01T00:10:51.500142,ETH,2288.6086,2289.0093,3.657,4.367
2024-01-01T00:10:52.250804,ETH,2288.5114,2288.9215,2.378,9.138
2024-01-01T00:10:52.500161,BTC,42097.7649,42109.9906,1.155,6.308
2024-01-01T00:10:52.500161,ETH,2290.1755,2290.4867,1.135,0.821
2024-01-01T00:10:53.000153,BTC,42083.3964,42089.5214,1.111,0.459
2024-01-01T00:10:53.250983,SOL,99.2433,99.2675,0.66,4.638
2024-01-01T00:10:53.500943,ETH,2289.9811,2290.5732,1.623,5.992
2024-01-01T00:10:53.500943,SOL,99.1864,99.1969,11.683,13.035
2024-01-01T00:10:53.750227,BTC,42109.2362,42119.1829,5.042,10.435
2024-01-01T00:10:54.000437,ETH,2289.0509,2289.5051,14.094,10.031
2024-01-01T00:10:54.250668,BTC,42135.0554,42142.496,9.885,0.887
2024-01-01T00:10:54.500830,BTC,42142.0125,42149.0297,3.505,3.004
2024-01-01T00:10:54.500830,SOL,99.1958,99.2157,15.014,0.776
2024-01-01T00:10:54.750505,ETH,2290.3801,2290.9518,0.686,1.943
2024-01-01T00:10:54.750505,SOL,99.1479,99.1689,1.032,0.128
2024-01-01T00:10:55.000235,SOL,99.1611,99.1762,2.527,2.856
2024-01-01T00:10:55.250725,BTC,42155.975,42164.3661,1.935,5.959
2024-01-01T00:10:55.250725,ETH,2291.231,2291.765,0.286,3.199
2024-01-01T00:10:55.750302,ETH,2291.8577,2292.3783,0.649,8.181
2024-01-01T00:10:56.000391,SOL,99.1552,99.1665,7.941,9.492
2024-01-01T00:10:56.250232,BTC,42156.2079,42165.32,2.998,4.867
2024-01-01T00:10:56.500301,BTC,42169.6874,42178.9628,2.265,6.214
2024-01-01T00:10:57.250527,BTC,42190.3356,42194.9349,12.618,1.206
2024-01-01T00:10:57.250527,ETH,2291.1096,2291.7379,1.939,4.068
2024-01-01T00:10:58.250875,ETH,2292.7404,2293.2655,0.679,4.35
2024-01-01T00:10:58.750725,ETH,2292.554,2292.7883,1.779,7.554
2024-01-01T00:10:59.250096,BTC,42189.1003,42195.0543,2.078,8.34
2024-01-01T00:10:59.250096,SOL,99.2386,99.2589,1.85,9.838
2024-01-01T00:10:59.500100,BTC,42185.6792,42197.2642,6.919,3.153
2024-01-01T00:10:59.500100,SOL,99.2566,99.2807,13.9,7.786
2024-01-01T00:10:59.750972,ETH,2290.72,2291.2022,4.91,2.328
2024-01-01T00:10:59.750972,SOL,99.3454,99.3677,3.462,7.026
2024-01-01T00:11:00.250409,SOL,99.3595,99.3736,7.471,0.468
2024-01-01T00:11:00.500609,BTC,42170.6604,42177.7967,7.446,27.455
2024-01-01T00:11:00.500609,ETH,2289.8462,2290.1349,1.119,4.669
2024-01-01T00:11:00.750372,ETH,2290.2448,2290.6149,17.059,1.84
2024-01-01T00:11:00.750372,SOL,99.4061,99.4191,0.388,24.684
2024-01-01T00:11:01.000089,BTC,42165.5626,42175.9039,15.055,0.512
2024-01-01T00:11:01.000089,SOL,99.352,99.3681,4.956,8.066
2024-01-01T00:11:01.250978,BTC,42170.171,42182.6656,3.281,3.778
2024-01-01T00:11:01.500236,ETH,2289.9248,2290.5207,7.171,3.063
2024-01-01T00:11:01.500236,SOL,99.3356,99.3489,2.261,8.008
2024-01-01T00:11:02.000770,SOL,99.3679,99.3802,5.717,1.843
2024-01-01T00:11:02.250853,ETH,2289.2033,2289.8024,6.55,9.487
2024-01-01T00:11:02.250853,SOL,99.2999,99.3271,5.802,2.725
2024-01-01T00:11:02.500689,ETH,2289.2282,2289.6304,17.246,9.902
2024-01-01T00:11:02.750217,SOL,99.2825,99.2964,3.367,9.152
2024-01-01T00:11:03.500453,SOL,99.2765,99.3034,11.882,9.958
2024-01-01T00:11:04.250657,ETH,2287.6843,2288.0411,10.083,0.165
2024-01-01T00:11:04.500544,BTC,42182.4697,42192.8428,2.325,2.578
2024-01-01T00:11:04.750999,ETH,2287.6389,2288.3105,10.416,0.457
2024-01-01T00:11:05.000858,BTC,42196.4823,42201.5746,8.102,10.581
2024-01-01T00:11:05.250210,BTC,42191.3884,42197.9803,2.785,5.883
2024-01-01T00:11:05.500139,SOL,99.3201,99.3367,0.793,0.276
2024-01-01T00:11:05.750589,BTC,42194.4431,42199.4121,0.986,3.359
2024-01-01T00:11:06.250883,ETH,2287.5335,2287.8606,1.939,9.91
2024-01-01T00:11:06.500604,BTC,42168.8407,42180.7448,5.523,7.317
2024-01-01T00:11:07.000122,ETH,2289.2741,2289.8322,12.784,9.928
2024-01-01T00:11:07.000122,SOL,99.2872,99.309,4.437,16.818
2024-01-01T00:11:07.500009,BTC,42170.4089,42180.4756,7.537,0.059
2024-01-01T00:11:07.750372,BTC,42190.6618,42195.2256,0.182,3.035
2024-01-01T00:11:08.000524,ETH,2289.5011,2289.9671,7.322,3.104
2024-01-01T00:11:08.500629,BTC,42200.8375,42212.3948,3.527,7.848
2024-01-01T00:11:09.000674,SOL,99.3206,99.3343,4.912,3.092
2024-01-01T00:11:09.250446,BTC,42199.1823,42206.9758,4.904,0.278
2024-01-01T00:11:09.250446,ETH,2288.6129,2289.2233,5.234,11.46
2024-01-01T00:11:09.500390,BTC,42219.8692,42231.6209,12.054,2.218
2024-01-01T00:11:10.000167,BTC,42226.0743,42231.53,18.382,4.699
2024-01-01T00:11:10.000167,SOL,99.3089,99.3321,3.793,6.016
2024-01-01T00:11:10.250709,ETH,2289.1868,2289.8317,1.79,10.377
2024-01-01T00:11:10.250709,SOL,99.3146,99.3426,2.128,3.782
2024-01-01T00:11:10.750830,ETH,2291.6239,2292.1816,5.082,1.983
2024-01-01T00:11:10.750830,SOL,99.3498,99.3693,9.815,1.04
2024-01-01T00:11:11.000141,ETH,2290.823,2291.2147,15.697,3.51
2024-01-01T00:11:11.250702,SOL,99.348,99.359,3.601,4.281
2024-01-01T00:11:11.500872,ETH,2290.9597,2291.5287,3.021,0.545
2024-01-01T00:11:11.500872,SOL,99.3345,99.3554,4.4,0.612
2024-01-01T00:11:11.750333,ETH,2290.332,2290.678,2.615,1.716
2024-01-01T00:11:11.750333,SOL,99.2614,99.2832,2.24,7.659
2024-01-01T00:11:12.000819,SOL,99.2936,99.3047,7.066,0.72
2024-01-01T00:11:12.500381,ETH,2290.1487,2290.6133,0.803,1.702
2024-01-01T00:11:12.750481,ETH,2289.7237,2290.1195,20.454,3.964
2024-01-01T00:11:13.000917,BTC,42218.0808,42225.988,0.711,5.662
2024-01-01T00:11:13.000917,SOL,99.2086,99.225,4.411,2.104
2024-01-01T00:11:13.250457,BTC,42218.3093,42225.0743,7.622,12.111
2024-01-01T00:11:13.500064,SOL,99.2027,99.2147,11.844,5.066
2024-01-01T00:11:13.750344,SOL,99.2396,99.2654,15.877,2.758
2024-01-01T00:11:14.500093,BTC,42184.3582,42192.0987,6.321,1.739
2024-01-01T00:11:14.750237,BTC,42149.7594,42160.5379,4.786,16.838
2024-01-01T00:11:15.250201,ETH,2289.055,2289.4698,0.249,4.722
2024-01-01T00:11:16.000540,BTC,42170.2454,42175.3006,7.051,7.412
2024-01-01T00:11:16.000540,ETH,2288.6523,2289.285,10.63,8.158
2024-01-01T00:11:16.250716,BTC,42161.3792,42169.009,1.727,1.629
2024-01-01T00:11:16.250716,SOL,99.3059,99.325,4.091,7.273
2024-01-01T00:11:16.750095,SOL,99.2739,99.2943,5.45,1.826
2024-01-01T00:11:17.000393,SOL,99.2643,99.2761,1.98,8.254
2024-01-01T00:11:17.250669,BTC,42160.6282,42166.1313,2.381,7.898
2024-01-01T00:11:17.500978,SOL,99.2526,99.2803,5.413,3.859
2024-01-01T00:11:18.000272,ETH,2289.7745,2290.109,6.138,7.426
2024-01-01T00:11:18.000272,SOL,99.2718,99.2899,12.623,6.135
2024-01-01T00:11:18.250986,BTC,42154.671,42161.1254,2.0,4.387
2024-01-01T00:11:18.750693,BTC,42152.0025,42163.6945,2.057,9.477
2024-01-01T00:11:19.000261,SOL,99.3132,99.3282,2.849,1.071
2024-01-01T00:11:19.250259,BTC,42159.418,42164.1524,0.818,19.734
2024-01-01T00:11:19.250259,SOL,99.3038,99.3202,4.993,0.486
2024-01-01T00:11:19.750324,ETH,2290.0243,2290.2934,1.527,1.038
2024-01-01T00:11:19.750324,SOL,99.2285,99.2478,2.752,6.193
2024-01-01T00:11:20.000874,SOL,99.2005,99.2145,0.503,2.573
2024-01-01T00:11:20.250761,ETH,2290.0823,2290.4779,0.679,0.425
2024-01-01T00:11:20.750720,BTC,42152.5906,42162.0037,2.804,15.789
2024-01-01T00:11:20.750720,ETH,2291.0129,2291.3308,1.871,10.1
2024-01-01T00:11:21.500158,BTC,42142.7858,42149.0725,4.703,2.93
2024-01-01T00:11:21.500158,ETH,2290.158,2290.5694,0.221,1.253
2024-01-01T00:11:21.750347,ETH,2290.6316,2291.0686,2.016,0.811
2024-01-01T00:11:21.750347,SOL,99.2242,99.2466,3.203,0.296
2024-01-01T00:11:22.000321,BTC,42147.976,42152.256,16.115,11.687
2024-01-01T00:11:22.250979,BTC,42154.5855,42164.6854,0.479,2.415
2024-01-01T00:11:22.500814,BTC,42158.6929,42169.6848,7.141,12.569
2024-01-01T00:11:22.500814,ETH,2290.019,2290.2855,10.225,2.009
2024-01-01T00:11:22.750192,BTC,42154.2698,42159.3984,3.754,0.163
2024-01-01T00:11:23.000643,ETH,2291.4141,2291.7829,9.696,5.284
2024-01-01T00:11:23.000643,SOL,99.237,99.2532,0.256,1.251
2024-01-01T00:11:23.250793,SOL,99.2115,99.2287,1.802,3.132
2024-01-01T00:11:23.500002,ETH,2292.7099,2293.1252,23.472,1.328
2024-01-01T00:11:23.500002,SOL,99.1998,99.2189,8.815,6.866
2024-01-01T00:11:24.000824,BTC,42147.799,42153.8027,12.105,8.567
2024-01-01T00:11:24.000824,ETH,2291.6018,2292.0024,3.766,3.026
2024-01-01T00:11:24.250096,SOL,99.137,99.1621,0.358,0.295
2024-01-01T00:11:24.750666,BTC,42100.5663,42107.9412,5.158,0.142
2024-01-01T00:11:24.750666,SOL,99.0727,99.0896,6.318,4.964
2024-01-01T00:11:25.250021,SOL,99.0743,99.0845,3.861,5.221
2024-01-01T00:11:25.500668,ETH,2292.1119,2292.6445,0.872,0.132
2024-01-01T00:11:25.750392,ETH,2291.0465,2291.672,6.726,0.134
2024-01-01T00:11:26.000858,BTC,42091.8527,42101.5295,4.453,9.3
2024-01-01T00:11:26.000858,ETH,2293.1925,2293.651,2.606,0.92
2024-01-01T00:11:26.750987,ETH,2291.0388,2291.5404,2.474,8.001
2024-01-01T00:11:27.000152,BTC,42118.1198,42123.3438,1.145,2.565
2024-01-01T00:11:27.250289,SOL,99.007,99.024,2.762,6.872
2024-01-01T00:11:27.500739,ETH,2289.8871,2290.4508,3.367,3.432
2024-01-01T00:11:28.000670,ETH,2289.6682,2290.0743,4.322,3.171
2024-01-01T00:11:28.250862,BTC,42122.8911,42134.6202,2.774,4.313
2024-01-01T00:11:28.500378,BTC,42151.2718,42155.804,4.932,1.407
2024-01-01T00:11:28.750801,ETH,2289.2465,2289.5541,0.729,5.628
2024-01-01T00:11:29.000516,BTC,42166.0751,42171.8632,0.858,4.469
2024-01-01T00:11:29.000516,ETH,2289.2213,2289.5559,18.163,8.063
2024-01-01T00:11:29.000516,SOL,98.986,99.0046,3.082,2.824
2024-01-01T00:11:29.250008,ETH,2288.8712,2289.2711,7.095,5.226
2024-01-01T00:11:29.500506,SOL,98.9063,98.9342,5.533,1.189
2024-01-01T00:11:29.750211,BTC,42140.5668,42145.3602,2.006,2.167
2024-01-01T00:11:29.750211,ETH,2288.7092,2289.3816,0.859,4.823
2024-01-01T00:11:30.000605,SOL,98.8896,98.9109,2.612,2.371
2024-01-01T00:11:30.500233,SOL,98.8706,98.896,0.349,1.782
2024-01-01T00:11:31.250637,ETH,2289.615,2289.9564,2.974,15.314
2024-01-01T00:11:31.250637,SOL,98.8279,98.8478,5.028,0.531
2024-01-01T00:11:31.500511,BTC,42146.2045,42153.7546,5.15,10.226
2024-01-01T00:11:31.500511,ETH,2290.3971,2291.0536,5.81,2.425
2024-01-01T00:11:32.000256,SOL,98.8145,98.8414,6.946,1.413
2024-01-01T00:11:32.750078,BTC,42164.5509,42173.6433,7.431,0.573
2024-01-01T00:11:32.750078,ETH,2290.496,2290.7642,0.976,12.188
2024-01-01T00:11:33.000408,BTC,42193.3749,42201.9376,11.793,2.058
2024-01-01T00:11:33.250124,BTC,42185.7553,42193.009,8.138,0.757
2024-01-01T00:11:33.250124,SOL,98.7766,98.8043,5.964,10.571
2024-01-01T00:11:33.500449,ETH,2291.1088,2291.676,1.812,0.982
2024-01-01T00:11:33.750163,ETH,2291.5513,2291.8322,0.584,0.034
2024-01-01T00:11:34.000591,ETH,2291.9718,2292.2037,0.643,0.885
2024-01-01T00:11:34.000591,SOL,98.8129,98.8287,0.22,0.265
2024-01-01T00:11:34.250662,BTC,42176.9108,42185.374,16.139,2.48
2024-01-01T00:11:34.250662,ETH,2293.1474,2293.4108,3.909,3.112
2024-01-01T00:11:34.750279,SOL,98.8208,98.8437,11.148,0.518
2024-01-01T00:11:35.250556,BTC,42182.7076,42192.9615,0.062,0.67
2024-01-01T00:11:35.750959,ETH,2293.031,2293.6272,8.398,3.213
2024-01-01T00:11:36.250725,ETH,2294.053,2294.5298,10.458,10.018
2024-01-01T00:11:36.250725,SOL,98.8811,98.8945,1.727,5.826
2024-01-01T00:11:36.500903,ETH,2294.3507,2294.8892,8.146,4.561
2024-01-01T00:11:36.750817,ETH,2294.6487,2295.2845,2.871,8.325
2024-01-01T00:11:37.250564,BTC,42199.1418,42204.9258,4.055,0.546
2024-01-01T00:11:37.250564,SOL,98.8573,98.8804,0.91,8.985
2024-01-01T00:11:37.500436,SOL,98.875,98.8977,1.321,11.706
2024-01-01T00:11:37.750666,BTC,42174.7728,42183.8736,0.367,0.42
2024-01-01T00:11:37.750666,SOL,98.8724,98.8861,1.435,6.14
2024-01-01T00:11:38.000354,BTC,42141.944,42151.6836,3.422,2.35
2024-01-01T00:11:38.000354,SOL,98.8864,98.9019,4.312,4.733
2024-01-01T00:11:38.500243,ETH,2294.9253,2295.2831,2.224,6.897
2024-01-01T00:11:38.750103,BTC,42128.3916,42139.735,1.047,0.176
2024-01-01T00:11:38.750103,ETH,2294.6098,2294.9348,5.836,0.581
2024-01-01T00:11:39.000350,BTC,42152.3945,42158.5525,9.851,13.419
2024-01-01T00:11:39.000350,SOL,98.9257,98.9406,3.379,3.432
2024-01-01T00:11:39.250145,BTC,42130.4336,42136.8448,2.722,6.054
2024-01-01T00:11:40.000759,SOL,98.9601,98.9763,4.354,1.4
2024-01-01T00:11:40.250912,ETH,2293.8643,2294.5482,0.556,0.081
2024-01-01T00:11:40.500055,ETH,2295.8287,2296.3675,0.134,1.339
2024-01-01T00:11:40.500055,SOL,98.9403,98.9661,1.395,2.702
2024-01-01T00:11:41.000723,BTC,42113.3009,42118.6472,1.518,2.747
2024-01-01T00:11:41.500286,BTC,42107.5497,42114.3834,3.422,1.198
2024-01-01T00:11:41.500286,ETH,2296.7172,2296.9773,0.23,0.105
2024-01-01T00:11:41.500286,SOL,98.973,98.9831,1.729,1.111
2024-01-01T00:11:41.750375,BTC,42107.6391,42112.9716,6.378,7.132
2024-01-01T00:11:41.750375,SOL,98.9121,98.941,2.752,9.853
2024-01-01T00:11:42.500448,ETH,2295.3708,2295.6595,1.198,3.851
2024-01-01T00:11:42.750658,ETH,2295.4559,2295.9043,0.198,2.241
2024-01-01T00:11:42.750658,SOL,98.9139,98.9338,8.832,5.181
2024-01-01T00:11:43.000848,SOL,98.8689,98.8978,4.323,2.577
2024-01-01T00:11:43.250693,BTC,42085.7104,42092.8474,3.313,1.921
2024-01-01T00:11:43.250693,ETH,2294.2686,2294.759,7.289,3.875
2024-01-01T00:11:43.500033,ETH,2294.6,2294.9133,0.423,4.145
2024-01-01T00:11:43.750321,ETH,2295.0451,2295.7232,6.714,16.557
2024-01-01T00:11:44.250273,BTC,42084.2474,42094.8442,12.529,6.159
2024-01-01T00:11:44.500995,ETH,2294.8569,2295.4149,6.545,18.435
2024-01-01T00:11:44.750695,ETH,2294.8771,2295.4554,0.352,0.666
2024-01-01T00:11:45.000375,ETH,2294.0443,2294.7067,0.498,10.934
2024-01-01T00:11:45.250418,ETH,2293.8905,2294.1778,1.729,8.679
2024-01-01T00:11:45.250418,SOL,98.9751,98.9901,3.977,3.175
2024-01-01T00:11:45.750772,BTC,42086.3775,42093.7534,2.751,3.776
2024-01-01T00:11:45.750772,SOL,99.0036,99.0295,5.687,7.028
2024-01-01T00:11:46.000058,BTC,42107.1281,42112.1906,3.118,4.895
2024-01-01T00:11:46.000058,SOL,98.9959,99.0138,4.262,1.668
2024-01-01T00:11:46.250951,ETH,2291.6038,2291.9453,1.422,8.412
2024-01-01T00:11:46.750022,BTC,42127.3538,42133.6063,7.113,1.579
2024-01-01T00:11:46.750022,ETH,2292.8206,2293.265,0.144,8.37
2024-01-01T00:11:47.000141,BTC,42104.9869,42116.5702,5.57,1.15
2024-01-01T00:11:47.000141,ETH,2291.1946,2291.4361,0.74,2.384
2024-01-01T00:11:47.000141,SOL,98.9474,98.9652,4.374,0.271
2024-01-01T00:11:47.250691,BTC,42122.7101,42133.5301,2.879,21.464
2024-01-01T00:11:47.750318,BTC,42154.3173,42159.7275,7.854,0.446
2024-01-01T00:11:48.000898,BTC,42171.1874,42176.4781,5.124,2.3
2024-01-01T00:11:48.000898,ETH,2290.8936,2291.4032,8.492,5.349
2024-01-01T00:11:48.000898,SOL,98.9552,98.9761,4.497,8.728
2024-01-01T00:11:48.250710,BTC,42179.2646,42189.1329,13.512,2.027
2024-01-01T00:11:48.250710,SOL,98.9995,99.0195,4.408,10.707
2024-01-01T00:11:49.000399,BTC,42160.4321,42169.6013,0.173,2.786
2024-01-01T00:11:49.000399,ETH,2292.0199,2292.6497,12.88,2.473
2024-01-01T00:11:49.000399,SOL,99.0,99.0246,3.058,8.205
2024-01-01T00:11:49.500297,SOL,99.0108,99.0238,2.235,8.299
2024-01-01T00:11:50.000862,ETH,2291.9236,2292.4112,2.53,0.731
2024-01-01T00:11:50.500304,BTC,42147.3423,42156.0353,14.757,13.889
2024-01-01T00:11:50.750805,ETH,2291.1401,2291.559,1.523,13.049
2024-01-01T00:11:51.000728,SOL,98.9976,99.0172,10.361,5.714
2024-01-01T00:11:51.250820,BTC,42119.7316,42130.0888,3.765,0.712
2024-01-01T00:11:51.250820,SOL,98.972,98.9989,12.28,3.229
2024-01-01T00:11:51.500727,BTC,42113.2399,42123.0645,19.197,1.63
2024-01-01T00:11:51.500727,ETH,2290.8569,2291.3391,1.316,0.414
2024-01-01T00:11:51.500727,SOL,98.9925,99.0026,0.73,10.18
2024-01-01T00:11:51.750735,SOL,99.0311,99.0553,0.724,7.567
2024-01-01T00:11:52.000502,ETH,2290.5648,2290.8902,6.007,1.223
2024-01-01T00:11:52.250467,BTC,42120.0974,42128.691,1.216,2.708
2024-01-01T00:11:52.250467,ETH,2289.0121,2289.6187,2.113,0.21
2024-01-01T00:11:52.250467,SOL,99.0135,99.0285,11.223,4.926
2024-01-01T00:11:52.750351,BTC,42123.8615,42132.2595,2.241,2.204
2024-01-01T00:11:52.750351,SOL,98.9868,99.0077,1.255,5.472
2024-01-01T00:11:53.000370,BTC,42118.7513,42128.2097,9.204,3.147
2024-01-01T00:11:53.000370,SOL,99.0741,99.0987,3.641,0.265
2024-01-01T00:11:53.500027,SOL,99.0438,99.0667,3.247,10.256
2024-01-01T00:11:53.750124,SOL,99.1061,99.1273,7.401,0.704
2024-01-01T00:11:54.000832,BTC,42118.0976,42127.5388,7.565,4.889
2024-01-01T00:11:54.000832,SOL,99.1057,99.1342,3.73,0.292
2024-01-01T00:11:54.250003,ETH,2289.2563,2289.6392,0.927,7.931
2024-01-01T00:11:54.750332,BTC,42080.9119,42085.1613,2.068,6.993
2024-01-01T00:11:54.750332,ETH,2288.6188,2289.1309,11.97,0.968
2024-01-01T00:11:55.000402,BTC,42087.2999,42094.3637,3.885,0.667
2024-01-01T00:11:55.000402,ETH,2289.5619,2289.9321,17.155,1.281
2024-01-01T00:11:55.500678,BTC,42075.4486,42086.8805,11.73,0.564
2024-01-01T00:11:55.750991,BTC,42109.3171,42118.2108,5.678,5.574
2024-01-01T00:11:56.750899,ETH,2288.8485,2289.5345,13.039,1.497
2024-01-01T00:11:57.750975,BTC,42089.9192,42097.0101,3.429,0.76
2024-01-01T00:11:57.750975,SOL,99.1119,99.1328,2.088,5.39
2024-01-01T00:11:58.000357,ETH,2288.8272,2289.4112,2.395,0.035
2024-01-01T00:11:58.250830,SOL,99.1424,99.1538,12.052,1.411
2024-01-01T00:11:59.250605,BTC,42123.0157,42134.5395,3.349,1.847
2024-01-01T00:11:59.250605,ETH,2288.4848,2289.047,8.741,11.677
2024-01-01T00:11:59.750756,BTC,42120.0097,42132.4136,8.959,2.874
2024-01-01T00:11:59.750756,ETH,2288.6763,2289.046,1.601,3.357
2024-01-01T00:11:59.750756,SOL,99.079,99.0901,0.576,6.622
2024-01-01T00:12:00.000481,BTC,42125.1531,42134.1853,0.429,0.878
2024-01-01T00:12:00.000481,ETH,2289.2299,2289.8571,8.994,3.713
2024-01-01T00:12:00.750372,ETH,2290.6058,2291.0089,0.035,1.896
2024-01-01T00:12:01.000913,BTC,42117.2207,42127.2089,6.708,2.315
2024-01-01T00:12:01.500996,ETH,2289.1166,2289.5021,5.119,4.411
2024-01-01T00:12:02.000147,ETH,2289.1555,2289.4607,2.82,5.807
2024-01-01T00:12:02.250621,BTC,42126.0303,42135.9685,5.183,2.826
2024-01-01T00:12:02.250621,ETH,2288.1966,2288.5993,3.26,1.821
2024-01-01T00:12:02.500251,BTC,42137.3529,42142.0355,0.466,5.959
2024-01-01T00:12:03.000544,BTC,42125.7341,42134.3545,1.927,0.716
2024-01-01T00:12:03.000544,ETH,2287.5643,2287.9196,2.656,3.057
2024-01-01T00:12:03.250216,BTC,42133.6415,42145.7563,15.808,10.589
2024-01-01T00:12:03.250216,SOL,99.0776,99.0954,2.76,4.807
2024-01-01T00:12:03.750762,ETH,2288.325,2288.8529,12.847,1.98
2024-01-01T00:12:04.000614,ETH,2289.0991,2289.387,9.856,13.611
2024-01-01T00:12:04.250172,SOL,99.0192,99.0377,9.831,9.055
2024-01-01T00:12:05.250103,SOL,99.0507,99.0675,7.961,0.941
2024-01-01T00:12:05.500740,BTC,42138.1647,42148.1832,0.816,0.493
2024-01-01T00:12:05.500740,SOL,99.0678,99.0785,0.846,1.045
2024-01-01T00:12:05.750131,BTC,42162.8994,42172.797,0.479,1.618
2024-01-01T00:12:06.000539,ETH,2288.7974,2289.3711,2.127,3.346
2024-01-01T00:12:06.250217,ETH,2289.7104,2289.9642,4.388,14.089
2024-01-01T00:12:06.500950,SOL,99.0387,99.0534,13.198,7.063
2024-01-01T00:12:07.000454,ETH,2288.3706,2288.7414,13.07,1.699
2024-01-01T00:12:07.000454,SOL,99.0056,99.0222,5.75,4.339
2024-01-01T00:12:07.250590,ETH,2288.9542,2289.3949,0.262,0.747
2024-01-01T00:12:07.250590,SOL,99.0003,99.0228,4.213,2.869
2024-01-01T00:12:07.500875,SOL,99.0815,99.0971,2.957,1.047
2024-01-01T00:12:07.750852,SOL,99.06,99.0818,0.801,2.913
2024-01-01T00:12:08.250086,ETH,2289.0074,2289.6178,6.124,9.703
2024-01-01T00:12:08.250086,SOL,99.0662,99.0816,1.448,2.503
2024-01-01T00:12:08.500401,BTC,42165.4667,42171.8002,8.678,6.907
2024-01-01T00:12:08.500401,SOL,99.097,99.1252,0.037,0.29
2024-01-01T00:12:08.750169,SOL,99.1573,99.1763,0.24,4.934
2024-01-01T00:12:09.250040,BTC,42132.9624,42142.7856,1.189,18.539
2024-01-01T00:12:09.500905,BTC,42115.101,42122.7033,4.01,0.643
2024-01-01T00:12:09.750280,ETH,2288.7134,2289.1042,7.778,7.151
2024-01-01T00:12:10.000842,SOL,99.0859,99.105,3.417,1.881
2024-01-01T00:12:10.250069,ETH,2288.3292,2288.7392,5.614,2.223
2024-01-01T00:12:10.750322,BTC,42062.2625,42071.2595,2.514,1.588
2024-01-01T00:12:10.750322,ETH,2288.7369,2289.4102,0.684,0.486
2024-01-01T00:12:11.250279,BTC,42064.5949,42070.0125,2.807,1.204
2024-01-01T00:12:11.250279,SOL,99.0718,99.082,7.552,2.245
2024-01-01T00:12:11.750966,SOL,99.0522,99.078,5.649,5.507
2024-01-01T00:12:12.250769,SOL,98.9668,98.9842,1.845,4.128
2024-01-01T00:12:12.750899,SOL,99.0345,99.048,7.735,2.786
2024-01-01T00:12:13.000811,BTC,42044.1044,42049.5397,8.23,7.527
2024-01-01T00:12:13.000811,SOL,99.072,99.1007,6.326,10.684
2024-01-01T00:12:13.250839,SOL,99.0612,99.0838,10.407,19.116
2024-01-01T00:12:13.500107,BTC,42033.2827,42038.3281,15.665,4.575
2024-01-01T00:12:13.500107,ETH,2289.694,2290.158,0.924,8.403
2024-01-01T00:12:14.250368,BTC,42034.5701,42046.8214,4.859,1.958
2024-01-01T00:12:14.250368,ETH,2289.5956,2290.0817,3.885,5.944
2024-01-01T00:12:14.250368,SOL,99.0768,99.0916,0.14,2.513
2024-01-01T00:12:14.750988,ETH,2290.8621,2291.0923,7.478,10.464
2024-01-01T00:12:15.000375,BTC,42034.5462,42038.7996,0.832,4.337
2024-01-01T00:12:15.000375,ETH,2291.2878,2291.8955,5.069,5.788
2024-01-01T00:12:15.000375,SOL,99.0663,99.0763,4.029,0.414
2024-01-01T00:12:15.250187,BTC,41996.9826,42005.2476,0.178,0.596
2024-01-01T00:12:15.750766,BTC,41985.7062,41993.7927,10.156,9.254
2024-01-01T00:12:15.750766,SOL,99.046,99.0755,7.666,3.57
2024-01-01T00:12:16.250463,BTC,41997.1817,42005.4361,3.808,1.031
2024-01-01T00:12:16.250463,ETH,2292.9336,2293.1673,10.185,13.522
2024-01-01T00:12:16.500116,BTC,41996.8797,42002.8008,0.601,5.484
2024-01-01T00:12:16.750142,ETH,2292.3857,2292.6826,10.161,10.773
2024-01-01T00:12:17.000169,ETH,2292.38,2293.0176,3.407,0.135
2024-01-01T00:12:17.000169,SOL,99.0297,99.0556,21.798,3.158
2024-01-01T00:12:17.250549,SOL,99.0422,99.0559,2.529,1.483
2024-01-01T00:12:17.500453,BTC,42005.4006,42014.7671,1.775,3.302
2024-01-01T00:12:17.750689,BTC,42005.6728,42016.528,0.404,3.69
2024-01-01T00:12:17.750689,ETH,2291.8525,2292.4463,0.013,1.502
2024-01-01T00:12:18.250751,BTC,42021.5316,42031.2401,1.289,0.12
2024-01-01T00:12:18.250751,ETH,2291.7488,2292.406,1.322,1.985
2024-01-01T00:12:18.250751,SOL,99.0461,99.0739,2.916,3.031
2024-01-01T00:12:18.500453,BTC,42018.6065,42027.5549,0.627,5.85
2024-01-01T00:12:18.500453,ETH,2290.7384,2291.1329,0.472,0.858
2024-01-01T00:12:18.500453,SOL,99.0278,99.0453,0.158,10.849
2024-01-01T00:12:18.750372,BTC,42024.6039,42031.3524,2.564,0.332
2024-01-01T00:12:19.500260,SOL,99.0289,99.0492,4.308,12.262
2024-01-01T00:12:20.000072,ETH,2293.3399,2293.7523,0.147,3.308
2024-01-01T00:12:20.250313,BTC,42039.4734,42051.6467,7.102,0.205
2024-01-01T00:12:20.250313,SOL,99.0055,99.0349,15.762,1.822
2024-01-01T00:12:20.500166,ETH,2293.4827,2293.9953,2.179,4.434
2024-01-01T00:12:21.000634,ETH,2293.9418,2294.5037,6.03,11.117
2024-01-01T00:12:21.000634,SOL,99.0151,99.0412,1.39,3.496
2024-01-01T00:12:21.250200,ETH,2293.8881,2294.2937,3.815,1.55
2024-01-01T00:12:21.250200,SOL,98.9832,99.0081,7.95,2.129
2024-01-01T00:12:21.500617,BTC,42035.1874,42045.5549,2.692,3.025
2024-01-01T00:12:21.500617,SOL,99.0165,99.031,1.868,0.015
2024-01-01T00:12:21.750161,BTC,42036.3697,42041.451,2.759,1.411
2024-01-01T00:12:21.750161,ETH,2293.713,2294.1142,5.851,1.475
2024-01-01T00:12:21.750161,SOL,98.9894,99.0186,2.686,2.564
2024-01-01T00:12:22.000540,ETH,2293.5811,2293.9371,2.261,8.028
2024-01-01T00:12:22.000540,SOL,99.004,99.0193,1.716,0.797
2024-01-01T00:12:22.250589,BTC,42049.2094,42058.8107,0.912,8.382
2024-01-01T00:12:22.500387,BTC,42050.651,42055.7786,2.287,0.88
2024-01-01T00:12:22.500387,SOL,99.0045,99.0179,4.535,3.477
2024-01-01T00:12:22.750259,ETH,2294.3446,2294.9905,4.816,10.692
2024-01-01T00:12:23.000368,BTC,42066.5141,42077.533,1.513,19.969
2024-01-01T00:12:23.000368,SOL,98.9981,99.0255,0.977,5.814
2024-01-01T00:12:23.750845,ETH,2294.3176,2294.8388,12.686,4.997
2024-01-01T00:12:24.500643,BTC,42018.6062,42025.6505,2.765,9.469
2024-01-01T00:12:24.500643,ETH,2293.8848,2294.5274,1.917,0.747
2024-01-01T00:12:24.500643,SOL,98.9974,99.0082,12.027,7.168
2024-01-01T00:12:24.750492,BTC,42039.3657,42047.0649,26.522,9.832
2024-01-01T00:12:25.250632,SOL,98.9735,98.9841,0.318,0.349
2024-01-01T00:12:25.500401,BTC,42008.474,42014.1,6.113,3.81
2024-01-01T00:12:26.250607,BTC,42012.6721,42019.7309,3.455,4.276
2024-01-01T00:12:26.500444,BTC,42005.0,42009.5398,4.417,4.647
2024-01-01T00:12:26.750235,ETH,2295.0966,2295.6973,6.775,10.38
2024-01-01T00:12:27.250692,ETH,2293.333,2293.9281,0.455,0.464
2024-01-01T00:12:27.500388,BTC,42005.2334,42014.9411,12.318,3.737
2024-01-01T00:12:27.500388,ETH,2293.2941,2293.5513,2.147,7.713
2024-01-01T00:12:27.500388,SOL,99.0217,99.039,2.05,8.075
2024-01-01T00:12:28.250880,BTC,42018.0093,42025.175,12.659,0.84
2024-01-01T00:12:28.250880,SOL,98.9554,98.9743,4.49,5.111
2024-01-01T00:12:28.500173,SOL,98.9425,98.9692,2.794,10.493
2024-01-01T00:12:29.000529,BTC,42044.6251,42049.1497,0.005,4.108
2024-01-01T00:12:29.000529,ETH,2292.7599,2293.1189,2.679,6.731
2024-01-01T00:12:29.000529,SOL,98.8508,98.8772,3.919,0.359
2024-01-01T00:12:29.250691,SOL,98.8545,98.867,2.849,0.917
2024-01-01T00:12:29.750533,BTC,42049.4512,42056.8727,2.149,4.622
2024-01-01T00:12:29.750533,SOL,98.9338,98.945,0.444,10.784
2024-01-01T00:12:30.000251,BTC,42072.6647,42083.8429,8.132,1.316
2024-01-01T00:12:30.250429,ETH,2292.7553,2293.262,1.111,1.258
2024-01-01T00:12:31.000356,BTC,42076.2834,42085.6883,0.3,1.44
2024-01-01T00:12:31.000356,ETH,2291.951,2292.2949,2.218,6.718
2024-01-01T00:12:31.250380,BTC,42104.6387,42115.7776,3.854,6.576
2024-01-01T00:12:31.500071,BTC,42096.7126,42107.2104,0.145,0.116
2024-01-01T00:12:31.500071,ETH,2291.3177,2291.6104,7.939,0.072
2024-01-01T00:12:31.750126,SOL,99.0085,99.0267,1.682,20.698
2024-01-01T00:12:32.250580,BTC,42082.8387,42091.0708,0.925,0.918
2024-01-01T00:12:32.250580,SOL,98.9902,99.0076,0.997,1.536
2024-01-01T00:12:32.750084,SOL,98.9904,99.0165,5.347,1.735
2024-01-01T00:12:33.000257,SOL,99.0663,99.0937,6.686,2.355
2024-01-01T00:12:33.250338,BTC,42047.7663,42059.4621,7.743,3.487
2024-01-01T00:12:33.500701,BTC,42042.8032,42054.857,5.683,1.297
2024-01-01T00:12:33.750929,ETH,2291.3208,2291.7716,6.208,8.82
2024-01-01T00:12:33.750929,SOL,99.0795,99.0944,2.669,1.252
2024-01-01T00:12:34.250492,BTC,42041.9639,42047.6609,2.118,5.215
2024-01-01T00:12:34.250492,SOL,99.1139,99.1317,5.812,3.487
2024-01-01T00:12:34.750425,SOL,99.1516,99.1663,13.607,1.365
2024-01-01T00:12:35.000654,BTC,42027.514,42032.7209,2.666,9.962
2024-01-01T00:12:35.000654,SOL,99.1344,99.1516,0.388,0.804
2024-01-01T00:12:35.250413,BTC,42053.6359,42063.2357,2.808,4.191
2024-01-01T00:12:35.750418,ETH,2292.9348,2293.3909,0.261,6.166
2024-01-01T00:12:36.000184,SOL,99.1533,99.1728,2.599,12.427
2024-01-01T00:12:36.250113,ETH,2292.9219,2293.4291,4.228,3.49
2024-01-01T00:12:36.500017,ETH,2292.9131,2293.5038,0.954,0.061
2024-01-01T00:12:36.750754,SOL,99.1486,99.1706,1.851,0.335
2024-01-01T00:12:37.000900,BTC,42057.1899,42068.5902,0.868,1.136
2024-01-01T00:12:37.000900,ETH,2292.8784,2293.4595,0.956,2.939
2024-01-01T00:12:37.250812,BTC,42054.4246,42061.5033,2.665,0.616
2024-01-01T00:12:37.250812,SOL,99.1202,99.1468,9.723,5.583
2024-01-01T00:12:37.750665,SOL,99.0669,99.0928,1.173,2.482
2024-01-01T00:12:38.250162,SOL,99.0782,99.0921,5.758,4.722
2024-01-01T00:12:38.750648,ETH,2293.3235,2293.8921,0.674,5.844
2024-01-01T00:12:38.750648,SOL,99.1351,99.154,0.517,4.99
2024-01-01T00:12:39.000255,BTC,42040.4253,42045.1474,7.796,0.672
2024-01-01T00:12:39.500931,BTC,42048.3076,42058.5101,1.988,1.619
2024-01-01T00:12:39.500931,SOL,99.1176,99.1445,2.903,9.136
2024-01-01T00:12:40.000671,BTC,42054.3417,42060.8093,13.223,5.489
2024-01-01T00:12:40.000671,ETH,2294.1714,2294.5368,5.557,6.826
2024-01-01T00:12:40.250853,SOL,99.0796,99.1003,9.297,2.102
2024-01-01T00:12:40.500795,ETH,2295.4928,2296.0426,4.511,6.37
2024-01-01T00:12:41.000774,BTC,42031.9387,42042.9278,12.864,4.328
2024-01-01T00:12:41.000774,ETH,2294.7081,2294.9863,7.458,5.564
2024-01-01T00:12:41.250042,ETH,2294.9386,2295.2323,11.633,11.675
2024-01-01T00:12:41.500562,BTC,42033.8199,42045.7,4.809,2.521
2024-01-01T00:12:41.750454,BTC,42035.4389,42046.1538,3.499,21.686
2024-01-01T00:12:42.000675,ETH,2295.2669,2295.6838,3.253,1.911
2024-01-01T00:12:42.250077,ETH,2294.684,2295.3478,26.076,1.577
2024-01-01T00:12:42.500764,ETH,2293.3409,2293.7669,0.665,9.48
2024-01-01T00:12:42.750603,SOL,99.1628,99.1826,3.55,0.25
2024-01-01T00:12:43.250750,BTC,42072.862,42082.721,16.933,12.966
2024-01-01T00:12:43.250750,SOL,99.1775,99.1962,7.1,1.318
2024-01-01T00:12:43.500508,BTC,42090.4739,42096.6362,4.263,17.437
2024-01-01T00:12:43.500508,ETH,2292.1196,2292.4454,4.271,1.913
2024-01-01T00:12:43.750146,BTC,42106.0408,42111.3116,5.398,5.072
2024-01-01T00:12:43.750146,SOL,99.1716,99.1833,11.665,5.339
2024-01-01T00:12:44.000361,ETH,2291.7361,2292.0949,8.735,1.881
2024-01-01T00:12:45.000851,BTC,42127.7169,42137.3877,4.153,8.522
2024-01-01T00:12:45.000851,ETH,2290.9042,2291.454,1.081,3.754
2024-01-01T00:12:45.500522,BTC,42133.8007,42138.0515,0.653,13.546
2024-01-01T00:12:45.500522,SOL,99.1288,99.1455,8.837,2.604
2024-01-01T00:12:46.000781,BTC,42136.1403,42142.273,12.747,3.782
2024-01-01T00:12:46.000781,SOL,99.0885,99.1164,1.361,9.038
2024-01-01T00:12:47.500049,SOL,99.1365,99.155,11.182,7.74
2024-01-01T00:12:47.750352,BTC,42121.908,42129.663,24.945,5.235
2024-01-01T00:12:48.000880,ETH,2291.2383,2291.4952,7.123,1.929
2024-01-01T00:12:48.000880,SOL,99.1629,99.1876,2.109,1.133
2024-01-01T00:12:48.250211,ETH,2290.7445,2291.2593,10.846,0.745
2024-01-01T00:12:48.750412,BTC,42092.6235,42098.5382,0.909,1.569
2024-01-01T00:12:48.750412,SOL,99.149,99.1611,3.726,5.569
2024-01-01T00:12:49.750125,SOL,99.1688,99.1972,6.048,0.751
2024-01-01T00:12:50.000000,SOL,99.0744,99.0958,10.107,0.498
2024-01-01T00:12:50.250281,BTC,42085.1818,42094.5503,1.916,11.391
2024-01-01T00:12:50.250281,SOL,99.1513,99.1691,0.142,11.747
2024-01-01T00:12:50.500154,SOL,99.1997,99.2246,15.102,2.234
2024-01-01T00:12:50.750730,ETH,2290.5866,2291.1728,7.893,0.308
2024-01-01T00:12:51.000549,BTC,42080.3317,42087.0487,2.444,5.779
2024-01-01T00:12:51.000549,SOL,99.2551,99.2765,9.52,3.93
2024-01-01T00:12:51.500079,SOL,99.187,99.2161,0.826,7.337
2024-01-01T00:12:52.250667,SOL,99.2021,99.2262,5.851,2.457
2024-01-01T00:12:52.750074,BTC,42103.5988,42111.6305,12.255,9.605
2024-01-01T00:12:52.750074,ETH,2290.6552,2291.1478,0.395,9.086
2024-01-01T00:12:53.000081,BTC,42098.9229,42109.4275,6.731,7.812
2024-01-01T00:12:53.000081,SOL,99.1386,99.1538,5.396,1.111
2024-01-01T00:12:53.250639,BTC,42105.8862,42117.0091,11.59,1.625
2024-01-01T00:12:54.250354,SOL,99.1011,99.1218,1.333,1.258
2024-01-01T00:12:54.500124,SOL,99.0354,99.0563,0.907,7.007
2024-01-01T00:12:54.750160,BTC,42094.4178,42105.2207,3.543,5.566
2024-01-01T00:12:54.750160,SOL,98.9068,98.9237,0.586,2.903
2024-01-01T00:12:55.000003,BTC,42060.7221,42071.7885,2.698,2.812
2024-01-01T00:12:55.000003,ETH,2290.471,2291.0376,21.657,0.73
2024-01-01T00:12:55.250615,BTC,42069.0191,42073.6821,8.528,5.824
2024-01-01T00:12:55.250615,ETH,2290.5399,2291.0441,8.412,7.764
2024-01-01T00:12:55.250615,SOL,98.8551,98.884,1.753,7.108
2024-01-01T00:12:55.500996,SOL,98.8195,98.8325,6.572,7.084
2024-01-01T00:12:55.750019,BTC,42052.3105,42064.8048,3.698,5.116
2024-01-01T00:12:55.750019,ETH,2290.0637,2290.3514,5.233,3.622
2024-01-01T00:12:55.750019,SOL,98.8362,98.8472,8.856,13.851
2024-01-01T00:12:56.000507,ETH,2289.4205,2290.0668,3.143,0.934
2024-01-01T00:12:56.000507,SOL,98.8774,98.8986,1.317,0.567
2024-01-01T00:12:56.500542,SOL,98.8726,98.8899,0.025,0.726
2024-01-01T00:12:56.750747,BTC,42071.3762,42078.0424,10.67,3.174
2024-01-01T00:12:56.750747,ETH,2288.3817,2288.8399,0.835,9.169
2024-01-01T00:12:57.000640,BTC,42080.1177,42086.9027,4.348,7.43
2024-01-01T00:12:57.250706,ETH,2288.0669,2288.6007,0.519,1.093
2024-01-01T00:12:57.250706,SOL,98.8685,98.8846,1.517,5.214
2024-01-01T00:12:57.500907,BTC,42052.5568,42061.0955,7.05,1.244
2024-01-01T00:12:57.500907,SOL,98.8163,98.8334,6.745,10.705
2024-01-01T00:12:57.750534,ETH,2287.1656,2287.6084,1.351,6.101
2024-01-01T00:12:58.250474,BTC,42038.8668,42049.4691,15.263,0.203
2024-01-01T00:12:59.000020,BTC,42057.4671,42069.8033,1.883,4.903
2024-01-01T00:12:59.000020,ETH,2288.0348,2288.4804,6.249,0.881
2024-01-01T00:12:59.250821,BTC,42051.0367,42060.0885,0.532,1.93
2024-01-01T00:12:59.250821,ETH,2285.8683,2286.21,7.203,0.632
2024-01-01T00:12:59.750851,BTC,42082.6438,42091.7922,0.626,9.469
2024-01-01T00:13:00.000168,BTC,42074.8056,42087.0536,4.367,4.898
2024-01-01T00:13:00.250573,ETH,2285.6685,2286.2605,1.207,11.473
2024-01-01T00:13:00.750097,BTC,42071.6926,42078.4703,0.024,6.859
2024-01-01T00:13:00.750097,SOL,98.8244,98.8367,6.484,1.872
2024-01-01T00:13:01.000455,ETH,2287.57,2287.9869,6.747,0.971
2024-01-01T00:13:01.250811,BTC,42060.9051,42067.3609,26.382,6.21
2024-01-01T00:13:01.500491,SOL,98.8306,98.846,6.598,2.28
2024-01-01T00:13:01.750472,SOL,98.7811,98.8089,9.148,1.948
2024-01-01T00:13:02.250199,SOL,98.7055,98.7344,0.859,2.366
2024-01-01T00:13:02.500047,BTC,42061.4971,42071.4423,9.378,3.126
2024-01-01T00:13:02.750752,ETH,2287.9696,2288.3862,7.967,1.752
2024-01-01T00:13:03.000622,ETH,2287.4529,2288.0973,2.615,2.534
2024-01-01T00:13:03.000622,SOL,98.7009,98.7282,0.176,6.702
2024-01-01T00:13:03.250973,BTC,42029.0081,42038.0415,1.918,1.848
2024-01-01T00:13:03.500393,SOL,98.6137,98.6276,4.843,2.478
2024-01-01T00:13:03.750327,ETH,2287.9992,2288.2576,1.488,6.046
2024-01-01T00:13:04.000688,BTC,42012.5145,42023.5564,2.828,2.891
2024-01-01T00:13:04.000688,ETH,2287.3943,2287.9598,0.985,0.853
2024-01-01T00:13:04.000688,SOL,98.5783,98.6051,19.047,1.625
2024-01-01T00:13:04.250718,BTC,42039.2827,42051.1688,3.14,5.476
2024-01-01T00:13:04.500118,BTC,42034.0191,42044.7456,2.931,4.081
2024-01-01T00:13:04.750136,ETH,2288.8986,2289.4322,20.025,0.042
2024-01-01T00:13:04.750136,SOL,98.5819,98.6104,0.184,2.541
2024-01-01T00:13:05.000816,BTC,42060.013,42067.1106,5.599,4.368
2024-01-01T00:13:05.500354,BTC,42077.0045,42081.948,8.056,15.128
2024-01-01T00:13:05.500354,SOL,98.5476,98.5677,4.433,1.229
2024-01-01T00:13:06.000020,SOL,98.5207,98.5491,2.697,0.467
2024-01-01T00:13:06.250385,BTC,42089.0416,42100.9624,7.349,1.427
2024-01-01T00:13:06.250385,ETH,2290.039,2290.5773,1.517,10.549
2024-01-01T00:13:06.500002,BTC,42082.5141,42091.629,2.924,4.778
2024-01-01T00:13:06.500002,ETH,2289.9245,2290.5383,4.595,17.123
2024-01-01T00:13:07.000112,ETH,2289.9584,2290.1957,3.618,8.211
2024-01-01T00:13:07.000112,SOL,98.4742,98.5009,11.989,3.545
2024-01-01T00:13:07.250274,BTC,42090.393,42094.8141,25.554,4.024
2024-01-01T00:13:07.250274,SOL,98.5338,98.563,6.193,2.087
2024-01-01T00:13:07.750796,BTC,42104.497,42112.2015,1.808,0.111
2024-01-01T00:13:08.000440,SOL,98.5534,98.5772,6.438,2.129
2024-01-01T00:13:08.500802,SOL,98.5564,98.5777,0.002,1.269
2024-01-01T00:13:09.750741,ETH,2289.8574,2290.4502,0.697,0.68
2024-01-01T00:13:10.000277,SOL,98.5886,98.6161,5.536,4.203
2024-01-01T00:13:10.250954,ETH,2289.4765,2289.8872,3.506,0.067
2024-01-01T00:13:10.500319,SOL,98.5635,98.5803,3.945,3.566
2024-01-01T00:13:11.000424,SOL,98.5253,98.5458,0.433,0.956
2024-01-01T00:13:11.250927,BTC,42080.9656,42090.2862,6.984,2.111
2024-01-01T00:13:11.500033,BTC,42074.7813,42087.0849,13.177,9.492
2024-01-01T00:13:11.750577,BTC,42077.8209,42088.3324,5.402,4.236
2024-01-01T00:13:11.750577,ETH,2289.3558,2289.7518,1.201,0.502
2024-01-01T00:13:12.000636,BTC,42079.4932,42085.7074,6.024,8.772
2024-01-01T00:13:12.500139,ETH,2288.7004,2289.2323,0.317,0.008
2024-01-01T00:13:12.500139,SOL,98.5249,98.5382,0.09,0.444
2024-01-01T00:13:12.750480,SOL,98.4413,98.4695,13.472,0.768
2024-01-01T00:13:13.000605,BTC,42073.2229,42078.5089,10.817,3.392
2024-01-01T00:13:13.000605,ETH,2288.4207,2288.8583,2.248,5.611
2024-01-01T00:13:13.250191,BTC,42085.0583,42091.8683,26.781,1.289
2024-01-01T00:13:13.500500,ETH,2288.0464,2288.6466,0.08,6.893
2024-01-01T00:13:14.250247,BTC,42076.0929,42088.4933,1.908,2.615
2024-01-01T00:13:14.500421,SOL,98.4235,98.4529,4.214,7.742
2024-01-01T00:13:15.000599,BTC,42086.0177,42094.9432,6.898,0.949
2024-01-01T00:13:15.000599,ETH,2288.0098,2288.5271,0.457,1.648
2024-01-01T00:13:15.500982,SOL,98.377,98.3899,10.017,0.726
2024-01-01T00:13:15.750807,BTC,42088.4076,42098.8666,0.98,8.491
2024-01-01T00:13:15.750807,SOL,98.36,98.3765,1.461,4.37
2024-01-01T00:13:16.000043,ETH,2288.7225,2289.2707,5.554,8.163
2024-01-01T00:13:16.000043,SOL,98.3471,98.3639,5.931,11.523
2024-01-01T00:13:16.250674,BTC,42064.7841,42076.2088,11.503,1.734
2024-01-01T00:13:16.500131,ETH,2291.6755,2291.9574,0.664,3.125
2024-01-01T00:13:16.500131,SOL,98.3793,98.4019,9.999,1.479
2024-01-01T00:13:16.750240,BTC,42083.1985,42093.0936,5.695,3.443
2024-01-01T00:13:16.750240,SOL,98.3628,98.3884,7.328,3.797
2024-01-01T00:13:17.000049,BTC,42096.1884,42105.8468,2.878,0.483
2024-01-01T00:13:17.750767,BTC,42104.4268,42109.6456,13.724,1.711
2024-01-01T00:13:18.000752,BTC,42119.4316,42126.9031,22.514,12.454
2024-01-01T00:13:18.000752,ETH,2292.8873,2293.2828,3.797,6.503
2024-01-01T00:13:18.250010,ETH,2293.8647,2294.3339,1.268,4.524
2024-01-01T00:13:18.750714,SOL,98.3789,98.4039,2.511,9.853
2024-01-01T00:13:19.000341,ETH,2294.084,2294.4596,4.965,9.065
2024-01-01T00:13:19.250016,BTC,42115.9218,42123.4517,2.472,6.207
2024-01-01T00:13:19.250016,ETH,2293.9949,2294.4364,6.754,16.107
2024-01-01T00:13:19.500859,SOL,98.42,98.4482,6.537,6.904
2024-01-01T00:13:19.750646,BTC,42081.9528,42090.2247,4.952,0.891
2024-01-01T00:13:19.750646,ETH,2295.0023,2295.5758,2.493,3.088
2024-01-01T00:13:19.750646,SOL,98.4064,98.4303,0.188,0.467
2024-01-01T00:13:20.000601,SOL,98.4568,98.4806,1.011,8.632
2024-01-01T00:13:20.250050,ETH,2294.8039,2295.4836,2.48,4.242
2024-01-01T00:13:20.250050,SOL,98.4461,98.4564,0.333,2.851
2024-01-01T00:13:20.500548,BTC,42068.7895,42078.8299,6.771,23.457
2024-01-01T00:13:20.500548,ETH,2295.6981,2296.2149,2.345,6.408
2024-01-01T00:13:20.750373,BTC,42060.8885,42070.923,2.243,0.694
2024-01-01T00:13:21.000199,BTC,42055.2536,42065.0695,7.3,3.959
2024-01-01T00:13:21.000199,ETH,2297.2378,2297.6315,0.776,9.616
2024-01-01T00:13:21.250915,BTC,42041.6106,42052.5667,4.564,2.638
2024-01-01T00:13:21.250915,ETH,2296.3699,2296.9384,1.547,1.622
2024-01-01T00:13:21.250915,SOL,98.434,98.4573,11.359,1.408
2024-01-01T00:13:21.500945,SOL,98.348,98.3672,2.58,1.859
2024-01-01T00:13:21.750359,ETH,2295.8981,2296.1787,0.06,3.773
2024-01-01T00:13:22.000498,ETH,2295.5014,2295.8284,3.79,7.391
2024-01-01T00:13:22.250393,SOL,98.3498,98.3655,2.937,1.618
2024-01-01T00:13:22.500997,BTC,42062.4689,42073.9167,0.849,10.024
2024-01-01T00:13:22.500997,SOL,98.3285,98.3565,2.115,1.0
2024-01-01T00:13:22.750211,ETH,2295.6228,2296.2949,0.613,1.711
2024-01-01T00:13:23.000133,SOL,98.3331,98.3499,4.428,2.997
2024-01-01T00:13:24.000696,BTC,42056.5957,42061.7814,0.601,4.995
2024-01-01T00:13:24.250399,BTC,42042.0858,42049.9496,9.298,1.929
2024-01-01T00:13:24.250399,ETH,2295.0107,2295.4416,0.859,0.763
2024-01-01T00:13:24.750382,SOL,98.3394,98.3529,4.515,5.098
2024-01-01T00:13:25.000327,BTC,42041.1211,42048.5192,3.998,1.673
2024-01-01T00:13:25.000327,SOL,98.29,98.318,1.716,0.672
2024-01-01T00:13:25.250890,ETH,2295.1156,2295.7631,7.453,7.199
2024-01-01T00:13:25.250890,SOL,98.3827,98.4098,1.083,6.253
2024-01-01T00:13:25.500483,BTC,42059.0427,42067.8062,4.224,30.022
2024-01-01T00:13:25.500483,ETH,2294.4901,2295.0427,4.512,12.398
2024-01-01T00:13:26.000194,ETH,2293.7228,2294.0529,5.125,3.623
2024-01-01T00:13:26.250027,SOL,98.3648,98.3812,0.056,10.578
2024-01-01T00:13:26.500372,ETH,2291.7823,2292.4217,6.534,17.664
2024-01-01T00:13:26.750186,SOL,98.4211,98.4366,1.356,2.022
2024-01-01T00:13:27.000080,ETH,2291.0761,2291.5729,9.168,15.761
2024-01-01T00:13:27.250652,BTC,42064.7182,42069.6868,10.571,7.721
2024-01-01T00:13:27.250652,SOL,98.4056,98.4194,3.999,0.011
2024-01-01T00:13:27.500401,BTC,42075.3302,42084.8121,0.765,3.686
2024-01-01T00:13:27.500401,SOL,98.4293,98.4401,4.657,2.975
2024-01-01T00:13:27.750397,SOL,98.4339,98.4607,3.677,2.029
2024-01-01T00:13:28.000898,ETH,2292.6306,2292.9381,0.441,3.204
2024-01-01T00:13:28.000898,SOL,98.4251,98.4524,5.832,4.178
2024-01-01T00:13:28.750404,ETH,2291.5958,2292.2814,2.153,2.198
2024-01-01T00:13:29.000334,BTC,42085.9708,42097.0062,1.917,6.833
2024-01-01T00:13:29.250012,BTC,42097.1217,42108.0943,3.809,4.771
2024-01-01T00:13:29.250012,ETH,2292.9427,2293.4601,12.149,8.198
2024-01-01T00:13:29.250012,SOL,98.4008,98.4255,7.667,4.962
2024-01-01T00:13:29.500116,BTC,42115.9571,42122.5805,2.309,7.784
2024-01-01T00:13:29.500116,SOL,98.3962,98.4192,2.794,5.705
2024-01-01T00:13:29.750391,ETH,2293.0196,2293.5533,2.203,0.215
2024-01-01T00:13:29.750391,SOL,98.3867,98.4092,4.423,0.697
2024-01-01T00:13:30.500518,ETH,2292.9442,2293.4741,1.186,1.227
2024-01-01T00:13:30.500518,SOL,98.4045,98.4295,12.403,0.512
2024-01-01T00:13:30.750066,SOL,98.4379,98.4604,10.277,4.741
2024-01-01T00:13:31.500563,SOL,98.424,98.4474,2.362,6.711
2024-01-01T00:13:31.750215,BTC,42126.7484,42137.9104,15.225,3.477
2024-01-01T00:13:31.750215,SOL,98.5027,98.5233,2.388,0.575
2024-01-01T00:13:32.250158,ETH,2293.1957,2293.6275,4.501,3.011
2024-01-01T00:13:33.000477,ETH,2292.5257,2293.1828,0.188,1.627
2024-01-01T00:13:33.250458,BTC,42145.33,42153.0635,0.188,1.539
2024-01-01T00:13:33.250458,SOL,98.4683,98.4927,0.774,11.661
2024-01-01T00:13:33.500610,BTC,42163.4064,42175.9394,1.485,5.392
2024-01-01T00:13:33.750438,BTC,42139.6125,42150.6375,2.937,4.51
2024-01-01T00:13:33.750438,SOL,98.4276,98.4468,2.697,6.104
2024-01-01T00:13:34.000675,ETH,2292.6159,2293.2105,2.858,0.662
2024-01-01T00:13:34.000675,SOL,98.3979,98.4142,2.089,0.451
2024-01-01T00:13:34.250836,SOL,98.4408,98.4574,9.241,4.286
2024-01-01T00:13:34.500952,BTC,42156.8887,42169.2656,2.247,0.762
2024-01-01T00:13:34.500952,ETH,2291.718,2292.2399,3.572,1.6
2024-01-01T00:13:34.750449,BTC,42172.8303,42177.6536,2.482,1.15
2024-01-01T00:13:34.750449,ETH,2291.2599,2291.8479,0.821,3.173
2024-01-01T00:13:34.750449,SOL,98.4321,98.4592,0.67,2.963
2024-01-01T00:13:35.000449,BTC,42182.2567,42190.7498,3.553,0.66
2024-01-01T00:13:35.000449,ETH,2290.7916,2291.1971,17.455,5.111
2024-01-01T00:13:35.000449,SOL,98.3959,98.4114,4.671,1.078
2024-01-01T00:13:35.500726,ETH,2288.4254,2288.9686,1.306,5.237
2024-01-01T00:13:35.750191,BTC,42189.0873,42199.325,7.504,10.369
2024-01-01T00:13:35.750191,SOL,98.399,98.4268,4.044,3.818
2024-01-01T00:13:36.000104,SOL,98.4447,98.4601,8.513,0.857
2024-01-01T00:13:36.250550,BTC,42193.2705,42198.4963,4.544,3.473
2024-01-01T00:13:36.500073,BTC,42184.2826,42196.046,4.143,3.928
2024-01-01T00:13:36.500073,ETH,2290.3903,2290.7648,8.135,0.109
2024-01-01T00:13:36.750866,BTC,42183.4663,42190.1293,0.193,0.761
2024-01-01T00:13:36.750866,SOL,98.4022,98.4308,4.017,4.646
2024-01-01T00:13:37.000945,ETH,2291.2491,2291.7721,14.303,7.488
2024-01-01T00:13:37.500536,BTC,42177.6996,42186.6788,4.731,5.144
2024-01-01T00:13:37.750546,BTC,42150.6528,42159.5657,8.291,13.505
2024-01-01T00:13:38.000084,SOL,98.3812,98.4086,0.842,12.233
2024-01-01T00:13:38.750630,BTC,42152.986,42161.6952,11.025,14.008
2024-01-01T00:13:38.750630,SOL,98.429,98.4478,5.682,16.631
2024-01-01T00:13:39.000038,BTC,42126.5894,42132.8989,5.759,9.346
2024-01-01T00:13:39.000038,SOL,98.3902,98.4018,3.85,7.742
2024-01-01T00:13:39.750653,ETH,2292.2726,2292.7493,2.238,0.069
2024-01-01T00:13:40.000631,ETH,2291.6499,2292.241,0.499,10.552
2024-01-01T00:13:40.250723,ETH,2292.8655,2293.4037,4.346,1.537
2024-01-01T00:13:40.250723,SOL,98.4272,98.4492,1.115,12.71
2024-01-01T00:13:40.500190,BTC,42136.2586,42141.9402,17.834,0.281
2024-01-01T00:13:40.500190,ETH,2292.7143,2293.1214,1.617,7.147
2024-01-01T00:13:40.750388,BTC,42156.4837,42162.0163,0.557,0.33
2024-01-01T00:13:41.250726,BTC,42160.4925,42171.8058,7.075,2.023
2024-01-01T00:13:42.250375,ETH,2292.0996,2292.4972,0.447,2.056
2024-01-01T00:13:42.750124,BTC,42143.0165,42151.1474,12.191,4.897
2024-01-01T00:13:43.000746,SOL,98.4478,98.4608,6.049,3.473
2024-01-01T00:13:43.250908,BTC,42154.4513,42162.1786,1.222,12.344
2024-01-01T00:13:43.500731,BTC,42119.2283,42129.1898,2.573,1.937
2024-01-01T00:13:43.500731,ETH,2291.2504,2291.504,2.168,6.741
2024-01-01T00:13:43.750955,ETH,2291.5366,2292.0639,0.187,0.546
2024-01-01T00:13:43.750955,SOL,98.4506,98.4648,0.474,15.221
2024-01-01T00:13:44.000665,BTC,42138.8093,42151.1562,3.176,2.396
2024-01-01T00:13:44.250753,ETH,2293.4344,2293.8467,0.295,11.238
2024-01-01T00:13:44.500297,BTC,42129.7096,42136.2085,5.832,1.805
2024-01-01T00:13:44.750674,ETH,2293.7068,2294.2817,0.788,1.299
2024-01-01T00:13:45.000903,BTC,42127.6252,42135.4004,3.579,2.557
2024-01-01T00:13:45.250243,BTC,42096.4739,42106.4894,2.479,0.794
2024-01-01T00:13:45.250243,SOL,98.4454,98.4739,6.973,1.576
2024-01-01T00:13:45.500009,SOL,98.4174,98.4446,3.229,37.181
2024-01-01T00:13:45.750953,BTC,42085.2172,42095.6794,7.797,5.008
2024-01-01T00:13:45.750953,ETH,2292.5988,2293.0557,4.564,5.759
2024-01-01T00:13:46.500246,BTC,42080.7866,42090.5033,5.293,4.691
2024-01-01T00:13:46.500246,SOL,98.3857,98.4039,7.387,0.849
2024-01-01T00:13:46.750856,BTC,42065.1887,42073.4653,9.924,0.25
2024-01-01T00:13:46.750856,SOL,98.3157,98.3435,0.614,1.984
2024-01-01T00:13:47.000586,ETH,2292.3012,2292.5402,6.441,5.353
2024-01-01T00:13:47.250584,BTC,42059.9209,42064.6943,1.552,6.545
2024-01-01T00:13:47.250584,SOL,98.3548,98.3821,1.699,2.776
2024-01-01T00:13:47.500092,ETH,2291.2848,2291.8302,6.431,11.446
2024-01-01T00:13:48.000671,BTC,42045.7195,42056.3343,0.813,5.509
2024-01-01T00:13:48.000671,ETH,2291.307,2291.7902,7.537,10.633
2024-01-01T00:13:48.250399,ETH,2290.6779,2291.1448,2.108,7.067
2024-01-01T00:13:48.500716,BTC,42015.2716,42027.5833,0.482,1.637
2024-01-01T00:13:48.500716,SOL,98.3383,98.3619,9.936,0.992
2024-01-01T00:13:48.750692,ETH,2291.7163,2292.0613,0.177,4.506
2024-01-01T00:13:48.750692,SOL,98.3126,98.3237,6.171,1.695
2024-01-01T00:13:49.000880,ETH,2292.3523,2293.0214,7.889,1.282
2024-01-01T00:13:49.500819,SOL,98.3214,98.3402,1.259,6.395
2024-01-01T00:13:49.750073,BTC,42040.3269,42045.7806,1.368,0.547
2024-01-01T00:13:49.750073,SOL,98.359,98.3726,14.551,5.641
2024-01-01T00:13:50.250897,BTC,42051.953,42057.9343,8.652,0.674
2024-01-01T00:13:50.250897,ETH,2293.5472,2293.891,6.984,10.879
2024-01-01T00:13:50.500775,ETH,2293.6336,2294.2442,0.554,3.27
2024-01-01T00:13:51.000190,BTC,42038.2873,42047.6819,8.296,1.173
2024-01-01T00:13:51.000190,SOL,98.3156,98.3395,3.931,7.726
2024-01-01T00:13:51.250553,BTC,42025.3949,42035.062,10.942,8.147
2024-01-01T00:13:51.250553,ETH,2293.8965,2294.4898,2.947,5.561
2024-01-01T00:13:51.500375,BTC,42056.9108,42068.5398,0.077,1.935
2024-01-01T00:13:51.750209,ETH,2294.4017,2294.6882,3.579,5.509
2024-01-01T00:13:52.250169,SOL,98.2752,98.287,10.782,8.222
2024-01-01T00:13:52.500761,BTC,42078.2737,42088.9781,2.401,2.69
2024-01-01T00:13:52.500761,ETH,2295.477,2295.8044,11.792,0.475
2024-01-01T00:13:52.750713,BTC,42064.5011,42069.5857,16.491,2.02
2024-01-01T00:13:52.750713,ETH,2295.5197,2295.8016,1.056,5.779
2024-01-01T00:13:53.000220,ETH,2296.0735,2296.4933,8.323,4.346
2024-01-01T00:13:53.500459,ETH,2294.1296,2294.471,2.233,7.788
2024-01-01T00:13:53.750854,BTC,42048.0701,42057.8312,0.122,6.303
2024-01-01T00:13:54.000162,ETH,2293.3798,2293.9125,4.649,9.39
2024-01-01T00:13:54.500765,BTC,42067.0036,42073.9186,1.977,6.088
2024-01-01T00:13:54.750457,BTC,42071.4333,42078.2881,0.286,15.821
2024-01-01T00:13:54.750457,ETH,2293.3206,2293.9598,2.309,5.864
2024-01-01T00:13:55.000009,ETH,2292.6077,2292.9819,6.665,5.69
2024-01-01T00:13:55.250080,BTC,42084.8766,42089.3653,6.692,3.87
2024-01-01T00:13:55.500278,SOL,98.3352,98.35,2.222,4.881
2024-01-01T00:13:55.750810,BTC,42085.6852,42096.0547,3.834,2.906
2024-01-01T00:13:56.000145,ETH,2292.1548,2292.8271,3.779,5.965
2024-01-01T00:13:56.250913,BTC,42087.4056,42098.4712,2.176,5.717
2024-01-01T00:13:56.250913,SOL,98.4057,98.4242,9.106,9.496
2024-01-01T00:13:56.500262,BTC,42114.2584,42122.1163,1.605,14.92
2024-01-01T00:13:56.750788,ETH,2292.979,2293.2641,3.068,3.191
2024-01-01T00:13:56.750788,SOL,98.3515,98.3688,2.666,1.465
2024-01-01T00:13:57.500814,BTC,42103.8759,42116.0181,5.742,1.636
2024-01-01T00:13:57.500814,SOL,98.3566,98.3778,6.895,1.962
2024-01-01T00:13:57.750734,ETH,2290.7519,2291.4358,0.101,0.025
2024-01-01T00:13:58.000884,ETH,2290.3668,2291.0405,4.338,5.169
2024-01-01T00:13:58.500824,SOL,98.3256,98.3408,0.801,0.591
2024-01-01T00:13:58.750129,ETH,2290.3326,2290.761,3.06,2.768
2024-01-01T00:13:59.250590,ETH,2289.1317,2289.7478,9.381,3.785
2024-01-01T00:13:59.500588,BTC,42113.97,42123.475,9.345,2.864
2024-01-01T00:14:00.250056,BTC,42089.0904,42093.4533,0.447,2.299
2024-01-01T00:14:01.250994,BTC,42117.2443,42127.4259,20.327,0.134
2024-01-01T00:14:01.250994,ETH,2289.2499,2289.6846,3.178,6.616
2024-01-01T00:14:02.250191,SOL,98.3248,98.3525,4.582,8.681
2024-01-01T00:14:02.750538,BTC,42114.6366,42127.2202,4.153,0.334
2024-01-01T00:14:02.750538,SOL,98.3461,98.3679,2.11,0.522
2024-01-01T00:14:03.000357,ETH,2288.982,2289.2354,5.542,0.107
2024-01-01T00:14:03.000357,SOL,98.3294,98.3538,0.093,1.169
2024-01-01T00:14:03.250306,BTC,42123.9518,42135.415,0.965,7.572
2024-01-01T00:14:03.250306,ETH,2288.1435,2288.374,5.965,5.585
2024-01-01T00:14:03.500120,SOL,98.3334,98.3539,4.029,25.177
2024-01-01T00:14:03.750269,ETH,2290.7283,2291.4052,5.3,0.139
2024-01-01T00:14:03.750269,SOL,98.3636,98.3746,2.29,15.188
2024-01-01T00:14:04.000696,ETH,2289.4169,2289.9087,13.099,8.775
2024-01-01T00:14:04.000696,SOL,98.277,98.3002,10.82,1.691
2024-01-01T00:14:04.250512,BTC,42130.5477,42136.8031,6.356,1.381
2024-01-01T00:14:04.750410,BTC,42161.0612,42168.2503,0.86,2.931
2024-01-01T00:14:04.750410,ETH,2289.8627,2290.4773,5.021,5.628
2024-01-01T00:14:04.750410,SOL,98.2397,98.2605,3.094,6.145
2024-01-01T00:14:05.500085,BTC,42166.069,42170.4377,2.385,10.278
2024-01-01T00:14:05.750187,SOL,98.2208,98.2363,1.532,6.093
2024-01-01T00:14:06.000137,ETH,2289.8542,2290.3985,3.048,22.275
2024-01-01T00:14:06.250102,BTC,42140.8117,42147.7052,0.411,1.176
2024-01-01T00:14:06.250102,ETH,2290.9963,2291.2619,10.696,6.352
2024-01-01T00:14:06.500230,ETH,2290.7527,2291.2861,3.092,4.188
2024-01-01T00:14:06.750238,BTC,42132.3018,42144.469,6.115,6.023
2024-01-01T00:14:06.750238,SOL,98.24,98.2623,0.226,9.209
2024-01-01T00:14:07.000100,SOL,98.1995,98.225,4.01,9.581
2024-01-01T00:14:07.250163,ETH,2291.802,2292.1269,2.4,1.573
2024-01-01T00:14:07.500175,ETH,2291.5297,2292.1944,1.435,3.91
2024-01-01T00:14:07.500175,SOL,98.1256,98.1549,0.165,1.804
2024-01-01T00:14:07.750944,BTC,42124.2063,42129.3669,14.388,4.724
2024-01-01T00:14:08.000154,ETH,2292.9623,2293.5571,19.861,3.41
2024-01-01T00:14:08.250862,ETH,2291.889,2292.2786,9.082,0.926
2024-01-01T00:14:08.750778,SOL,98.1374,98.1495,4.125,8.782
2024-01-01T00:14:09.250570,BTC,42114.6172,42122.9727,3.975,9.495
2024-01-01T00:14:09.250570,ETH,2291.6634,2292.3063,11.83,1.636
2024-01-01T00:14:09.500148,SOL,98.1673,98.1839,0.223,1.991
2024-01-01T00:14:10.000632,ETH,2291.7127,2292.2002,3.515,1.746
2024-01-01T00:14:10.250391,SOL,98.2076,98.2245,3.197,5.569
2024-01-01T00:14:10.750330,BTC,42121.519,42126.4081,8.91,3.055
2024-01-01T00:14:10.750330,ETH,2290.7377,2291.307,10.625,0.027
2024-01-01T00:14:11.000519,BTC,42108.8847,42113.9603,4.906,12.69
2024-01-01T00:14:11.000519,ETH,2291.5574,2291.9827,0.703,0.484
2024-01-01T00:14:11.250777,BTC,42101.2425,42107.1817,15.047,4.481
2024-01-01T00:14:11.250777,SOL,98.1974,98.2144,3.321,1.255
2024-01-01T00:14:11.500848,SOL,98.1999,98.2212,1.557,1.688
2024-01-01T00:14:12.250552,BTC,42085.2306,42092.4504,8.681,0.196
2024-01-01T00:14:12.500063,BTC,42074.6927,42081.8607,10.723,0.558
2024-01-01T00:14:12.500063,SOL,98.2244,98.2481,0.822,4.249
2024-01-01T00:14:12.750991,BTC,42097.3101,42107.8038,2.437,21.666
2024-01-01T00:14:13.000948,BTC,42070.7192,42075.4366,0.802,1.974
2024-01-01T00:14:13.000948,ETH,2289.5489,2289.7868,4.765,0.093
2024-01-01T00:14:13.250209,SOL,98.194,98.2204,12.312,5.053
2024-01-01T00:14:13.500120,SOL,98.1843,98.2129,16.391,9.541
2024-01-01T00:14:13.750809,SOL,98.218,98.2416,1.878,5.251
2024-01-01T00:14:14.000725,SOL,98.2055,98.2287,3.177,4.888
2024-01-01T00:14:14.250052,SOL,98.2848,98.3038,0.676,5.319
2024-01-01T00:14:14.500163,SOL,98.2919,98.3198,7.926,11.37
2024-01-01T00:14:15.250229,BTC,42067.6027,42074.9269,0.754,3.842
2024-01-01T00:14:15.250229,ETH,2289.2,2289.4659,8.072,4.024
2024-01-01T00:14:15.750650,BTC,42078.285,42086.8099,2.223,0.486
2024-01-01T00:14:15.750650,ETH,2291.3238,2291.5545,1.494,12.953
2024-01-01T00:14:16.500231,ETH,2290.7621,2291.2511,0.818,2.307
2024-01-01T00:14:16.750052,SOL,98.3354,98.3493,1.148,9.332
2024-01-01T00:14:17.250294,ETH,2289.2339,2289.6586,5.666,1.084
2024-01-01T00:14:17.500709,ETH,2290.4139,2290.6967,0.161,3.916
2024-01-01T00:14:17.500709,SOL,98.3199,98.3355,6.041,7.798
2024-01-01T00:14:18.000689,ETH,2291.3409,2291.6804,1.255,3.651
2024-01-01T00:14:18.000689,SOL,98.3771,98.4,2.444,7.316
2024-01-01T00:14:18.250625,SOL,98.3531,98.3737,2.859,2.386
2024-01-01T00:14:18.500478,BTC,42105.3481,42113.767,0.829,0.219
2024-01-01T00:14:18.500478,ETH,2291.0499,2291.7155,1.132,3.501
2024-01-01T00:14:18.750542,BTC,42082.2568,42091.135,3.731,16.233
2024-01-01T00:14:19.000173,BTC,42058.8678,42067.0004,0.523,5.895
2024-01-01T00:14:19.000173,ETH,2291.1392,2291.6265,5.397,10.448
2024-01-01T00:14:19.500557,ETH,2291.3799,2292.0003,3.508,11.934
2024-01-01T00:14:19.500557,SOL,98.2682,98.2923,0.892,0.943
2024-01-01T00:14:19.750386,BTC,42073.4623,42084.2029,5.66,4.541
2024-01-01T00:14:19.750386,ETH,2291.0082,2291.5424,4.703,3.047
2024-01-01T00:14:19.750386,SOL,98.306,98.3263,1.535,6.453
2024-01-01T00:14:20.000936,ETH,2291.7715,2292.4171,21.372,4.003
2024-01-01T00:14:20.250197,BTC,42087.067,42094.4509,5.889,12.384
2024-01-01T00:14:20.250197,SOL,98.2844,98.3074,3.509,0.15
2024-01-01T00:14:20.500765,ETH,2290.6572,2291.1047,5.756,1.259
2024-01-01T00:14:20.750536,BTC,42057.6306,42070.0447,7.479,6.122
2024-01-01T00:14:21.250973,SOL,98.334,98.3462,3.251,2.064
2024-01-01T00:14:21.500276,SOL,98.238,98.25,18.655,0.866
2024-01-01T00:14:21.750826,BTC,42046.2391,42053.8796,0.724,3.753
2024-01-01T00:14:21.750826,SOL,98.1863,98.2141,1.459,0.068
2024-01-01T00:14:22.000993,SOL,98.2486,98.2715,1.788,1.526
2024-01-01T00:14:22.250432,ETH,2292.029,2292.5366,25.56,0.884
2024-01-01T00:14:22.500044,ETH,2290.9774,2291.63,1.329,2.614
2024-01-01T00:14:22.500044,SOL,98.2484,98.2629,0.725,1.134
2024-01-01T00:14:22.750768,ETH,2290.6181,2291.1447,6.728,1.033
2024-01-01T00:14:23.000509,BTC,42035.3853,42044.2527,4.1,1.871
2024-01-01T00:14:23.250420,BTC,42036.8238,42046.4726,0.16,6.542
2024-01-01T00:14:23.500037,ETH,2291.4561,2292.0442,4.18,9.73
2024-01-01T00:14:23.750893,BTC,42028.7563,42039.0147,0.198,0.505
2024-01-01T00:14:23.750893,SOL,98.2722,98.2965,3.376,1.77
2024-01-01T00:14:24.000707,BTC,42046.6946,42053.547,8.611,0.699
2024-01-01T00:14:24.250844,BTC,42012.6609,42021.0565,15.885,0.859
2024-01-01T00:14:24.500108,BTC,41989.5807,41999.481,2.588,11.912
2024-01-01T00:14:24.750973,BTC,41998.9513,42005.4174,0.799,3.066
2024-01-01T00:14:25.250511,ETH,2292.4216,2292.7229,2.342,4.255
2024-01-01T00:14:25.500976,ETH,2292.7837,2293.2879,11.526,3.402
2024-01-01T00:14:26.000803,ETH,2292.8532,2293.5062,1.6,1.313
2024-01-01T00:14:26.000803,SOL,98.2531,98.2819,0.719,16.039
2024-01-01T00:14:26.250285,BTC,41998.6786,42009.3955,18.498,4.496
2024-01-01T00:14:26.750465,BTC,41987.3455,41996.8885,7.231,6.354
2024-01-01T00:14:27.250572,BTC,42012.3803,42017.9687,4.219,0.342
2024-01-01T00:14:27.250572,ETH,2292.9109,2293.1992,0.677,2.196
2024-01-01T00:14:27.500051,ETH,2292.5105,2292.8968,2.261,4.148
2024-01-01T00:14:28.000666,BTC,42009.1982,42019.8748,1.69,12.574
2024-01-01T00:14:28.000666,SOL,98.2618,98.2844,0.369,6.617
2024-01-01T00:14:28.500877,BTC,41995.1362,41999.5085,3.199,28.747
2024-01-01T00:14:28.500877,ETH,2292.2118,2292.4873,0.37,2.5
2024-01-01T00:14:28.500877,SOL,98.2595,98.2823,0.41,1.479
2024-01-01T00:14:29.250955,BTC,41988.2645,41995.8622,13.417,6.255
2024-01-01T00:14:30.000679,BTC,41977.6374,41987.7164,5.274,4.842
2024-01-01T00:14:30.250274,BTC,41968.1091,41977.9612,20.032,12.295
2024-01-01T00:14:30.500150,ETH,2290.9985,2291.5041,4.305,0.907
2024-01-01T00:14:30.750851,ETH,2290.1615,2290.479,1.146,18.652
2024-01-01T00:14:31.250879,ETH,2289.0141,2289.2946,0.103,0.103
2024-01-01T00:14:31.750128,SOL,98.253,98.2671,3.425,11.384
2024-01-01T00:14:32.000213,BTC,41954.286,41963.1501,5.021,11.868
2024-01-01T00:14:32.500090,BTC,41962.9158,41969.2959,7.88,3.872
2024-01-01T00:14:32.750099,BTC,41954.4918,41964.1509,1.446,4.691
2024-01-01T00:14:33.250685,BTC,41945.6262,41957.7742,6.304,0.761
2024-01-01T00:14:33.250685,SOL,98.3495,98.3718,3.753,0.028
2024-01-01T00:14:33.500328,ETH,2290.5567,2291.1479,13.879,0.47
2024-01-01T00:14:33.750488,SOL,98.3972,98.4151,2.574,3.073
2024-01-01T00:14:34.000009,ETH,2290.6444,2290.8742,0.423,21.808
2024-01-01T00:14:34.250711,BTC,41961.3161,41968.6192,9.295,9.354
2024-01-01T00:14:34.500602,ETH,2290.6212,2291.0488,1.961,0.106
2024-01-01T00:14:34.750055,SOL,98.3626,98.3785,3.32,0.119
2024-01-01T00:14:35.000100,ETH,2291.8173,2292.1472,9.019,0.064
2024-01-01T00:14:35.750867,ETH,2290.1335,2290.6634,4.268,9.651
2024-01-01T00:14:36.000106,SOL,98.3047,98.3308,9.939,0.81
2024-01-01T00:14:36.250523,BTC,41966.323,41974.8272,6.951,3.894
2024-01-01T00:14:36.500156,BTC,41970.001,41977.5838,3.786,2.486
2024-01-01T00:14:36.500156,SOL,98.3435,98.3632,13.969,1.335
2024-01-01T00:14:36.750967,BTC,41968.9172,41975.838,3.348,2.024
2024-01-01T00:14:36.750967,ETH,2289.7716,2290.3727,1.081,7.158
2024-01-01T00:14:37.000744,SOL,98.2632,98.2766,1.739,8.927
2024-01-01T00:14:37.500679,ETH,2289.3068,2289.9508,2.624,1.345
2024-01-01T00:14:37.500679,SOL,98.2707,98.2968,0.324,0.561
2024-01-01T00:14:37.750726,BTC,42001.1003,42012.082,8.131,0.133
2024-01-01T00:14:38.000268,BTC,41986.8016,41991.5456,0.517,7.148
2024-01-01T00:14:39.000855,ETH,2290.6691,2291.3053,3.163,4.072
2024-01-01T00:14:39.000855,SOL,98.3616,98.3716,4.879,3.266
2024-01-01T00:14:39.250603,SOL,98.4791,98.4935,1.099,2.275
2024-01-01T00:14:39.750648,SOL,98.4444,98.4739,0.391,4.25
2024-01-01T00:14:40.000413,BTC,41985.5317,41991.9338,4.874,0.719
2024-01-01T00:14:40.250695,BTC,41971.5926,41981.3204,2.235,2.316
2024-01-01T00:14:40.250695,ETH,2290.7234,2291.1991,1.003,1.379
2024-01-01T00:14:40.250695,SOL,98.4194,98.4386,4.607,7.541
2024-01-01T00:14:40.750957,BTC,42003.413,42010.6518,3.508,1.215
2024-01-01T00:14:40.750957,ETH,2290.539,2290.9146,5.72,6.318
2024-01-01T00:14:40.750957,SOL,98.4388,98.4624,0.505,1.144
2024-01-01T00:14:41.000759,SOL,98.4695,98.4838,0.096,2.726
2024-01-01T00:14:41.250707,BTC,42004.0163,42010.9565,3.703,34.627
2024-01-01T00:14:41.250707,SOL,98.4115,98.4245,2.382,2.273
2024-01-01T00:14:41.500451,SOL,98.4178,98.4361,6.985,4.972
2024-01-01T00:14:42.250471,ETH,2291.803,2292.4853,1.211,1.789
2024-01-01T00:14:42.750091,BTC,41993.466,42001.358,4.459,3.852
2024-01-01T00:14:43.500777,SOL,98.4373,98.4547,14.012,0.831
2024-01-01T00:14:44.000134,SOL,98.4698,98.4811,5.663,14.293
2024-01-01T00:14:44.250816,ETH,2293.8917,2294.4231,3.767,3.656
2024-01-01T00:14:44.250816,SOL,98.5103,98.5277,18.318,3.631
2024-01-01T00:14:44.500015,BTC,42000.2382,42010.3287,7.924,0.559
2024-01-01T00:14:44.500015,ETH,2294.9593,2295.3617,2.025,15.338
2024-01-01T00:14:44.750035,ETH,2295.4326,2295.9133,3.952,4.367
2024-01-01T00:14:44.750035,SOL,98.5312,98.5601,3.975,3.612
2024-01-01T00:14:45.000958,ETH,2296.5207,2296.8305,15.952,6.087
2024-01-01T00:14:45.000958,SOL,98.5654,98.5881,19.966,5.429
2024-01-01T00:14:45.250800,SOL,98.5774,98.6028,6.204,25.242
2024-01-01T00:14:45.500217,ETH,2297.2699,2297.9328,6.278,0.395
2024-01-01T00:14:45.500217,SOL,98.5664,98.5821,1.377,7.373
2024-01-01T00:14:46.000568,BTC,42018.9698,42029.5536,0.168,8.323
2024-01-01T00:14:46.500134,SOL,98.5414,98.561,1.89,3.931
2024-01-01T00:14:46.750831,BTC,41988.0142,41995.6946,0.123,1.517
2024-01-01T00:14:46.750831,ETH,2295.6655,2295.9362,10.955,0.543
2024-01-01T00:14:46.750831,SOL,98.5603,98.5886,0.094,11.457
2024-01-01T00:14:47.000775,BTC,41994.2184,41999.8451,1.084,5.283
2024-01-01T00:14:47.000775,ETH,2297.3156,2297.9362,5.287,4.105
2024-01-01T00:14:47.500412,BTC,41983.7648,41992.0862,0.185,6.793
2024-01-01T00:14:47.750862,SOL,98.5722,98.5861,0.138,15.474
2024-01-01T00:14:48.000431,BTC,41986.7527,41998.0326,4.292,2.373
2024-01-01T00:14:48.000431,SOL,98.566,98.5889,0.149,2.519
2024-01-01T00:14:48.250885,SOL,98.6002,98.6226,1.125,4.186
2024-01-01T00:14:48.500424,BTC,41989.3108,41995.4963,0.256,7.932
2024-01-01T00:14:48.750226,SOL,98.5552,98.5747,0.224,6.248
2024-01-01T00:14:49.500735,SOL,98.5926,98.6123,7.194,12.317
2024-01-01T00:14:49.750384,ETH,2297.42,2297.7013,3.334,2.147
2024-01-01T00:14:49.750384,SOL,98.5127,98.5406,6.793,12.951
2024-01-01T00:14:50.000925,SOL,98.5022,98.515,5.072,3.62
2024-01-01T00:14:50.250200,ETH,2297.6637,2298.1407,6.803,5.059
2024-01-01T00:14:50.500168,BTC,41996.1183,42008.4656,4.056,3.329
2024-01-01T00:14:50.750499,ETH,2297.1493,2297.7399,6.411,6.201
2024-01-01T00:14:50.750499,SOL,98.5714,98.5997,2.056,0.333
2024-01-01T00:14:51.000594,ETH,2295.9997,2296.5127,0.093,2.78
2024-01-01T00:14:51.000594,SOL,98.5831,98.6109,1.467,8.342
2024-01-01T00:14:51.250607,BTC,42012.2377,42019.9084,0.487,15.388
2024-01-01T00:14:51.250607,SOL,98.6344,98.6495,2.816,1.763
2024-01-01T00:14:51.500450,BTC,42019.0205,42027.3578,7.671,0.064
2024-01-01T00:14:51.500450,ETH,2295.0853,2295.6182,0.418,1.469
2024-01-01T00:14:51.750354,BTC,42054.3349,42059.1232,2.31,5.681
2024-01-01T00:14:52.000566,BTC,42055.7725,42066.331,4.721,2.605
2024-01-01T00:14:52.000566,ETH,2295.6362,2296.2152,16.041,11.004
2024-01-01T00:14:52.250676,ETH,2296.2045,2296.8671,1.677,1.627
2024-01-01T00:14:52.500265,SOL,98.5708,98.5858,2.177,6.826
2024-01-01T00:14:52.750313,BTC,42099.866,42108.9635,0.844,3.16
2024-01-01T00:14:52.750313,SOL,98.5551,98.5813,1.444,3.761
2024-01-01T00:14:53.000330,ETH,2297.5272,2298.0902,7.161,2.058
2024-01-01T00:14:53.250881,SOL,98.5327,98.5595,8.286,7.378
2024-01-01T00:14:53.750554,BTC,42120.5408,42129.1957,0.094,6.69
2024-01-01T00:14:53.750554,SOL,98.551,98.5744,0.337,10.015
2024-01-01T00:14:54.000017,BTC,42139.8019,42148.8936,0.178,2.185
2024-01-01T00:14:54.000017,SOL,98.4834,98.5072,0.124,2.868
2024-01-01T00:14:54.250119,SOL,98.4644,98.4895,13.002,1.909
2024-01-01T00:14:54.500423,SOL,98.4451,98.4624,6.675,1.285
2024-01-01T00:14:54.750223,BTC,42137.9522,42148.539,1.058,9.892
2024-01-01T00:14:54.750223,SOL,98.4731,98.4909,1.937,8.193
2024-01-01T00:14:55.000239,BTC,42157.1814,42165.7686,9.687,0.814
2024-01-01T00:14:55.250954,ETH,2297.8023,2298.0796,7.862,0.873
2024-01-01T00:14:55.500246,ETH,2297.7771,2298.107,0.391,26.801
2024-01-01T00:14:55.500246,SOL,98.4857,98.5023,5.604,6.289
2024-01-01T00:14:55.750767,ETH,2297.6941,2298.0993,11.356,0.127
2024-01-01T00:14:56.000810,ETH,2296.9629,2297.3215,16.645,13.422
2024-01-01T00:14:56.750561,BTC,42172.873,42180.1772,3.537,26.912
2024-01-01T00:14:57.500268,ETH,2297.6572,2298.2585,8.994,0.407
2024-01-01T00:14:57.750194,ETH,2297.5312,2298.2186,1.823,0.034
2024-01-01T00:14:58.000806,ETH,2296.6311,2296.8979,1.686,2.659
2024-01-01T00:14:58.250707,ETH,2298.0484,2298.4966,0.705,5.997
2024-01-01T00:14:58.500105,SOL,98.4199,98.4433,3.828,0.174
2024-01-01T00:14:59.250090,ETH,2297.3327,2297.8426,1.251,5.222
2024-01-01T00:15:00.000746,BTC,42169.576,42181.7768,7.487,0.218
2024-01-01T00:15:00.000746,ETH,2296.898,2297.4397,2.083,8.041
2024-01-01T00:15:00.250236,SOL,98.4197,98.4409,2.436,0.191
2024-01-01T00:15:00.500154,ETH,2294.2178,2294.8543,0.863,21.798
2024-01-01T00:15:00.750457,BTC,42192.2058,42199.208,1.028,8.472
2024-01-01T00:15:00.750457,SOL,98.4876,98.5001,3.008,17.347
2024-01-01T00:15:01.250596,BTC,42178.5558,42185.8089,3.217,0.387
2024-01-01T00:15:01.750927,ETH,2293.2625,2293.7193,3.718,4.137
2024-01-01T00:15:01.750927,SOL,98.4907,98.5073,1.331,0.383
2024-01-01T00:15:02.000951,ETH,2292.9503,2293.439,0.909,7.106
2024-01-01T00:15:02.250275,BTC,42200.4083,42204.6652,2.165,9.394
2024-01-01T00:15:02.250275,ETH,2293.7231,2294.1897,4.81,7.791
2024-01-01T00:15:03.000009,ETH,2294.5345,2294.8191,3.712,7.496
2024-01-01T00:15:03.250868,SOL,98.5157,98.5288,3.183,2.288
2024-01-01T00:15:03.500367,SOL,98.5378,98.5551,5.034,4.051
2024-01-01T00:15:04.000490,BTC,42191.006,42202.2987,0.615,4.246
2024-01-01T00:15:04.250198,SOL,98.4732,98.4888,2.346,4.592
2024-01-01T00:15:04.500093,ETH,2293.7844,2294.1914,4.835,3.003
2024-01-01T00:15:04.750402,ETH,2291.9415,2292.5259,0.996,0.108
2024-01-01T00:15:05.500529,ETH,2293.0164,2293.348,1.825,2.943
2024-01-01T00:15:05.500529,SOL,98.4738,98.4983,0.645,4.148
2024-01-01T00:15:05.750460,ETH,2292.8062,2293.4387,4.59,5.821
2024-01-01T00:15:06.000281,ETH,2291.6547,2292.0853,4.719,0.155
2024-01-01T00:15:06.250570,ETH,2290.2919,2290.6806,9.958,18.486
2024-01-01T00:15:06.250570,SOL,98.402,98.4252,0.578,7.744
2024-01-01T00:15:06.750672,ETH,2290.9302,2291.435,3.264,3.155
2024-01-01T00:15:07.000462,ETH,2290.7917,2291.1418,0.121,0.891
2024-01-01T00:15:07.250305,BTC,42211.4357,42218.8408,4.434,2.585
2024-01-01T00:15:07.250305,ETH,2290.1924,2290.7307,2.446,1.57
2024-01-01T00:15:08.000920,SOL,98.3964,98.4151,2.249,1.592
2024-01-01T00:15:08.500467,BTC,42231.0334,42236.02,4.755,4.72
2024-01-01T00:15:08.750233,BTC,42205.9377,42215.9774,5.635,0.094
2024-01-01T00:15:09.000480,ETH,2289.9836,2290.5803,4.943,21.041
2024-01-01T00:15:09.500250,BTC,42237.6752,42242.4656,2.581,2.607
2024-01-01T00:15:09.750238,SOL,98.3932,98.4032,1.103,6.817
2024-01-01T00:15:10.250498,ETH,2289.2977,2289.8943,8.495,16.879
2024-01-01T00:15:10.250498,SOL,98.489,98.5015,5.289,2.393
2024-01-01T00:15:11.000329,BTC,42224.7166,42232.54,2.713,0.201
2024-01-01T00:15:11.000329,SOL,98.4531,98.4784,1.9,8.203
2024-01-01T00:15:11.250950,BTC,42205.868,42212.342,8.085,3.101
2024-01-01T00:15:11.750861,ETH,2289.6544,2290.1359,1.482,1.932
2024-01-01T00:15:12.250054,ETH,2290.3274,2290.848,13.892,23.714
2024-01-01T00:15:12.750288,ETH,2290.6677,2291.2447,1.646,19.274
2024-01-01T00:15:12.750288,SOL,98.4563,98.4676,4.606,8.633
2024-01-01T00:15:13.250217,BTC,42228.8132,42239.9234,1.52,0.993
2024-01-01T00:15:13.500884,ETH,2290.2696,2290.8815,1.425,15.774
2024-01-01T00:15:14.000090,ETH,2289.2733,2289.8222,3.836,17.326
2024-01-01T00:15:14.000090,SOL,98.3975,98.4225,2.704,2.164
2024-01-01T00:15:14.250411,SOL,98.4749,98.4964,1.233,2.896
2024-01-01T00:15:14.500809,BTC,42246.0066,42253.4306,1.293,7.216
2024-01-01T00:15:14.500809,ETH,2290.0122,2290.6233,0.683,0.083
2024-01-01T00:15:14.750748,SOL,98.5052,98.5188,0.137,0.193
2024-01-01T00:15:15.000649,SOL,98.4787,98.4962,0.127,2.009
2024-01-01T00:15:15.750854,ETH,2289.5245,2289.7863,4.318,2.162
2024-01-01T00:15:16.000455,ETH,2288.9729,2289.605,14.087,0.076
2024-01-01T00:15:16.000455,SOL,98.5112,98.5311,4.632,3.654
2024-01-01T00:15:16.500774,ETH,2290.743,2291.1787,1.729,10.167
2024-01-01T00:15:16.500774,SOL,98.515,98.5249,1.174,0.851
2024-01-01T00:15:16.750457,ETH,2289.3546,2289.9475,4.017,0.162
2024-01-01T00:15:17.500171,BTC,42235.2178,42246.4091,7.549,0.066
2024-01-01T00:15:17.500171,SOL,98.5766,98.5972,4.893,5.584
2024-01-01T00:15:17.750185,BTC,42240.5337,42252.4453,4.713,17.599
2024-01-01T00:15:17.750185,ETH,2290.3772,2290.6637,2.842,19.268
2024-01-01T00:15:18.000281,SOL,98.5421,98.5546,6.037,0.126
2024-01-01T00:15:18.250976,SOL,98.5493,98.5762,1.25,0.475
2024-01-01T00:15:18.750215,ETH,2289.9158,2290.4487,0.507,3.374
2024-01-01T00:15:19.250242,SOL,98.6048,98.617,0.627,0.309
2024-01-01T00:15:19.500622,BTC,42230.812,42241.8775,8.91,6.365
2024-01-01T00:15:20.250768,SOL,98.5587,98.5877,8.528,7.155
2024-01-01T00:15:20.500597,SOL,98.5583,98.5713,7.368,3.861
2024-01-01T00:15:20.750859,BTC,42216.3662,42222.8222,1.191,1.531
2024-01-01T00:15:20.750859,ETH,2290.4831,2290.7131,0.836,15.284
2024-01-01T00:15:20.750859,SOL,98.481,98.4997,1.13,6.17
2024-01-01T00:15:21.000824,BTC,42206.7225,42212.7232,0.751,0.421
2024-01-01T00:15:21.250167,BTC,42164.3353,42175.3122,0.964,2.457
2024-01-01T00:15:21.250167,ETH,2292.0088,2292.2623,14.593,12.507
2024-01-01T00:15:21.500653,BTC,42169.2137,42180.9301,3.623,2.804
2024-01-01T00:15:21.500653,ETH,2292.0993,2292.4672,6.055,1.318
2024-01-01T00:15:21.500653,SOL,98.4312,98.4573,3.122,3.305
2024-01-01T00:15:22.000439,ETH,2290.989,2291.4399,8.805,3.004
2024-01-01T00:15:22.250660,SOL,98.5096,98.5369,2.153,4.668
2024-01-01T00:15:22.500562,SOL,98.497,98.5143,4.373,4.216
2024-01-01T00:15:22.750734,SOL,98.5335,98.5557,2.437,1.272
2024-01-01T00:15:23.500099,SOL,98.5443,98.5638,3.38,2.053
2024-01-01T00:15:24.000644,SOL,98.6043,98.6166,7.069,5.75
2024-01-01T00:15:24.500407,BTC,42190.2918,42194.7365,13.305,3.83
2024-01-01T00:15:24.500407,ETH,2289.2145,2289.6824,1.526,1.116
2024-01-01T00:15:24.500407,SOL,98.605,98.616,27.928,3.694
2024-01-01T00:15:24.750644,ETH,2290.2013,2290.6535,1.746,6.041
2024-01-01T00:15:24.750644,SOL,98.5397,98.5543,4.802,1.685
2024-01-01T00:15:25.250597,SOL,98.522,98.5422,0.838,0.753
2024-01-01T00:15:25.500210,BTC,42195.2139,42203.8328,0.7,7.317
2024-01-01T00:15:25.750262,SOL,98.4981,98.5274,2.77,6.277
2024-01-01T00:15:26.000132,BTC,42203.6346,42214.5944,14.074,0.61
2024-01-01T00:15:26.000132,ETH,2289.4602,2289.859,3.094,1.422
2024-01-01T00:15:26.000132,SOL,98.4683,98.4908,0.148,4.92
2024-01-01T00:15:26.250640,BTC,42198.6531,42209.6732,2.896,5.743
2024-01-01T00:15:26.500530,BTC,42205.3333,42210.5582,3.045,0.238
2024-01-01T00:15:26.500530,ETH,2290.8069,2291.1964,1.685,0.971
2024-01-01T00:15:26.750371,BTC,42217.5674,42226.3587,0.632,10.304
2024-01-01T00:15:26.750371,SOL,98.4068,98.4262,6.023,2.176
2024-01-01T00:15:27.000826,BTC,42240.0166,42249.7818,0.166,0.526
2024-01-01T00:15:27.500256,BTC,42256.0185,42268.5556,6.19,5.607
2024-01-01T00:15:28.000853,ETH,2288.8252,2289.1697,12.16,0.01
2024-01-01T00:15:28.250774,ETH,2288.8959,2289.4156,9.91,1.515
2024-01-01T00:15:28.750568,ETH,2289.5197,2289.9249,2.722,23.384
2024-01-01T00:15:29.000786,ETH,2290.5728,2290.8912,3.862,3.95
2024-01-01T00:15:30.250170,ETH,2290.7202,2291.2053,1.221,3.86
2024-01-01T00:15:30.250170,SOL,98.3894,98.4025,10.686,1.117
2024-01-01T00:15:30.500917,SOL,98.3796,98.3922,7.433,1.305
2024-01-01T00:15:31.250983,ETH,2290.4969,2291.0459,0.81,2.633
2024-01-01T00:15:31.500058,SOL,98.329,98.3511,0.853,0.215
2024-01-01T00:15:32.000575,SOL,98.3495,98.3747,1.789,6.71
2024-01-01T00:15:32.250263,BTC,42291.1727,42298.9625,4.022,7.567
2024-01-01T00:15:32.250263,ETH,2291.0384,2291.515,0.112,10.826
2024-01-01T00:15:32.750673,ETH,2292.3404,2292.6287,2.107,8.554
2024-01-01T00:15:33.000512,BTC,42319.4913,42329.5439,1.564,8.517
2024-01-01T00:15:33.000512,ETH,2291.6332,2291.9134,7.58,2.392
2024-01-01T00:15:33.250661,SOL,98.3988,98.4223,2.497,5.262
2024-01-01T00:15:33.500315,ETH,2293.0963,2293.5426,3.314,0.868
2024-01-01T00:15:33.750395,BTC,42307.0431,42318.873,0.279,5.795
2024-01-01T00:15:34.000096,ETH,2292.7969,2293.1487,3.083,4.938
2024-01-01T00:15:34.250910,ETH,2291.771,2292.3981,3.238,2.11
2024-01-01T00:15:34.750368,ETH,2291.1876,2291.5928,3.889,0.124
2024-01-01T00:15:35.250229,BTC,42318.3476,42323.0347,2.103,1.514
2024-01-01T00:15:35.250229,ETH,2291.1363,2291.6504,2.147,4.397
2024-01-01T00:15:35.500466,BTC,42328.9993,42340.1609,5.847,1.865
2024-01-01T00:15:35.750664,BTC,42338.0822,42345.6521,0.643,3.827
2024-01-01T00:15:35.750664,SOL,98.4075,98.4285,0.893,4.277
2024-01-01T00:15:36.000681,BTC,42356.8302,42363.513,4.786,4.767
2024-01-01T00:15:36.000681,SOL,98.3753,98.3852,0.571,5.913
2024-01-01T00:15:36.250802,ETH,2291.8162,2292.3313,0.013,4.496
2024-01-01T00:15:36.250802,SOL,98.3842,98.396,1.494,5.767
2024-01-01T00:15:36.500277,ETH,2290.8284,2291.2364,14.83,3.809
2024-01-01T00:15:37.000057,SOL,98.3268,98.3509,11.779,2.962
2024-01-01T00:15:37.250037,ETH,2289.9859,2290.5342,3.368,0.321
2024-01-01T00:15:37.500951,BTC,42364.4911,42371.5751,2.289,7.188
2024-01-01T00:15:37.750655,BTC,42351.7106,42360.1479,1.384,10.08
2024-01-01T00:15:37.750655,ETH,2289.8697,2290.5196,0.578,6.67
2024-01-01T00:15:38.000734,BTC,42358.8838,42367.4948,16.708,0.999
2024-01-01T00:15:38.000734,SOL,98.3609,98.3845,1.573,1.164
2024-01-01T00:15:38.500132,SOL,98.3572,98.3725,2.682,1.001
2024-01-01T00:15:38.750907,ETH,2290.5128,2291.0738,2.538,0.384
2024-01-01T00:15:38.750907,SOL,98.3747,98.3943,8.344,2.008
2024-01-01T00:15:39.000275,ETH,2289.3247,2289.7143,10.298,3.22
2024-01-01T00:15:39.250374,BTC,42356.0147,42362.8938,2.26,2.459
2024-01-01T00:15:39.500670,ETH,2287.5856,2288.2224,13.128,13.501
2024-01-01T00:15:39.750118,ETH,2286.904,2287.4091,3.205,9.342
2024-01-01T00:15:39.750118,SOL,98.4108,98.4306,0.182,2.342
2024-01-01T00:15:40.000924,ETH,2286.4142,2286.7525,2.315,4.046
2024-01-01T00:15:40.000924,SOL,98.4408,98.4558,1.178,4.149
2024-01-01T00:15:40.250542,ETH,2287.3795,2287.8317,15.972,8.732
2024-01-01T00:15:40.500128,SOL,98.3945,98.4133,11.986,0.133
2024-01-01T00:15:40.750322,BTC,42328.2906,42335.4617,1.952,4.522
2024-01-01T00:15:41.000886,ETH,2288.3597,2288.681,1.709,0.215
2024-01-01T00:15:41.000886,SOL,98.3989,98.4108,0.189,2.807
2024-01-01T00:15:41.250858,ETH,2288.5646,2289.1408,2.077,0.409
2024-01-01T00:15:41.500735,BTC,42358.1255,42367.0012,0.576,8.457
2024-01-01T00:15:41.750276,BTC,42367.0263,42377.8013,5.053,13.289
2024-01-01T00:15:41.750276,ETH,2288.6332,2288.9935,0.113,1.316
2024-01-01T00:15:42.250656,ETH,2287.9536,2288.609,2.045,7.113
2024-01-01T00:15:42.750292,BTC,42369.6238,42381.4741,4.533,3.028
2024-01-01T00:15:43.000040,SOL,98.3297,98.3491,1.039,0.65
2024-01-01T00:15:43.500439,BTC,42379.9979,42389.3075,3.94,3.181
2024-01-01T00:15:43.750198,ETH,2288.7674,2289.0723,0.872,1.029
2024-01-01T00:15:44.000534,ETH,2289.0084,2289.6927,2.429,3.321
2024-01-01T00:15:44.250043,SOL,98.3617,98.3782,0.874,4.461
2024-01-01T00:15:44.500830,ETH,2288.5173,2288.8471,6.125,11.772
2024-01-01T00:15:44.500830,SOL,98.3135,98.3288,11.978,5.923
2024-01-01T00:15:44.750193,BTC,42394.1775,42401.4056,1.095,2.093
2024-01-01T00:15:44.750193,SOL,98.3003,98.3242,2.96,5.163
2024-01-01T00:15:45.000806,SOL,98.304,98.3285,2.08,3.291
2024-01-01T00:15:45.250060,ETH,2287.1591,2287.8038,0.691,1.004
2024-01-01T00:15:45.250060,SOL,98.3109,98.329,10.968,4.077
2024-01-01T00:15:46.250000,ETH,2287.2139,2287.7552,8.119,5.041
2024-01-01T00:15:46.500913,SOL,98.3482,98.366,2.731,5.176
2024-01-01T00:15:46.750271,SOL,98.3682,98.3819,8.616,0.935
2024-01-01T00:15:47.000784,BTC,42404.1017,42408.5413,1.93,9.497
2024-01-01T00:15:47.000784,ETH,2288.6523,2289.0679,0.348,22.347
2024-01-01T00:15:47.000784,SOL,98.3205,98.3454,8.93,3.255
2024-01-01T00:15:48.000454,BTC,42370.8218,42379.7124,0.319,2.884
2024-01-01T00:15:48.250889,BTC,42348.7074,42353.1959,3.714,6.631
2024-01-01T00:15:48.250889,SOL,98.3324,98.3574,2.325,4.657
2024-01-01T00:15:48.500131,BTC,42344.4441,42354.7474,5.291,0.129
2024-01-01T00:15:48.500131,ETH,2287.6853,2287.9391,17.36,6.42
2024-01-01T00:15:48.750749,SOL,98.3248,98.3535,1.707,10.954
2024-01-01T00:15:49.000687,ETH,2287.5929,2287.8351,2.139,7.705
2024-01-01T00:15:49.500271,ETH,2286.6012,2286.8849,6.354,13.392
2024-01-01T00:15:49.750117,BTC,42358.588,42365.6621,0.625,11.887
2024-01-01T00:15:49.750117,SOL,98.3422,98.3559,0.593,2.495
2024-01-01T00:15:50.000431,SOL,98.3794,98.3917,5.999,3.434
2024-01-01T00:15:50.250076,BTC,42366.3758,42376.8302,3.945,22.307
2024-01-01T00:15:50.500447,ETH,2286.4758,2287.0547,1.308,1.338
2024-01-01T00:15:50.750588,BTC,42395.9752,42408.5525,14.405,6.107
2024-01-01T00:15:50.750588,ETH,2287.3,2287.9,4.723,3.517
2024-01-01T00:15:51.250528,ETH,2288.5633,2289.1875,1.485,0.813
2024-01-01T00:15:51.750726,SOL,98.4088,98.4199,0.433,2.034
2024-01-01T00:15:52.500068,BTC,42425.574,42430.9602,16.175,3.499
2024-01-01T00:15:52.500068,SOL,98.403,98.4279,25.077,3.029
2024-01-01T00:15:52.750575,BTC,42425.9092,42430.8639,6.198,5.149
2024-01-01T00:15:52.750575,ETH,2289.5495,2290.1501,1.968,0.623
2024-01-01T00:15:53.250567,BTC,42412.1191,42422.658,0.995,5.324
2024-01-01T00:15:53.250567,SOL,98.3577,98.3756,7.448,2.701
2024-01-01T00:15:53.500211,BTC,42392.5576,42399.7347,2.481,6.057
2024-01-01T00:15:54.250819,BTC,42379.356,42388.4594,1.698,0.35
2024-01-01T00:15:54.250819,ETH,2289.9959,2290.2308,0.993,5.049
2024-01-01T00:15:54.750014,BTC,42380.3795,42391.7185,0.492,2.921
2024-01-01T00:15:55.000992,ETH,2290.2561,2290.7791,1.11,10.377
2024-01-01T00:15:55.750405,ETH,2291.2107,2291.804,14.28,10.973
2024-01-01T00:15:56.000505,BTC,42376.4393,42380.686,0.553,0.292
2024-01-01T00:15:56.000505,SOL,98.344,98.3645,9.698,0.615
2024-01-01T00:15:56.500629,BTC,42355.0997,42363.7432,8.216,2.181
2024-01-01T00:15:56.750319,BTC,42359.1641,42368.4776,1.647,7.664
2024-01-01T00:15:57.000706,BTC,42328.1191,42336.1107,2.824,0.094
2024-01-01T00:15:57.000706,SOL,98.3581,98.3822,0.098,9.463
2024-01-01T00:15:57.500601,BTC,42296.4244,42308.2964,10.339,4.901
2024-01-01T00:15:58.000420,BTC,42289.7214,42299.356,1.81,1.267
2024-01-01T00:15:58.000420,ETH,2290.8955,2291.2309,7.373,5.192
2024-01-01T00:15:58.250448,BTC,42272.8332,42283.6388,3.154,1.826
2024-01-01T00:15:58.250448,ETH,2290.2584,2290.6042,6.198,0.081
2024-01-01T00:15:58.500498,ETH,2290.1555,2290.4773,2.55,15.03
2024-01-01T00:15:58.750752,BTC,42253.0238,42257.6231,0.1,14.541
2024-01-01T00:15:58.750752,ETH,2289.8181,2290.4527,2.951,5.661
2024-01-01T00:15:58.750752,SOL,98.3317,98.3524,7.042,1.233
2024-01-01T00:15:59.000256,SOL,98.3639,98.3804,5.847,10.655
2024-01-01T00:15:59.500773,BTC,42260.1637,42269.5225,2.482,0.223
2024-01-01T00:15:59.500773,SOL,98.3812,98.4046,6.184,1.261
2024-01-01T00:15:59.750490,BTC,42285.8325,42290.9443,0.217,1.723
2024-01-01T00:15:59.750490,SOL,98.3403,98.3572,3.624,7.244
2024-01-01T00:16:00.000933,ETH,2289.659,2290.1297,4.618,5.187
2024-01-01T00:16:00.000933,SOL,98.3654,98.377,1.171,7.542
2024-01-01T00:16:00.250110,BTC,42248.2464,42255.0706,10.751,0.12
2024-01-01T00:16:00.250110,ETH,2289.7663,2290.2363,0.713,8.596
2024-01-01T00:16:00.500520,ETH,2291.4313,2291.7476,6.93,3.31
2024-01-01T00:16:00.750392,SOL,98.3627,98.3802,1.568,17.895
2024-01-01T00:16:01.000086,ETH,2290.7357,2291.2469,2.87,6.168
2024-01-01T00:16:01.250814,ETH,2291.0821,2291.4222,1.796,2.093
2024-01-01T00:16:01.250814,SOL,98.3262,98.3458,1.134,7.187
2024-01-01T00:16:01.500081,ETH,2291.3214,2291.7237,0.13,6.468
2024-01-01T00:16:02.000532,BTC,42255.1077,42263.37,2.41,1.51
2024-01-01T00:16:02.000532,ETH,2290.0851,2290.771,7.175,1.664
2024-01-01T00:16:02.500350,BTC,42259.3773,42267.6498,2.459,3.028
2024-01-01T00:16:02.500350,ETH,2291.4647,2292.072,0.07,7.55
2024-01-01T00:16:02.750993,SOL,98.2988,98.312,5.789,9.691
2024-01-01T00:16:03.000034,BTC,42237.8502,42249.5555,3.415,2.535
2024-01-01T00:16:03.500063,BTC,42239.0917,42250.96,0.793,10.224
2024-01-01T00:16:03.750667,ETH,2292.7643,2293.0539,4.373,5.843
2024-01-01T00:16:04.000318,BTC,42260.1383,42264.8775,4.776,26.971
2024-01-01T00:16:04.000318,SOL,98.2383,98.2564,3.724,6.064
2024-01-01T00:16:04.500918,ETH,2293.1869,2293.6297,0.591,2.948
2024-01-01T00:16:04.750087,BTC,42274.36,42282.0262,9.129,2.585
2024-01-01T00:16:04.750087,SOL,98.217,98.2461,11.812,4.21
2024-01-01T00:16:05.000407,SOL,98.2788,98.3019,2.53,6.444
2024-01-01T00:16:05.500583,ETH,2291.7577,2292.3948,4.015,2.899
2024-01-01T00:16:05.750453,BTC,42275.8684,42282.3597,5.477,2.226
2024-01-01T00:16:05.750453,ETH,2290.5487,2290.8659,1.895,0.82
2024-01-01T00:16:06.000071,BTC,42269.1916,42277.1514,1.446,1.569
2024-01-01T00:16:06.250354,ETH,2290.7098,2290.9908,4.171,0.44
2024-01-01T00:16:06.500483,SOL,98.2977,98.3094,9.413,11.601
2024-01-01T00:16:06.750249,SOL,98.323,98.3399,1.392,12.521
2024-01-01T00:16:07.000989,BTC,42268.5723,42278.9951,0.168,0.875
2024-01-01T00:16:07.500043,BTC,42264.5049,42271.7782,3.806,6.465
2024-01-01T00:16:07.500043,ETH,2289.7241,2289.9719,11.462,8.088
2024-01-01T00:16:07.500043,SOL,98.258,98.2717,2.521,3.182
2024-01-01T00:16:08.000307,ETH,2290.9118,2291.4065,10.452,0.154
2024-01-01T00:16:08.250802,ETH,2290.9939,2291.5992,7.67,1.606
2024-01-01T00:16:08.500624,ETH,2291.1572,2291.7665,1.549,1.523
2024-01-01T00:16:09.000514,ETH,2291.8923,2292.1908,4.483,3.519
2024-01-01T00:16:09.500305,SOL,98.2423,98.2644,2.457,0.175
2024-01-01T00:16:09.750317,ETH,2293.1348,2293.6838,10.208,3.678
2024-01-01T00:16:10.000216,SOL,98.2372,98.249,10.701,0.638
2024-01-01T00:16:10.250272,SOL,98.2842,98.3057,17.327,4.536
2024-01-01T00:16:10.750716,SOL,98.3155,98.3332,11.565,23.064
2024-01-01T00:16:11.000076,ETH,2294.7959,2295.4038,1.221,6.772
2024-01-01T00:16:11.000076,SOL,98.3543,98.3766,20.387,5.324
2024-01-01T00:16:11.250504,BTC,42295.0096,42302.7423,14.587,2.323
2024-01-01T00:16:11.500183,SOL,98.3785,98.4078,4.112,6.776
2024-01-01T00:16:11.750989,ETH,2295.7745,2296.2316,1.538,1.617
2024-01-01T00:16:11.750989,SOL,98.2643,98.2811,23.418,5.747
2024-01-01T00:16:12.000215,BTC,42286.3183,42298.0946,5.089,2.993
2024-01-01T00:16:12.000215,SOL,98.3356,98.358,1.146,1.11
2024-01-01T00:16:12.500158,BTC,42255.3042,42265.2477,9.502,2.38
2024-01-01T00:16:12.500158,ETH,2295.6484,2296.1972,1.048,1.508
2024-01-01T00:16:12.500158,SOL,98.3524,98.3727,21.749,1.977
2024-01-01T00:16:13.000046,BTC,42233.5787,42238.0025,3.009,1.154
2024-01-01T00:16:13.250363,BTC,42243.6654,42251.7664,4.006,8.143
2024-01-01T00:16:13.250363,ETH,2295.9359,2296.4376,5.878,0.626
2024-01-01T00:16:13.250363,SOL,98.3533,98.3679,9.306,2.441
2024-01-01T00:16:13.500034,BTC,42220.0767,42232.4772,3.615,2.214
2024-01-01T00:16:13.500034,ETH,2297.4461,2297.738,1.068,1.444
2024-01-01T00:16:13.500034,SOL,98.2661,98.2902,1.673,1.968
2024-01-01T00:16:13.750905,BTC,42212.0792,42223.4093,2.823,1.584
2024-01-01T00:16:14.000062,BTC,42207.9276,42219.2438,4.736,5.414
2024-01-01T00:16:14.000062,ETH,2297.3392,2297.7672,0.587,10.806
2024-01-01T00:16:14.250768,SOL,98.3126,98.3357,8.393,0.706
2024-01-01T00:16:14.500806,ETH,2298.5101,2299.0329,0.009,0.332
2024-01-01T00:16:14.500806,SOL,98.3446,98.3681,0.654,3.033
2024-01-01T00:16:14.750345,SOL,98.3549,98.3805,20.823,2.457
2024-01-01T00:16:15.000300,BTC,42237.0629,42243.6655,11.079,0.963
2024-01-01T00:16:15.250880,ETH,2298.4056,2298.9181,11.694,6.536
2024-01-01T00:16:15.500339,ETH,2297.5135,2298.065,3.371,3.145
2024-01-01T00:16:15.500339,SOL,98.4452,98.4665,12.406,12.223
2024-01-01T00:16:16.000565,BTC,42249.1518,42256.3963,18.378,2.295
2024-01-01T00:16:16.000565,ETH,2297.299,2297.5728,1.105,4.011
2024-01-01T00:16:16.250658,ETH,2296.9219,2297.2261,11.088,4.801
2024-01-01T00:16:16.500321,ETH,2296.7966,2297.3135,9.195,3.625
2024-01-01T00:16:16.750388,BTC,42253.4335,42260.8106,0.312,0.312
2024-01-01T00:16:16.750388,SOL,98.4578,98.476,8.944,1.022
2024-01-01T00:16:17.250136,ETH,2297.0098,2297.5431,2.788,6.745
2024-01-01T00:16:17.500484,SOL,98.4124,98.435,1.824,0.329
2024-01-01T00:16:17.750874,ETH,2297.7236,2298.2395,3.005,6.03
2024-01-01T00:16:17.750874,SOL,98.3666,98.395,2.925,12.081
2024-01-01T00:16:18.000289,ETH,2297.4244,2297.675,0.342,10.786
2024-01-01T00:16:19.000933,ETH,2298.2544,2298.7265,6.322,2.006
2024-01-01T00:16:19.500410,BTC,42268.4605,42276.0893,0.698,2.581
2024-01-01T00:16:20.000564,SOL,98.4267,98.4464,1.493,1.832
2024-01-01T00:16:20.250266,ETH,2297.2131,2297.5838,1.314,4.675
2024-01-01T00:16:20.500293,BTC,42268.1341,42278.5724,0.621,3.867
2024-01-01T00:16:20.500293,SOL,98.3545,98.3805,3.115,4.435
2024-01-01T00:16:20.750530,ETH,2298.3472,2298.6884,5.026,0.54
2024-01-01T00:16:21.000325,ETH,2297.3573,2297.9636,7.83,1.624
2024-01-01T00:16:21.250448,ETH,2295.9738,2296.2314,11.195,5.135
2024-01-01T00:16:21.500991,BTC,42274.3575,42286.9657,0.37,1.09
2024-01-01T00:16:21.500991,ETH,2296.235,2296.626,0.964,5.085
2024-01-01T00:16:21.750707,BTC,42286.7873,42291.4583,2.279,7.759
2024-01-01T00:16:21.750707,ETH,2296.4645,2296.9097,5.035,2.194
2024-01-01T00:16:22.000934,BTC,42276.8961,42288.5591,1.571,2.879
2024-01-01T00:16:22.000934,SOL,98.3846,98.3945,1.731,4.23
2024-01-01T00:16:22.250731,BTC,42286.8357,42298.0738,5.801,6.44
2024-01-01T00:16:22.500174,ETH,2295.561,2296.176,4.866,7.785
2024-01-01T00:16:22.500174,SOL,98.3634,98.3811,4.2,12.062
2024-01-01T00:16:23.000270,BTC,42293.4953,42298.0061,10.976,0.935
2024-01-01T00:16:23.000270,SOL,98.3616,98.3725,7.791,0.776
2024-01-01T00:16:23.250098,ETH,2294.8383,2295.1499,4.297,0.139
2024-01-01T00:16:23.750468,BTC,42308.8797,42314.3245,3.144,4.81
2024-01-01T00:16:24.250683,ETH,2292.9941,2293.2498,0.548,8.214
2024-01-01T00:16:24.500542,BTC,42305.0,42317.0487,0.898,1.181
2024-01-01T00:16:24.500542,ETH,2292.7461,2292.9891,5.292,4.96
2024-01-01T00:16:24.750562,BTC,42328.8552,42333.3816,9.297,13.037
2024-01-01T00:16:25.000318,BTC,42316.8968,42326.1058,3.163,0.709
2024-01-01T00:16:25.000318,ETH,2292.3552,2292.7591,6.76,4.742
2024-01-01T00:16:25.000318,SOL,98.3237,98.3345,16.784,9.735
2024-01-01T00:16:25.250664,ETH,2292.4561,2292.9545,0.228,7.953
2024-01-01T00:16:25.500946,ETH,2291.0821,2291.3884,14.912,8.506
2024-01-01T00:16:25.500946,SOL,98.3557,98.3787,7.384,20.132
2024-01-01T00:16:25.750009,BTC,42317.9339,42329.5503,0.444,4.497
2024-01-01T00:16:25.750009,ETH,2289.1095,2289.5183,1.341,9.883
2024-01-01T00:16:26.000520,BTC,42330.7347,42336.4189,3.027,7.961
2024-01-01T00:16:26.000520,SOL,98.4092,98.4219,10.615,4.669
2024-01-01T00:16:26.250252,SOL,98.3599,98.3729,5.542,9.933
2024-01-01T00:16:26.750678,BTC,42343.6187,42352.205,6.604,8.114
2024-01-01T00:16:26.750678,ETH,2289.2722,2289.8827,4.294,9.549
2024-01-01T00:16:27.000024,ETH,2289.0959,2289.3364,1.032,0.772
2024-01-01T00:16:27.000024,SOL,98.3655,98.3914,1.649,10.346
2024-01-01T00:16:27.250573,BTC,42358.5901,42370.408,3.013,0.455
2024-01-01T00:16:27.250573,ETH,2289.1667,2289.7729,3.454,4.205
2024-01-01T00:16:27.500741,SOL,98.3348,98.3609,6.763,0.673
2024-01-01T00:16:28.000316,BTC,42330.3846,42338.9791,7.616,4.799
2024-01-01T00:16:28.500063,BTC,42335.3474,42344.8737,1.314,6.422
2024-01-01T00:16:28.500063,SOL,98.3686,98.3903,0.731,3.352
2024-01-01T00:16:28.750706,ETH,2289.9045,2290.5438,0.537,1.894
2024-01-01T00:16:28.750706,SOL,98.3853,98.4073,4.319,7.51
2024-01-01T00:16:29.000954,ETH,2290.0761,2290.6279,2.51,8.432
2024-01-01T00:16:29.250559,ETH,2289.5355,2289.8132,1.111,2.769
2024-01-01T00:16:29.250559,SOL,98.3649,98.3892,2.085,3.121
2024-01-01T00:16:29.500656,ETH,2289.7309,2290.2715,3.588,1.193
2024-01-01T00:16:30.000594,ETH,2289.5945,2290.2383,0.327,2.376
2024-01-01T00:16:30.500415,BTC,42341.3683,42347.9295,1.829,6.176
2024-01-01T00:16:30.500415,ETH,2290.3336,2290.6103,1.708,2.992
2024-01-01T00:16:30.500415,SOL,98.394,98.4206,0.844,1.1
2024-01-01T00:16:30.750480,ETH,2291.3522,2291.6644,0.52,1.029
2024-01-01T00:16:31.000491,BTC,42313.7707,42325.3991,5.736,0.143
2024-01-01T00:16:31.000491,SOL,98.3884,98.4165,3.888,6.523
2024-01-01T00:16:31.250518,SOL,98.4269,98.4452,1.127,5.575
2024-01-01T00:16:31.500230,BTC,42312.4041,42320.3553,0.405,5.6
2024-01-01T00:16:31.500230,ETH,2291.872,2292.4709,7.129,1.514
2024-01-01T00:16:32.250969,ETH,2291.8798,2292.4631,5.82,0.954
2024-01-01T00:16:32.250969,SOL,98.3698,98.3879,15.412,19.586
2024-01-01T00:16:32.750200,BTC,42319.156,42325.9482,1.43,2.708
2024-01-01T00:16:33.250684,SOL,98.3015,98.3187,1.368,0.407
2024-01-01T00:16:33.500609,BTC,42297.3466,42301.58,5.815,4.862
2024-01-01T00:16:33.750279,BTC,42275.9858,42280.7648,7.051,0.559
2024-01-01T00:16:34.000706,ETH,2292.3733,2293.0449,0.072,7.551
2024-01-01T00:16:34.000706,SOL,98.3328,98.3492,8.029,1.509
2024-01-01T00:16:34.250444,BTC,42260.3116,42270.506,3.899,6.606
2024-01-01T00:16:34.250444,ETH,2291.5813,2292.198,3.239,1.652
2024-01-01T00:16:34.500595,BTC,42250.7881,42257.1938,2.199,5.395
2024-01-01T00:16:34.500595,SOL,98.3359,98.348,1.179,4.808
2024-01-01T00:16:35.250524,SOL,98.3085,98.3249,5.209,22.22
2024-01-01T00:16:35.500708,ETH,2291.2224,2291.8239,16.772,2.874
2024-01-01T00:16:35.750775,BTC,42247.8627,42260.3465,4.651,12.968
2024-01-01T00:16:36.000673,BTC,42247.1921,42258.024,0.315,4.263
2024-01-01T00:16:36.000673,ETH,2292.275,2292.6571,5.929,1.62
2024-01-01T00:16:36.000673,SOL,98.3299,98.3577,0.445,11.37
2024-01-01T00:16:36.250269,BTC,42229.903,42234.7278,1.455,6.404
2024-01-01T00:16:36.250269,ETH,2290.8826,2291.1791,12.028,3.995
2024-01-01T00:16:37.500824,ETH,2291.9129,2292.1963,6.744,3.456
2024-01-01T00:16:37.750601,BTC,42217.5883,42223.5888,0.144,0.988
2024-01-01T00:16:37.750601,ETH,2293.1656,2293.7541,0.492,2.91
2024-01-01T00:16:38.000631,SOL,98.2781,98.2884,4.749,12.341
2024-01-01T00:16:38.250719,SOL,98.2731,98.2904,1.088,8.668
2024-01-01T00:16:38.750584,ETH,2293.4075,2293.7001,0.467,0.21
2024-01-01T00:16:38.750584,SOL,98.2827,98.3055,7.8,5.416
2024-01-01T00:16:39.250955,BTC,42195.4062,42207.0884,19.761,1.14
2024-01-01T00:16:39.500938,SOL,98.285,98.3115,0.869,8.068
2024-01-01T00:16:39.750905,ETH,2293.5653,2293.9672,23.781,5.48
2024-01-01T00:16:39.750905,SOL,98.3328,98.3584,13.228,0.838
2024-01-01T00:16:40.500675,BTC,42220.6733,42226.4939,1.726,7.577
2024-01-01T00:16:40.750166,BTC,42231.832,42236.1962,0.853,3.488
2024-01-01T00:16:41.000010,ETH,2293.9719,2294.5533,0.745,11.268
2024-01-01T00:16:41.250973,SOL,98.3866,98.4145,1.019,2.423
2024-01-01T00:16:41.500839,BTC,42233.1375,42237.8042,0.98,1.783
2024-01-01T00:16:41.500839,SOL,98.3373,98.366,2.249,2.116
2024-01-01T00:16:41.750186,BTC,42267.4614,42279.9913,6.009,11.689
2024-01-01T00:16:41.750186,SOL,98.3446,98.3605,9.46,3.379
2024-01-01T00:16:42.000457,BTC,42247.9169,42259.1025,3.986,17.631
2024-01-01T00:16:42.000457,ETH,2295.2209,2295.7497,3.046,4.777
2024-01-01T00:16:42.250542,BTC,42288.9822,42294.9776,0.031,1.603
2024-01-01T00:16:42.250542,ETH,2296.3141,2296.7673,3.548,0.35
2024-01-01T00:16:42.500464,BTC,42271.085,42278.075,2.21,17.378
2024-01-01T00:16:42.500464,ETH,2297.8707,2298.1261,0.287,7.191
2024-01-01T00:16:42.750216,BTC,42281.5549,42288.7345,3.146,2.805
2024-01-01T00:16:43.000427,BTC,42280.9663,42292.4115,1.205,2.266
2024-01-01T00:16:43.000427,ETH,2298.3666,2298.7654,2.536,2.157
2024-01-01T00:16:43.250957,ETH,2299.3963,2300.0385,4.183,10.39
2024-01-01T00:16:43.250957,SOL,98.2697,98.2943,7.153,11.882
2024-01-01T00:16:43.500179,BTC,42295.0463,42302.8075,1.727,3.547
2024-01-01T00:16:44.500169,SOL,98.2679,98.293,5.834,2.615
2024-01-01T00:16:44.750519,ETH,2299.2337,2299.6344,6.294,0.539
2024-01-01T00:16:45.000028,ETH,2300.3406,2300.9449,4.117,0.959
2024-01-01T00:16:45.500736,BTC,42311.4948,42323.1006,3.582,1.53
2024-01-01T00:16:45.500736,SOL,98.2283,98.2436,7.008,4.108
2024-01-01T00:16:45.750559,BTC,42274.995,42286.8131,22.984,1.288
2024-01-01T00:16:46.000628,ETH,2300.4623,2301.0202,0.772,3.994
2024-01-01T00:16:46.250045,BTC,42254.0548,42259.0395,5.504,7.013
2024-01-01T00:16:46.250045,SOL,98.2042,98.2223,0.129,3.913
2024-01-01T00:16:46.500951,ETH,2300.0474,2300.5868,6.959,4.646
2024-01-01T00:16:46.750463,ETH,2300.5882,2301.0441,7.493,1.166
2024-01-01T00:16:47.000753,BTC,42240.9121,42245.8884,6.295,0.889
2024-01-01T00:16:47.250642,ETH,2301.6027,2302.0368,1.961,0.177
2024-01-01T00:16:47.250642,SOL,98.2085,98.2378,0.644,0.247
2024-01-01T00:16:47.750593,ETH,2302.0799,2302.7283,2.756,1.612
2024-01-01T00:16:48.250373,SOL,98.1858,98.1983,4.57,5.34
2024-01-01T00:16:48.500397,ETH,2303.9835,2304.6061,5.178,3.439
2024-01-01T00:16:48.500397,SOL,98.1948,98.2186,2.186,0.4
2024-01-01T00:16:49.250949,ETH,2302.8539,2303.4043,1.564,5.9
2024-01-01T00:16:49.500723,ETH,2304.331,2304.7993,4.97,5.428
2024-01-01T00:16:49.750624,BTC,42235.5489,42241.4795,1.546,0.91
2024-01-01T00:16:49.750624,SOL,98.1768,98.1962,3.319,4.603
2024-01-01T00:16:50.250754,BTC,42223.3608,42235.0092,1.821,3.66
2024-01-01T00:16:50.250754,SOL,98.1758,98.1952,7.487,7.532
2024-01-01T00:16:50.500487,BTC,42224.6611,42237.0971,5.522,2.083
2024-01-01T00:16:50.500487,ETH,2302.6342,2303.1884,10.034,1.031
2024-01-01T00:16:50.500487,SOL,98.178,98.2017,3.874,7.598
2024-01-01T00:16:50.750228,ETH,2301.6056,2302.0623,1.613,1.488
2024-01-01T00:16:51.000587,BTC,42220.2591,42228.6872,1.261,12.738
2024-01-01T00:16:51.000587,ETH,2300.3367,2300.7972,7.137,0.24
2024-01-01T00:16:51.000587,SOL,98.2328,98.2562,4.789,4.026
2024-01-01T00:16:51.250413,BTC,42257.0386,42262.0456,15.295,0.044
2024-01-01T00:16:51.250413,SOL,98.1705,98.1877,1.674,5.063
2024-01-01T00:16:51.500836,BTC,42264.5677,42270.0825,4.279,0.618
2024-01-01T00:16:52.000862,SOL,98.1568,98.1781,6.646,2.892
2024-01-01T00:16:52.250477,SOL,98.24,98.2662,23.916,5.68
2024-01-01T00:16:52.750893,BTC,42260.8729,42271.8703,3.318,3.637
2024-01-01T00:16:52.750893,SOL,98.2805,98.3078,7.057,3.819
2024-01-01T00:16:53.250084,ETH,2300.4969,2300.83,2.871,4.7
2024-01-01T00:16:53.250084,SOL,98.3368,98.357,4.776,3.344
2024-01-01T00:16:53.500135,SOL,98.358,98.371,1.909,7.189
2024-01-01T00:16:53.750733,BTC,42272.6597,42281.3439,1.182,7.079
2024-01-01T00:16:54.000935,BTC,42237.1643,42246.4507,2.12,8.661
2024-01-01T00:16:54.000935,ETH,2301.1904,2301.5286,12.447,4.633
2024-01-01T00:16:54.250466,BTC,42245.0804,42257.6901,3.786,12.389
2024-01-01T00:16:54.500804,SOL,98.3473,98.369,8.05,7.369
2024-01-01T00:16:54.750102,ETH,2299.6734,2300.1695,18.104,5.513
2024-01-01T00:16:55.000616,ETH,2299.5515,2300.1577,6.203,1.34
2024-01-01T00:16:55.250194,BTC,42269.8427,42281.6223,1.922,1.042
2024-01-01T00:16:55.250194,ETH,2298.8625,2299.3517,3.023,0.52
2024-01-01T00:16:55.250194,SOL,98.3568,98.3848,4.163,14.362
2024-01-01T00:16:55.500151,BTC,42273.22,42279.1046,4.926,7.395
2024-01-01T00:16:55.500151,SOL,98.3597,98.3739,2.359,1.252
2024-01-01T00:16:55.750232,BTC,42243.2417,42251.8244,7.957,3.445
2024-01-01T00:16:55.750232,ETH,2298.186,2298.6792,0.144,3.327
2024-01-01T00:16:55.750232,SOL,98.3566,98.3843,2.277,4.83
2024-01-01T00:16:56.000602,ETH,2299.2741,2299.7657,3.497,8.445
2024-01-01T00:16:57.250482,SOL,98.4182,98.445,1.367,7.542
2024-01-01T00:16:57.500658,BTC,42237.5042,42249.9368,8.493,0.477
2024-01-01T00:16:57.500658,ETH,2300.828,2301.4768,3.495,10.041
2024-01-01T00:16:57.500658,SOL,98.4296,98.4553,3.839,1.066
2024-01-01T00:16:57.750873,SOL,98.4508,98.4778,15.509,6.366
2024-01-01T00:16:58.250358,BTC,42262.3557,42269.3381,9.448,8.085
2024-01-01T00:16:58.250358,SOL,98.4543,98.4716,8.35,2.833
2024-01-01T00:16:58.500975,ETH,2299.9048,2300.5273,1.657,8.949
2024-01-01T00:16:58.500975,SOL,98.5001,98.5292,2.872,3.006
2024-01-01T00:16:58.750865,BTC,42240.0636,42247.5816,3.396,5.164
2024-01-01T00:16:58.750865,ETH,2300.7871,2301.1809,6.964,14.041
2024-01-01T00:16:58.750865,SOL,98.5087,98.5257,7.61,1.51
2024-01-01T00:16:59.000375,BTC,42213.9084,42221.9289,0.27,1.586
2024-01-01T00:16:59.500070,BTC,42227.1967,42238.5647,1.336,10.776
2024-01-01T00:16:59.500070,ETH,2301.0924,2301.3648,7.397,5.097
2024-01-01T00:16:59.500070,SOL,98.5228,98.5345,0.116,6.761
2024-01-01T00:16:59.750654,ETH,2300.3391,2300.8106,9.093,0.136
2024-01-01T00:16:59.750654,SOL,98.4504,98.4779,21.357,5.177
2024-01-01T00:17:00.000437,BTC,42224.869,42231.3123,4.126,2.334
2024-01-01T00:17:00.250357,SOL,98.4594,98.4768,0.917,3.245
2024-01-01T00:17:01.000238,BTC,42209.5625,42218.1031,2.029,0.029
2024-01-01T00:17:01.250267,ETH,2300.8433,2301.2038,3.292,5.188
2024-01-01T00:17:01.500344,BTC,42204.3199,42212.2475,0.557,10.478
2024-01-01T00:17:02.000375,BTC,42214.2426,42220.5388,0.397,5.76
2024-01-01T00:17:02.000375,ETH,2301.7613,2302.4358,4.861,3.293
2024-01-01T00:17:02.250072,SOL,98.4045,98.4174,6.547,7.418
2024-01-01T00:17:02.500605,BTC,42203.7726,42208.5912,0.479,0.404
2024-01-01T00:17:02.500605,ETH,2301.9913,2302.2344,3.08,3.765
2024-01-01T00:17:02.750239,ETH,2303.3448,2303.7669,4.233,0.773
2024-01-01T00:17:02.750239,SOL,98.3723,98.3838,0.082,2.552
2024-01-01T00:17:03.000667,ETH,2305.2641,2305.7687,3.099,0.325
2024-01-01T00:17:03.250801,ETH,2305.6883,2306.1618,2.068,1.396
2024-01-01T00:17:03.250801,SOL,98.3735,98.3846,0.104,0.031
2024-01-01T00:17:03.500143,BTC,42221.2353,42230.1838,1.231,19.265
2024-01-01T00:17:03.500143,ETH,2306.5761,2307.1965,0.182,12.801
2024-01-01T00:17:03.750930,BTC,42214.3918,42220.8816,4.434,0.026
2024-01-01T00:17:04.250183,SOL,98.3907,98.4032,17.523,4.459
2024-01-01T00:17:04.500646,ETH,2308.5014,2308.7414,7.634,8.376
2024-01-01T00:17:04.500646,SOL,98.4149,98.4408,2.475,1.979
2024-01-01T00:17:04.750723,BTC,42212.6239,42217.5515,3.652,16.678
2024-01-01T00:17:04.750723,ETH,2306.3412,2306.9407,5.06,0.259
2024-01-01T00:17:05.000994,BTC,42222.649,42228.0678,1.451,7.291
2024-01-01T00:17:05.000994,ETH,2306.3786,2306.7821,1.288,5.386
2024-01-01T00:17:05.000994,SOL,98.3265,98.3529,16.31,0.834
2024-01-01T00:17:05.250410,BTC,42236.6373,42242.6045,8.097,0.698
2024-01-01T00:17:05.750510,ETH,2306.7575,2307.1877,0.159,4.321
2024-01-01T00:17:06.000856,ETH,2306.1491,2306.452,7.852,4.691
2024-01-01T00:17:06.250612,BTC,42239.0503,42249.9664,3.394,20.671
2024-01-01T00:17:06.250612,SOL,98.3252,98.3514,1.934,3.487
2024-01-01T00:17:06.500311,SOL,98.3545,98.3665,1.1,0.915
2024-01-01T00:17:06.750595,BTC,42216.8935,42228.2288,3.682,9.449
2024-01-01T00:17:06.750595,ETH,2306.1944,2306.6411,2.371,16.204
2024-01-01T00:17:07.250350,ETH,2305.5769,2306.1439,6.366,0.844
2024-01-01T00:17:07.250350,SOL,98.4132,98.4288,11.469,1.124
2024-01-01T00:17:07.750223,BTC,42183.5164,42191.2556,8.279,21.289
2024-01-01T00:17:08.250226,ETH,2306.1381,2306.584,2.527,7.859
2024-01-01T00:17:08.500947,BTC,42211.457,42222.0002,3.757,5.063
2024-01-01T00:17:08.500947,ETH,2305.4419,2305.7464,0.381,2.217
2024-01-01T00:17:09.000760,ETH,2306.2839,2306.9167,2.315,0.196
2024-01-01T00:17:09.250271,BTC,42221.7592,42230.1041,0.744,0.071
2024-01-01T00:17:09.500193,SOL,98.4165,98.4296,2.501,2.946
2024-01-01T00:17:10.000901,ETH,2306.1859,2306.5024,6.386,1.725
2024-01-01T00:17:10.000901,SOL,98.5219,98.5392,26.325,1.487
2024-01-01T00:17:10.250114,BTC,42228.9948,42240.2607,6.506,10.282
2024-01-01T00:17:10.250114,ETH,2307.5281,2308.0082,4.52,1.877
2024-01-01T00:17:10.250114,SOL,98.4666,98.4816,4.078,4.385
2024-01-01T00:17:10.500344,BTC,42225.3909,42233.9069,4.451,8.075
2024-01-01T00:17:10.500344,ETH,2307.9394,2308.4305,14.289,3.918
2024-01-01T00:17:10.750708,BTC,42207.3909,42217.7591,13.884,0.821
2024-01-01T00:17:11.250131,ETH,2308.1394,2308.5264,1.38,13.258
2024-01-01T00:17:11.250131,SOL,98.4343,98.4574,11.258,5.312
2024-01-01T00:17:11.500964,BTC,42194.2503,42205.7824,2.304,5.908
2024-01-01T00:17:11.500964,SOL,98.489,98.5023,2.222,1.866
2024-01-01T00:17:12.000200,SOL,98.5233,98.5393,1.244,3.421
2024-01-01T00:17:12.500598,BTC,42206.9103,42211.6074,2.152,8.599
2024-01-01T00:17:12.500598,SOL,98.5709,98.585,2.763,1.647
2024-01-01T00:17:13.000677,ETH,2309.7629,2310.3019,3.194,2.006
2024-01-01T00:17:13.250140,BTC,42175.6566,42186.1902,2.183,8.769
2024-01-01T00:17:13.500559,BTC,42157.2561,42168.6845,2.519,2.0
2024-01-01T00:17:13.500559,ETH,2308.3575,2308.6976,0.523,11.782
2024-01-01T00:17:13.750029,BTC,42172.7288,42183.2608,0.669,3.648
2024-01-01T00:17:14.000418,BTC,42177.3094,42182.56,1.968,0.942
2024-01-01T00:17:14.000418,ETH,2309.1033,2309.7126,2.546,1.111
2024-01-01T00:17:14.250246,SOL,98.5619,98.5771,12.868,1.108
2024-01-01T00:17:14.750909,BTC,42190.463,42198.2277,9.189,8.716
2024-01-01T00:17:14.750909,ETH,2309.4791,2309.8027,0.962,2.286
2024-01-01T00:17:15.000443,BTC,42207.3942,42214.4224,6.633,3.112
2024-01-01T00:17:16.250527,SOL,98.5946,98.618,0.039,3.604
2024-01-01T00:17:16.500564,BTC,42193.4249,42199.4634,5.651,4.99
2024-01-01T00:17:16.500564,ETH,2310.3625,2310.9664,4.094,9.69
2024-01-01T00:17:16.750131,BTC,42205.6535,42212.6811,0.512,3.719
2024-01-01T00:17:17.000327,ETH,2310.197,2310.4875,3.652,1.273
2024-01-01T00:17:17.500823,ETH,2309.9462,2310.2878,0.74,17.773
2024-01-01T00:17:18.000095,ETH,2309.8438,2310.4324,0.584,1.207
2024-01-01T00:17:18.000095,SOL,98.5547,98.5751,1.08,0.945
2024-01-01T00:17:18.250294,BTC,42206.9908,42212.9144,2.573,6.252
2024-01-01T00:17:18.500456,BTC,42201.1017,42211.6102,2.792,1.894
2024-01-01T00:17:18.750571,ETH,2308.8818,2309.3302,8.613,11.506
2024-01-01T00:17:18.750571,SOL,98.5471,98.5582,0.343,1.858
2024-01-01T00:17:19.000382,BTC,42196.3971,42206.469,4.833,12.613
2024-01-01T00:17:19.000382,ETH,2307.9586,2308.4158,1.55,3.263
2024-01-01T00:17:19.000382,SOL,98.5761,98.5906,8.089,9.035
2024-01-01T00:17:19.750972,ETH,2308.4533,2308.7933,4.668,1.204
2024-01-01T00:17:20.000262,BTC,42223.3557,42235.1461,5.755,1.451
2024-01-01T00:17:20.250721,BTC,42245.9917,42250.32,5.563,12.301
2024-01-01T00:17:20.750404,BTC,42227.8217,42239.1618,3.481,1.552
2024-01-01T00:17:21.750181,SOL,98.5846,98.6114,16.45,6.413
2024-01-01T00:17:22.250555,SOL,98.5962,98.6246,2.01,5.129
2024-01-01T00:17:22.500899,BTC,42270.7762,42276.1856,0.492,1.591
2024-01-01T00:17:22.750182,SOL,98.6672,98.6853,5.845,25.437
2024-01-01T00:17:23.250979,ETH,2308.2457,2308.7974,4.194,2.648
2024-01-01T00:17:23.250979,SOL,98.6171,98.6336,4.985,2.588
2024-01-01T00:17:23.500871,BTC,42242.9803,42253.4666,13.629,12.393
2024-01-01T00:17:23.750888,ETH,2308.7019,2309.3876,0.259,3.668
2024-01-01T00:17:24.000995,ETH,2308.4566,2309.1386,3.0,1.21
2024-01-01T00:17:24.000995,SOL,98.6198,98.6346,0.404,1.776
2024-01-01T00:17:24.250318,BTC,42261.9981,42273.7015,2.898,8.094
2024-01-01T00:17:24.250318,SOL,98.6538,98.6811,4.651,13.09
2024-01-01T00:17:24.500744,SOL,98.6826,98.6932,0.547,0.73
2024-01-01T00:17:24.750554,SOL,98.7335,98.7517,0.418,0.776
2024-01-01T00:17:25.500495,BTC,42253.4862,42261.2964,13.02,3.789
2024-01-01T00:17:26.000125,BTC,42234.8876,42240.7584,5.923,10.269
2024-01-01T00:17:26.250770,ETH,2308.0959,2308.4058,2.886,9.896
2024-01-01T00:17:26.500187,ETH,2308.6099,2308.8457,4.663,3.436
2024-01-01T00:17:26.500187,SOL,98.7857,98.8151,17.064,2.755
2024-01-01T00:17:26.750853,ETH,2308.5795,2309.061,6.595,8.923
2024-01-01T00:17:27.000616,ETH,2307.3906,2307.9545,0.761,2.375
2024-01-01T00:17:27.750593,BTC,42234.54,42240.4965,12.097,0.592
2024-01-01T00:17:27.750593,ETH,2306.3706,2307.0527,2.315,1.497
2024-01-01T00:17:28.250990,ETH,2306.1719,2306.7067,2.758,0.976
2024-01-01T00:17:28.250990,SOL,98.8411,98.8597,0.012,19.572
2024-01-01T00:17:28.500696,ETH,2305.5182,2306.079,5.65,2.798
2024-01-01T00:17:29.000627,ETH,2307.0906,2307.4118,2.954,2.807
2024-01-01T00:17:29.250534,ETH,2307.728,2308.216,6.363,17.021
2024-01-01T00:17:30.000936,ETH,2308.4204,2308.9257,9.092,4.796
2024-01-01T00:17:30.250736,BTC,42223.7492,42232.4871,11.427,2.985
2024-01-01T00:17:31.000033,ETH,2307.563,2308.1024,0.859,1.481
2024-01-01T00:17:31.000033,SOL,98.8378,98.8672,5.903,3.447
2024-01-01T00:17:31.500083,BTC,42233.1951,42242.3212,0.108,1.36
2024-01-01T00:17:31.750563,BTC,42235.8366,42245.6408,3.705,0.176
2024-01-01T00:17:31.750563,SOL,98.7739,98.7882,5.225,5.93
2024-01-01T00:17:32.250164,SOL,98.8024,98.8295,4.79,1.859
2024-01-01T00:17:32.500765,BTC,42237.1291,42247.4433,3.345,1.596
2024-01-01T00:17:33.000164,BTC,42207.7555,42215.1751,5.619,7.057
2024-01-01T00:17:33.000164,ETH,2308.3001,2308.9695,0.053,3.434
2024-01-01T00:17:33.750386,ETH,2306.7208,2306.9839,7.171,10.849
2024-01-01T00:17:34.000926,SOL,98.8384,98.8599,5.419,10.011
2024-01-01T00:17:34.250262,BTC,42222.8713,42228.8853,0.68,1.81
2024-01-01T00:17:34.750213,ETH,2306.347,2306.7778,1.981,12.161
2024-01-01T00:17:34.750213,SOL,98.802,98.8237,6.162,0.066
2024-01-01T00:17:35.000836,BTC,42195.8002,42207.6458,5.26,0.329
2024-01-01T00:17:35.250115,BTC,42219.0164,42229.039,4.313,4.596
2024-01-01T00:17:35.250115,ETH,2304.0811,2304.4384,0.71,2.906
2024-01-01T00:17:35.500594,SOL,98.81,98.8256,2.236,0.388
2024-01-01T00:17:36.000747,SOL,98.7786,98.807,0.352,18.111
2024-01-01T00:17:36.500071,SOL,98.8123,98.8312,3.77,0.188
2024-01-01T00:17:36.750156,BTC,42214.5281,42225.9943,13.059,0.242
2024-01-01T00:17:37.250797,ETH,2303.3529,2303.7565,9.05,9.368
2024-01-01T00:17:37.250797,SOL,98.8369,98.8537,0.105,3.58
2024-01-01T00:17:37.500381,SOL,98.8481,98.8771,4.381,13.069
2024-01-01T00:17:37.750272,BTC,42196.7607,42202.2633,4.185,4.502
2024-01-01T00:17:37.750272,ETH,2304.0788,2304.6627,4.18,13.152
2024-01-01T00:17:38.000027,BTC,42216.8637,42224.6541,7.61,3.437
2024-01-01T00:17:38.000027,SOL,98.8428,98.8547,8.394,4.348
2024-01-01T00:17:38.250663,ETH,2303.6944,2304.1322,24.161,13.427
2024-01-01T00:17:38.250663,SOL,98.7555,98.7702,28.57,2.31
2024-01-01T00:17:38.500502,ETH,2302.0267,2302.3991,1.222,1.091
2024-01-01T00:17:39.000544,BTC,42208.0285,42216.9252,0.159,6.286
2024-01-01T00:17:39.250557,BTC,42195.6258,42203.8051,2.33,11.151
2024-01-01T00:17:39.500764,SOL,98.6943,98.7222,8.052,4.828
2024-01-01T00:17:39.750109,SOL,98.7033,98.7264,9.255,20.255
2024-01-01T00:17:40.000978,BTC,42188.4005,42197.6544,4.506,1.455
2024-01-01T00:17:40.000978,ETH,2302.0762,2302.706,2.61,2.258
2024-01-01T00:17:40.250549,SOL,98.7498,98.7641,13.38,3.429
2024-01-01T00:17:40.500618,SOL,98.7065,98.7219,7.434,0.712
2024-01-01T00:17:40.750574,BTC,42179.4169,42187.2549,1.569,9.363
2024-01-01T00:17:40.750574,ETH,2302.3843,2302.9131,0.508,2.43
2024-01-01T00:17:41.000729,BTC,42201.1053,42211.6726,1.12,5.369
2024-01-01T00:17:41.000729,ETH,2301.9407,2302.3693,8.443,14.616
2024-01-01T00:17:41.000729,SOL,98.6615,98.6773,3.046,8.873
2024-01-01T00:17:41.250456,BTC,42202.724,42208.4278,7.344,10.986
2024-01-01T00:17:41.500417,ETH,2300.6131,2301.0837,14.754,8.408
2024-01-01T00:17:41.500417,SOL,98.6414,98.6638,6.957,5.957
2024-01-01T00:17:41.750311,BTC,42185.9714,42190.4232,3.004,4.709
2024-01-01T00:17:42.000829,SOL,98.6602,98.673,0.664,3.526
2024-01-01T00:17:42.250266,BTC,42215.1155,42224.9319,1.708,2.303
2024-01-01T00:17:42.500089,ETH,2301.4486,2302.0978,1.814,1.968
2024-01-01T00:17:42.750863,BTC,42228.4299,42237.8312,1.615,14.133
2024-01-01T00:17:42.750863,ETH,2301.9499,2302.5858,1.293,3.223
2024-01-01T00:17:43.000073,ETH,2302.5136,2302.9163,5.141,5.35
2024-01-01T00:17:43.000073,SOL,98.6593,98.6753,2.219,1.641
2024-01-01T00:17:43.250667,ETH,2301.8389,2302.3219,15.583,3.146
2024-01-01T00:17:43.500263,BTC,42229.8224,42238.4421,10.81,2.411
2024-01-01T00:17:43.750667,SOL,98.6245,98.6398,2.08,1.347
2024-01-01T00:17:44.250236,BTC,42268.6916,42273.1599,3.396,8.69
2024-01-01T00:17:44.500800,SOL,98.6466,98.6641,0.229,4.399
2024-01-01T00:17:44.750239,ETH,2303.8505,2304.2737,8.698,12.089
2024-01-01T00:17:44.750239,SOL,98.718,98.7346,1.174,15.863
2024-01-01T00:17:45.000194,ETH,2303.4244,2303.9667,2.129,4.767
2024-01-01T00:17:45.000194,SOL,98.7567,98.7678,0.129,4.124
2024-01-01T00:17:45.750734,BTC,42272.1135,42281.7603,7.161,5.989
2024-01-01T00:17:45.750734,SOL,98.709,98.7316,5.378,0.915
2024-01-01T00:17:46.250586,BTC,42282.1041,42293.7418,4.131,0.915
2024-01-01T00:17:46.500277,SOL,98.7495,98.7727,4.811,2.026
2024-01-01T00:17:46.750548,BTC,42258.3458,42266.7176,2.753,7.403
2024-01-01T00:17:46.750548,ETH,2302.9506,2303.4776,13.5,16.852
2024-01-01T00:17:47.000696,ETH,2302.4331,2303.0028,1.207,7.869
2024-01-01T00:17:47.500993,BTC,42253.2431,42260.6098,1.687,0.183
2024-01-01T00:17:47.750987,BTC,42239.5368,42244.2947,1.089,20.996
2024-01-01T00:17:48.000545,SOL,98.7463,98.7752,3.23,1.935
2024-01-01T00:17:48.250017,ETH,2301.3806,2301.9794,8.553,0.886
2024-01-01T00:17:48.500346,SOL,98.6732,98.685,18.686,13.704
2024-01-01T00:17:48.750236,SOL,98.6414,98.6575,11.957,0.563
2024-01-01T00:17:49.000273,BTC,42246.0748,42254.893,2.904,3.998
2024-01-01T00:17:49.250779,SOL,98.6088,98.6222,5.794,1.055
2024-01-01T00:17:49.500275,ETH,2301.0859,2301.575,1.043,0.179
2024-01-01T00:17:49.500275,SOL,98.538,98.5495,3.035,0.968
2024-01-01T00:17:49.750102,ETH,2303.1805,2303.747,2.873,7.53
2024-01-01T00:17:49.750102,SOL,98.5178,98.5313,1.212,2.806
2024-01-01T00:17:50.000637,SOL,98.5117,98.5353,2.869,13.902
2024-01-01T00:17:50.500126,ETH,2302.9812,2303.6584,12.107,3.082
2024-01-01T00:17:50.500126,SOL,98.5278,98.5513,0.044,0.766
2024-01-01T00:17:50.750934,BTC,42243.5421,42254.1933,11.824,11.446
2024-01-01T00:17:50.750934,ETH,2303.2525,2303.701,0.7,7.462
2024-01-01T00:17:51.250071,BTC,42255.8342,42261.4255,0.347,6.231
2024-01-01T00:17:51.250071,SOL,98.5209,98.5399,7.734,13.657
2024-01-01T00:17:51.500700,ETH,2302.6129,2302.9998,2.89,0.344
2024-01-01T00:17:52.000193,ETH,2302.6482,2302.9244,4.189,7.33
2024-01-01T00:17:52.000193,SOL,98.5454,98.5621,10.194,13.525
2024-01-01T00:17:52.250434,BTC,42255.5201,42265.0251,3.589,4.01
2024-01-01T00:17:52.250434,ETH,2302.5212,2303.016,10.154,6.526
2024-01-01T00:17:52.500817,ETH,2302.3701,2302.7609,5.472,6.088
2024-01-01T00:17:52.750165,SOL,98.5508,98.5782,0.942,2.655
2024-01-01T00:17:53.000327,SOL,98.5237,98.5478,0.066,1.707
2024-01-01T00:17:53.750190,SOL,98.5701,98.5912,3.971,3.981
2024-01-01T00:17:54.250549,BTC,42258.4454,42262.7392,7.174,3.156
2024-01-01T00:17:54.500850,ETH,2302.2932,2302.7395,5.24,1.344
2024-01-01T00:17:54.500850,SOL,98.6207,98.6353,4.563,0.009
2024-01-01T00:17:55.000376,BTC,42228.4973,42233.4503,0.745,5.77
2024-01-01T00:17:55.000376,ETH,2302.8085,2303.439,2.052,2.413
2024-01-01T00:17:55.500624,BTC,42228.3349,42237.1141,7.794,1.791
2024-01-01T00:17:55.750018,ETH,2303.4325,2304.0977,5.879,0.625
2024-01-01T00:17:55.750018,SOL,98.7126,98.7387,2.383,3.427
2024-01-01T00:17:56.000313,ETH,2305.4043,2305.7847,1.015,7.03
2024-01-01T00:17:56.000313,SOL,98.7629,98.7792,1.219,1.847
2024-01-01T00:17:56.250742,BTC,42224.2083,42233.6029,1.19,1.476
2024-01-01T00:17:56.250742,SOL,98.7216,98.7363,5.126,2.127
2024-01-01T00:17:56.500699,ETH,2304.7546,2305.2805,1.954,0.209
2024-01-01T00:17:56.750008,ETH,2303.3638,2303.6435,1.096,3.44
2024-01-01T00:17:56.750008,SOL,98.7264,98.7431,2.394,4.647
2024-01-01T00:17:57.000840,ETH,2303.2743,2303.9344,6.553,1.038
2024-01-01T00:17:58.750557,BTC,42269.6093,42275.1067,0.148,2.713
2024-01-01T00:17:59.000413,BTC,42252.3916,42263.1984,6.998,4.169
2024-01-01T00:17:59.000413,ETH,2304.5168,2305.0334,1.054,6.579
2024-01-01T00:17:59.250932,SOL,98.7078,98.7187,6.078,7.354
2024-01-01T00:18:00.000653,SOL,98.7491,98.7618,0.234,1.145
2024-01-01T00:18:00.250566,BTC,42249.1715,42255.2922,3.893,5.631
2024-01-01T00:18:00.500480,SOL,98.6988,98.728,14.253,8.619
2024-01-01T00:18:00.750007,ETH,2304.1952,2304.6991,2.416,10.3
2024-01-01T00:18:01.000521,ETH,2304.7566,2304.9977,3.752,1.851
2024-01-01T00:18:01.250828,SOL,98.6931,98.7064,4.46,0.412
2024-01-01T00:18:01.500777,BTC,42244.0104,42250.0809,0.637,1.709
2024-01-01T00:18:02.000888,BTC,42281.7632,42288.0133,10.331,2.908
2024-01-01T00:18:02.500419,BTC,42271.4614,42281.4712,2.625,0.985
2024-01-01T00:18:02.500419,SOL,98.7052,98.7322,14.452,5.318
2024-01-01T00:18:02.750135,BTC,42285.8137,42298.3231,6.662,3.296
2024-01-01T00:18:02.750135,ETH,2305.3551,2305.6977,2.646,0.864
2024-01-01T00:18:03.000125,SOL,98.6697,98.6842,3.397,0.38
2024-01-01T00:18:03.250421,BTC,42311.3324,42322.1345,6.269,2.643
2024-01-01T00:18:03.750879,ETH,2305.631,2306.0312,0.424,0.643
2024-01-01T00:18:03.750879,SOL,98.6806,98.698,0.706,7.26
2024-01-01T00:18:04.000911,BTC,42322.4393,42330.984,3.569,0.074
2024-01-01T00:18:05.000314,SOL,98.5752,98.5979,7.195,6.304
2024-01-01T00:18:05.250001,ETH,2303.4818,2303.8114,6.092,5.974
2024-01-01T00:18:05.250001,SOL,98.5653,98.5876,9.681,8.89
2024-01-01T00:18:05.500239,BTC,42323.1316,42332.165,3.802,4.442
2024-01-01T00:18:05.500239,ETH,2302.6457,2303.0661,1.786,13.445
2024-01-01T00:18:05.750604,SOL,98.5959,98.6179,0.468,0.453
2024-01-01T00:18:06.000219,BTC,42322.8416,42333.6442,9.792,0.366
2024-01-01T00:18:06.750547,ETH,2302.8173,2303.1655,1.977,2.898
2024-01-01T00:18:06.750547,SOL,98.5649,98.5896,0.938,7.824
2024-01-01T00:18:07.000419,SOL,98.549,98.5722,1.745,0.58
2024-01-01T00:18:07.250161,ETH,2302.0688,2302.6683,2.754,8.681
2024-01-01T00:18:07.250161,SOL,98.5335,98.5542,2.255,4.046
2024-01-01T00:18:07.500354,SOL,98.5379,98.5636,3.283,7.548
2024-01-01T00:18:07.750710,SOL,98.5745,98.6023,1.63,5.706
2024-01-01T00:18:08.000399,ETH,2302.0166,2302.2851,0.633,0.199
2024-01-01T00:18:08.000399,SOL,98.5774,98.5939,3.738,4.182
2024-01-01T00:18:08.750192,BTC,42319.6703,42330.8851,8.0,3.6
2024-01-01T00:18:08.750192,ETH,2301.5991,2302.0277,7.136,5.875
2024-01-01T00:18:09.000838,BTC,42321.3603,42327.9652,0.784,4.491
2024-01-01T00:18:09.000838,SOL,98.5832,98.6067,0.334,1.375
2024-01-01T00:18:09.250557,SOL,98.5672,98.5867,8.39,2.727
2024-01-01T00:18:09.500853,SOL,98.541,98.5593,6.655,0.801
2024-01-01T00:18:10.500136,SOL,98.6117,98.6404,5.57,3.222
2024-01-01T00:18:11.250687,ETH,2300.081,2300.3273,0.195,3.81
2024-01-01T00:18:11.250687,SOL,98.6428,98.6593,1.944,0.89
2024-01-01T00:18:12.000103,BTC,42287.6869,42293.6152,3.093,2.883
2024-01-01T00:18:12.000103,SOL,98.6054,98.6172,1.618,4.883
2024-01-01T00:18:12.500076,ETH,2300.4514,2300.8828,6.503,7.934
2024-01-01T00:18:12.750420,ETH,2301.4774,2301.7294,5.406,0.058
2024-01-01T00:18:13.000671,ETH,2301.387,2302.0667,14.206,0.215
2024-01-01T00:18:13.000671,SOL,98.5223,98.551,2.447,2.712
2024-01-01T00:18:14.000120,BTC,42313.0249,42320.228,6.53,0.89
2024-01-01T00:18:14.250026,BTC,42317.9099,42328.5593,9.859,18.237
2024-01-01T00:18:14.250026,ETH,2302.0662,2302.4336,0.383,2.779
2024-01-01T00:18:14.750905,ETH,2300.5538,2300.9914,3.89,0.985
2024-01-01T00:18:14.750905,SOL,98.5166,98.5355,0.625,1.286
2024-01-01T00:18:15.000401,ETH,2299.6959,2300.3093,0.828,6.581
2024-01-01T00:18:15.250144,BTC,42279.7774,42291.7576,2.727,3.23
2024-01-01T00:18:15.500190,BTC,42287.8068,42300.221,1.737,1.663
2024-01-01T00:18:16.250595,BTC,42305.0051,42311.4814,3.863,0.682
2024-01-01T00:18:16.250595,SOL,98.5565,98.5732,1.014,3.684
2024-01-01T00:18:16.500212,BTC,42320.134,42328.8554,1.376,25.47
2024-01-01T00:18:16.750201,ETH,2300.1983,2300.8742,0.092,0.348
2024-01-01T00:18:17.500941,BTC,42347.9837,42352.4763,8.588,1.961
2024-01-01T00:18:17.500941,ETH,2300.4614,2300.7722,8.656,2.598
2024-01-01T00:18:17.750790,BTC,42347.8507,42354.5683,0.372,9.783
2024-01-01T00:18:17.750790,ETH,2300.8482,2301.3617,5.131,3.311
2024-01-01T00:18:18.000806,BTC,42335.7021,42343.4067,0.273,7.772
2024-01-01T00:18:18.250474,BTC,42319.3177,42331.9794,8.432,2.038
2024-01-01T00:18:18.250474,ETH,2300.6771,2300.9687,26.384,15.71
2024-01-01T00:18:18.250474,SOL,98.5638,98.5866,6.651,2.242
2024-01-01T00:18:18.500463,ETH,2300.2848,2300.6246,0.029,8.47
2024-01-01T00:18:18.750084,BTC,42338.2787,42343.1964,0.257,0.772
2024-01-01T00:18:18.750084,SOL,98.5957,98.6224,2.231,5.767
2024-01-01T00:18:19.000703,ETH,2300.0051,2300.6416,0.354,0.681
2024-01-01T00:18:19.250843,SOL,98.5621,98.5821,0.05,1.584
2024-01-01T00:18:19.750775,BTC,42336.267,42341.7006,0.566,5.218
2024-01-01T00:18:19.750775,SOL,98.5919,98.6086,3.902,4.766
2024-01-01T00:18:20.000832,BTC,42318.8393,42325.5847,3.717,18.181
2024-01-01T00:18:20.000832,ETH,2300.4698,2301.0314,2.014,11.303
2024-01-01T00:18:20.250274,BTC,42307.1928,42313.967,11.926,17.511
2024-01-01T00:18:20.250274,SOL,98.6308,98.6522,5.783,8.778
2024-01-01T00:18:20.500094,ETH,2300.0812,2300.7518,0.384,5.333
2024-01-01T00:18:20.750080,BTC,42302.9233,42309.6133,0.572,2.453
2024-01-01T00:18:20.750080,SOL,98.6307,98.6511,11.825,3.447
2024-01-01T00:18:21.000629,BTC,42310.1599,42322.5499,2.819,3.23
2024-01-01T00:18:21.000629,SOL,98.6414,98.6544,3.153,1.483
2024-01-01T00:18:21.250432,BTC,42309.5042,42314.259,8.186,1.171
2024-01-01T00:18:21.250432,ETH,2299.8084,2300.4671,8.252,8.33
2024-01-01T00:18:21.500492,BTC,42307.086,42315.8704,0.401,2.748
2024-01-01T00:18:21.750141,BTC,42287.6507,42292.6678,0.732,5.473
2024-01-01T00:18:22.000172,ETH,2300.1496,2300.3891,2.66,11.665
2024-01-01T00:18:22.250748,SOL,98.5993,98.6269,8.522,1.787
2024-01-01T00:18:22.500480,BTC,42273.0864,42278.1858,9.152,2.341
2024-01-01T00:18:22.750689,BTC,42261.3618,42268.1114,2.449,1.753
2024-01-01T00:18:23.000437,ETH,2300.1412,2300.6347,1.068,2.125
2024-01-01T00:18:23.250387,BTC,42263.4048,42269.216,8.12,2.154
2024-01-01T00:18:23.250387,SOL,98.6293,98.6546,8.413,13.25
2024-01-01T00:18:23.750652,BTC,42260.6421,42273.0205,0.214,5.23
2024-01-01T00:18:24.250245,BTC,42275.218,42286.1113,0.945,11.023
2024-01-01T00:18:24.500983,BTC,42293.7837,42302.5613,0.754,0.684
2024-01-01T00:18:24.500983,ETH,2299.1589,2299.554,21.304,0.253
2024-01-01T00:18:24.500983,SOL,98.6061,98.6244,0.368,2.962
2024-01-01T00:18:25.000918,SOL,98.645,98.6613,6.663,3.617
2024-01-01T00:18:25.500434,BTC,42297.1563,42308.4017,2.142,0.835
2024-01-01T00:18:25.500434,SOL,98.5747,98.5857,5.869,5.578
2024-01-01T00:18:25.750929,BTC,42307.6926,42312.6684,17.626,2.788
2024-01-01T00:18:25.750929,SOL,98.6021,98.6201,3.144,7.42
2024-01-01T00:18:26.000749,SOL,98.578,98.5978,0.042,0.025
2024-01-01T00:18:26.250013,ETH,2298.3815,2298.9477,0.087,3.219
2024-01-01T00:18:26.250013,SOL,98.5837,98.6124,0.797,9.389
2024-01-01T00:18:26.750144,ETH,2298.268,2298.6246,3.181,2.595
2024-01-01T00:18:27.000447,BTC,42312.4741,42322.6161,0.259,0.096
2024-01-01T00:18:27.000447,ETH,2299.3695,2299.7748,5.166,1.561
2024-01-01T00:18:27.000447,SOL,98.5871,98.6012,15.458,15.741
2024-01-01T00:18:27.250591,BTC,42328.859,42338.0779,5.621,16.592
2024-01-01T00:18:27.250591,ETH,2299.7017,2300.0789,6.008,5.017
2024-01-01T00:18:27.250591,SOL,98.6292,98.6488,2.066,1.991
2024-01-01T00:18:27.500217,BTC,42329.7119,42341.8112,1.264,6.447
2024-01-01T00:18:27.500217,ETH,2301.1384,2301.4978,1.479,3.839
2024-01-01T00:18:27.500217,SOL,98.6492,98.6722,4.985,0.459
2024-01-01T00:18:27.750732,SOL,98.6344,98.6522,1.641,1.952
2024-01-01T00:18:28.000984,SOL,98.6223,98.6331,2.242,2.568
2024-01-01T00:18:28.250808,ETH,2300.3981,2300.9167,3.818,10.535
2024-01-01T00:18:28.750022,BTC,42333.5885,42342.1021,4.789,2.457
2024-01-01T00:18:29.000563,SOL,98.5921,98.613,1.355,4.399
2024-01-01T00:18:29.500644,ETH,2300.6574,2301.2032,0.64,3.221
2024-01-01T00:18:29.750923,BTC,42330.5862,42338.0544,1.641,5.761
2024-01-01T00:18:30.000680,BTC,42351.3131,42362.1035,3.761,1.376
2024-01-01T00:18:30.000680,ETH,2300.369,2300.8108,2.602,21.286
2024-01-01T00:18:30.250736,ETH,2299.232,2299.7183,3.952,12.711
2024-01-01T00:18:30.750214,BTC,42319.7805,42329.3146,1.041,14.046
2024-01-01T00:18:31.000096,BTC,42322.1417,42328.2865,0.222,0.274
2024-01-01T00:18:31.250775,ETH,2299.1735,2299.432,6.965,10.457
2024-01-01T00:18:31.500120,BTC,42320.2068,42329.0742,0.093,12.367
2024-01-01T00:18:31.750743,SOL,98.577,98.6008,15.036,1.945
2024-01-01T00:18:32.000941,BTC,42343.8104,42352.7956,11.013,2.336
2024-01-01T00:18:32.000941,SOL,98.5484,98.5732,1.852,10.769
2024-01-01T00:18:32.500015,ETH,2299.5617,2300.0319,0.704,6.85
2024-01-01T00:18:32.500015,SOL,98.4932,98.5184,2.379,10.898
2024-01-01T00:18:32.750412,ETH,2299.7579,2300.3236,4.267,4.18
2024-01-01T00:18:33.750681,ETH,2300.4158,2300.9829,2.651,0.714
2024-01-01T00:18:33.750681,SOL,98.4764,98.4956,9.097,1.268
2024-01-01T00:18:34.500267,ETH,2298.7093,2299.0358,0.345,1.229
2024-01-01T00:18:35.250511,ETH,2299.1074,2299.5777,1.212,8.416
2024-01-01T00:18:35.250511,SOL,98.4558,98.48,2.702,1.044
2024-01-01T00:18:35.500085,BTC,42323.3887,42330.0089,7.412,1.738
2024-01-01T00:18:35.750127,BTC,42296.3229,42303.0328,3.758,1.9
2024-01-01T00:18:35.750127,ETH,2299.7642,2300.0871,2.339,7.745
2024-01-01T00:18:35.750127,SOL,98.4401,98.4683,4.987,7.556
2024-01-01T00:18:36.500063,BTC,42288.574,42300.1269,0.399,3.128
2024-01-01T00:18:36.500063,ETH,2300.0066,2300.4999,4.564,6.301
2024-01-01T00:18:36.750684,ETH,2298.6924,2298.9704,4.051,5.218
2024-01-01T00:18:37.000649,BTC,42288.6622,42301.1522,11.469,1.484
2024-01-01T00:18:37.250253,ETH,2298.9795,2299.4794,2.681,21.976
2024-01-01T00:18:37.750055,ETH,2299.6321,2300.2518,0.007,20.261
2024-01-01T00:18:38.250101,ETH,2301.1428,2301.7397,0.811,14.804
2024-01-01T00:18:38.500597,BTC,42293.9735,42305.9645,4.228,5.523
2024-01-01T00:18:38.750970,SOL,98.4172,98.4415,2.263,7.563
2024-01-01T00:18:39.000939,ETH,2301.8276,2302.5151,7.515,19.376
2024-01-01T00:18:39.250728,BTC,42320.8015,42330.1979,0.516,8.068
2024-01-01T00:18:39.250728,SOL,98.3987,98.4197,6.631,0.821
2024-01-01T00:18:40.000143,SOL,98.4172,98.4375,3.591,12.119
2024-01-01T00:18:40.250637,BTC,42309.4664,42318.526,3.402,2.554
2024-01-01T00:18:40.750214,ETH,2302.601,2303.1787,9.769,6.356
2024-01-01T00:18:41.000648,BTC,42302.4955,42314.4332,0.142,1.463
2024-01-01T00:18:41.250169,ETH,2304.7523,2305.23,0.688,1.68
2024-01-01T00:18:41.500499,BTC,42272.3543,42278.9902,10.072,16.182
2024-01-01T00:18:41.500499,SOL,98.4017,98.4307,0.886,11.834
2024-01-01T00:18:41.750258,BTC,42252.9396,42264.5245,6.456,2.494
2024-01-01T00:18:41.750258,ETH,2305.233,2305.5795,1.738,35.711
2024-01-01T00:18:42.000554,BTC,42254.345,42260.7526,1.664,0.473
2024-01-01T00:18:42.000554,ETH,2305.3213,2305.6758,0.018,3.065
2024-01-01T00:18:42.250329,BTC,42248.2118,42254.5218,0.686,1.776
2024-01-01T00:18:42.500941,BTC,42255.4613,42264.337,5.976,2.985
2024-01-01T00:18:42.750761,BTC,42220.5679,42228.3669,2.125,6.245
2024-01-01T00:18:42.750761,ETH,2305.9603,2306.2809,8.941,2.931
2024-01-01T00:18:43.000948,ETH,2306.8812,2307.2727,12.995,10.259
2024-01-01T00:18:43.250745,BTC,42214.4845,42226.9937,9.667,3.554
2024-01-01T00:18:43.250745,ETH,2304.9529,2305.2623,0.183,8.778
2024-01-01T00:18:43.500785,BTC,42215.5981,42225.1839,5.677,3.378
2024-01-01T00:18:43.750011,BTC,42217.9877,42227.8895,0.919,3.262
2024-01-01T00:18:44.250683,BTC,42221.482,42227.492,2.821,0.173
2024-01-01T00:18:44.250683,ETH,2304.9256,2305.4553,3.209,0.163
2024-01-01T00:18:44.500917,ETH,2305.0985,2305.3353,3.568,33.365
2024-01-01T00:18:44.750978,ETH,2304.0602,2304.3552,9.835,2.695
2024-01-01T00:18:44.750978,SOL,98.4551,98.484,4.378,6.34
2024-01-01T00:18:45.000296,ETH,2303.1259,2303.6247,0.322,2.602
2024-01-01T00:18:45.250482,BTC,42226.739,42233.8668,5.591,5.439
2024-01-01T00:18:45.500778,BTC,42239.6683,42249.6812,2.913,12.698
2024-01-01T00:18:45.750881,BTC,42255.4566,42266.636,8.625,5.854
2024-01-01T00:18:46.000822,ETH,2302.6119,2302.866,3.153,0.462
2024-01-01T00:18:46.250943,BTC,42235.6686,42242.9887,1.236,8.431
2024-01-01T00:18:46.250943,SOL,98.5274,98.5389,1.932,16.389
2024-01-01T00:18:46.500661,SOL,98.5063,98.5253,2.353,0.332
2024-01-01T00:18:46.750878,SOL,98.5071,98.5192,0.801,6.189
2024-01-01T00:18:47.000594,BTC,42261.7532,42270.0024,1.325,5.309
2024-01-01T00:18:47.000594,SOL,98.5286,98.5389,7.23,0.003
2024-01-01T00:18:47.250845,BTC,42224.6992,42236.4992,1.425,0.899
2024-01-01T00:18:47.250845,ETH,2303.0235,2303.3761,12.609,8.659
2024-01-01T00:18:47.500672,SOL,98.5562,98.5725,23.47,4.558
2024-01-01T00:18:47.750893,BTC,42196.256,42200.8202,5.129,1.201
2024-01-01T00:18:48.000050,ETH,2301.9159,2302.5863,2.693,1.972
2024-01-01T00:18:48.000050,SOL,98.5234,98.5517,24.021,1.058
2024-01-01T00:18:48.500243,ETH,2301.8629,2302.3528,4.274,0.137
2024-01-01T00:18:48.500243,SOL,98.5144,98.5331,0.295,0.552
2024-01-01T00:18:48.750378,BTC,42192.4405,42203.45,24.661,4.648
2024-01-01T00:18:48.750378,ETH,2301.404,2301.8637,4.328,2.184
2024-01-01T00:18:49.500420,ETH,2301.8422,2302.2883,12.787,4.974
2024-01-01T00:18:49.750642,ETH,2300.6375,2300.9678,3.372,7.492
2024-01-01T00:18:50.000987,SOL,98.5238,98.5483,9.001,5.253
2024-01-01T00:18:50.250450,ETH,2302.4402,2302.8137,1.528,3.158
2024-01-01T00:18:50.750262,BTC,42193.83,42201.0041,1.793,20.906
2024-01-01T00:18:51.000018,ETH,2304.103,2304.4877,13.357,1.788
2024-01-01T00:18:51.500836,ETH,2302.4483,2302.9467,10.807,12.039
2024-01-01T00:18:51.750155,ETH,2303.0585,2303.6748,7.27,3.277
2024-01-01T00:18:51.750155,SOL,98.5161,98.5441,2.132,4.076
2024-01-01T00:18:52.000059,ETH,2303.1125,2303.7102,2.737,3.583
2024-01-01T00:18:52.250470,BTC,42196.9446,42207.7183,2.682,1.155
2024-01-01T00:18:52.500458,BTC,42186.7162,42191.5033,11.381,0.68
2024-01-01T00:18:52.500458,ETH,2303.6357,2304.0206,7.904,13.883
2024-01-01T00:18:52.750084,SOL,98.5222,98.5445,0.296,0.908
2024-01-01T00:18:53.000700,BTC,42176.9456,42183.487,29.956,6.417
2024-01-01T00:18:53.000700,ETH,2303.5789,2304.2351,22.602,7.957
2024-01-01T00:18:53.000700,SOL,98.5105,98.5219,2.584,5.971
2024-01-01T00:18:53.500109,SOL,98.5026,98.5192,8.588,10.22
2024-01-01T00:18:53.750259,SOL,98.5218,98.5437,6.341,1.163
2024-01-01T00:18:54.250851,SOL,98.5416,98.5691,14.775,7.0
2024-01-01T00:18:54.500985,ETH,2302.3687,2302.899,3.166,6.247
2024-01-01T00:18:54.500985,SOL,98.6061,98.6284,10.718,11.293
2024-01-01T00:18:54.750950,ETH,2302.4158,2302.7389,3.001,0.545
2024-01-01T00:18:55.000994,SOL,98.5623,98.5843,14.444,1.167
2024-01-01T00:18:55.250182,BTC,42201.8977,42214.2892,2.99,2.574
2024-01-01T00:18:55.250182,ETH,2302.5978,2303.167,9.571,5.917
2024-01-01T00:18:55.500462,ETH,2304.2113,2304.4734,0.716,22.395
2024-01-01T00:18:56.000649,ETH,2304.2088,2304.7893,5.911,33.84
2024-01-01T00:18:56.000649,SOL,98.5131,98.5418,7.262,2.491
2024-01-01T00:18:56.250047,BTC,42195.2351,42202.9794,8.324,6.191
2024-01-01T00:18:56.750314,BTC,42208.7818,42217.5942,10.082,0.112
2024-01-01T00:18:57.000484,ETH,2303.6008,2303.9068,4.183,1.481
2024-01-01T00:18:57.000484,SOL,98.5564,98.5834,7.375,2.097
2024-01-01T00:18:57.250464,BTC,42194.479,42206.0173,14.893,2.606
2024-01-01T00:18:57.250464,ETH,2301.1118,2301.7131,3.928,14.833
2024-01-01T00:18:57.250464,SOL,98.5725,98.5957,5.03,8.005
2024-01-01T00:18:57.750634,ETH,2302.6398,2303.0214,6.014,0.975
2024-01-01T00:18:58.000600,BTC,42214.1888,42222.4606,1.239,7.787
2024-01-01T00:18:59.000261,ETH,2303.6892,2304.1403,17.297,14.759
2024-01-01T00:18:59.250974,BTC,42231.9026,42241.9049,8.662,3.568
2024-01-01T00:18:59.250974,SOL,98.5573,98.5718,3.469,3.799
2024-01-01T00:18:59.500347,BTC,42252.9613,42260.1087,5.771,1.54
2024-01-01T00:18:59.750164,BTC,42255.0957,42267.2225,6.125,2.493
2024-01-01T00:18:59.750164,SOL,98.5808,98.6096,1.819,10.269
2024-01-01T00:19:00.250249,ETH,2302.0419,2302.6404,0.467,5.327
2024-01-01T00:19:00.500818,ETH,2302.3042,2302.982,16.05,10.437
2024-01-01T00:19:00.750729,BTC,42258.8644,42271.5203,6.043,5.303
2024-01-01T00:19:01.000070,SOL,98.6082,98.6261,3.78,5.966
2024-01-01T00:19:01.250168,ETH,2300.7517,2301.2964,0.093,0.036
2024-01-01T00:19:01.750605,BTC,42267.0634,42274.3698,12.422,0.266
2024-01-01T00:19:01.750605,ETH,2301.0174,2301.5626,1.107,6.526
2024-01-01T00:19:02.000436,SOL,98.6511,98.6645,0.385,6.494
2024-01-01T00:19:02.750332,ETH,2301.6573,2302.0659,12.933,1.678
2024-01-01T00:19:03.250593,BTC,42261.7489,42274.1569,6.562,6.22
2024-01-01T00:19:03.250593,SOL,98.6007,98.6185,5.672,14.117
2024-01-01T00:19:03.500741,BTC,42239.1871,42249.6152,0.163,0.96
2024-01-01T00:19:03.500741,SOL,98.678,98.7042,13.5,1.33
2024-01-01T00:19:03.750471,ETH,2301.6889,2302.322,5.376,8.55
2024-01-01T00:19:03.750471,SOL,98.6871,98.7098,1.739,7.72
2024-01-01T00:19:04.250085,BTC,42240.5833,42245.655,2.139,4.551
2024-01-01T00:19:04.500457,ETH,2302.5952,2303.1791,3.46,0.552
2024-01-01T00:19:05.000850,BTC,42207.0265,42212.9319,4.997,4.365
2024-01-01T00:19:05.250489,ETH,2301.4211,2302.0107,5.882,13.328
2024-01-01T00:19:05.500312,BTC,42184.1283,42193.211,7.287,11.041
2024-01-01T00:19:05.750467,BTC,42234.4623,42242.3476,1.385,2.94
2024-01-01T00:19:06.000429,BTC,42219.8704,42226.0903,0.352,20.462
2024-01-01T00:19:06.500757,BTC,42225.2399,42232.2046,0.051,9.554
2024-01-01T00:19:06.500757,SOL,98.6863,98.6975,0.398,0.443
2024-01-01T00:19:07.000446,BTC,42249.0213,42258.216,8.335,10.863
2024-01-01T00:19:07.000446,SOL,98.6783,98.6988,1.523,7.563
2024-01-01T00:19:07.250521,ETH,2303.2192,2303.5326,3.643,7.72
2024-01-01T00:19:07.500295,BTC,42244.7407,42254.7027,0.313,0.945
2024-01-01T00:19:07.500295,ETH,2304.5562,2304.9334,7.874,1.728
2024-01-01T00:19:07.750882,BTC,42247.3121,42255.4169,0.705,7.01
2024-01-01T00:19:07.750882,ETH,2303.8515,2304.5114,5.22,18.722
2024-01-01T00:19:08.750285,BTC,42264.7927,42270.7116,5.892,5.38
2024-01-01T00:19:09.000701,SOL,98.6607,98.6762,1.975,2.125
2024-01-01T00:19:09.750483,SOL,98.6565,98.6726,0.024,0.798
2024-01-01T00:19:10.000174,BTC,42278.0527,42286.6277,0.546,4.883
2024-01-01T00:19:10.250926,BTC,42287.7963,42296.2115,1.278,1.499
2024-01-01T00:19:10.500569,ETH,2303.4898,2304.0692,4.387,4.518
2024-01-01T00:19:10.750168,BTC,42296.2378,42304.7158,6.497,2.767
2024-01-01T00:19:11.500457,BTC,42293.9105,42302.1846,6.266,10.329
2024-01-01T00:19:11.750821,BTC,42292.1633,42301.9561,4.751,9.841
2024-01-01T00:19:11.750821,ETH,2305.6217,2305.969,9.819,2.269
2024-01-01T00:19:12.250002,ETH,2304.3196,2304.7727,2.258,3.544
2024-01-01T00:19:12.500095,ETH,2304.7804,2305.3983,1.283,2.02
2024-01-01T00:19:12.500095,SOL,98.6645,98.6751,1.416,6.425
2024-01-01T00:19:13.250122,BTC,42269.6167,42279.5641,0.225,4.652
2024-01-01T00:19:13.250122,ETH,2306.0074,2306.5211,0.861,1.52
2024-01-01T00:19:13.500890,SOL,98.668,98.6947,5.91,14.285
2024-01-01T00:19:14.000887,BTC,42258.4382,42269.3439,4.147,0.217
2024-01-01T00:19:14.250917,ETH,2304.6249,2304.8638,0.906,1.687
2024-01-01T00:19:14.500692,ETH,2304.5957,2305.2403,3.268,18.172
2024-01-01T00:19:15.500579,ETH,2305.4316,2305.9312,10.388,3.279
2024-01-01T00:19:15.500579,SOL,98.6866,98.7131,2.522,10.366
2024-01-01T00:19:16.000555,BTC,42236.5077,42244.0054,0.349,4.236
2024-01-01T00:19:16.250867,SOL,98.6846,98.7013,5.527,2.902
2024-01-01T00:19:16.500330,BTC,42240.2022,42248.3078,0.074,0.541
2024-01-01T00:19:16.500330,ETH,2304.6605,2305.03,9.63,0.083
2024-01-01T00:19:16.750946,SOL,98.6859,98.7025,15.256,3.339
2024-01-01T00:19:17.000994,ETH,2305.6284,2305.9612,0.351,2.44
2024-01-01T00:19:17.000994,SOL,98.6418,98.6548,3.1,7.075
2024-01-01T00:19:17.250449,BTC,42232.1443,42241.1985,6.027,2.616
2024-01-01T00:19:17.500653,SOL,98.6439,98.6665,15.443,7.6
2024-01-01T00:19:17.750501,BTC,42223.2544,42230.8599,0.862,0.672
2024-01-01T00:19:17.750501,SOL,98.5788,98.6068,3.923,0.333
2024-01-01T00:19:18.000023,BTC,42235.1157,42241.337,10.489,24.138
2024-01-01T00:19:18.000023,SOL,98.5455,98.568,0.367,3.883
2024-01-01T00:19:18.250048,BTC,42239.0189,42249.4375,0.463,1.109
2024-01-01T00:19:18.250048,ETH,2306.3071,2306.7567,10.364,5.227
2024-01-01T00:19:18.250048,SOL,98.527,98.5424,1.665,3.291
2024-01-01T00:19:18.750746,ETH,2304.952,2305.3263,2.622,2.487
2024-01-01T00:19:19.000267,BTC,42270.6451,42275.8921,3.197,4.699
2024-01-01T00:19:19.000267,ETH,2304.9767,2305.4159,0.446,4.114
2024-01-01T00:19:19.500614,BTC,42260.4001,42272.6274,14.286,11.428
2024-01-01T00:19:19.750177,ETH,2305.0055,2305.3857,9.083,0.539
2024-01-01T00:19:19.750177,SOL,98.5952,98.6151,1.699,1.306
2024-01-01T00:19:20.250059,BTC,42295.7543,42302.0617,0.238,19.625
2024-01-01T00:19:20.250059,SOL,98.5394,98.5622,2.82,8.013
2024-01-01T00:19:20.500211,BTC,42295.4089,42307.8585,3.369,4.541
2024-01-01T00:19:20.750218,SOL,98.5939,98.6058,4.525,2.397
2024-01-01T00:19:21.500296,SOL,98.6342,98.6491,13.726,0.523
2024-01-01T00:19:22.000884,SOL,98.6475,98.6696,11.241,8.35
2024-01-01T00:19:22.250907,ETH,2305.4318,2305.7864,1.68,7.548
2024-01-01T00:19:22.500253,ETH,2305.8674,2306.2954,17.022,0.804
2024-01-01T00:19:22.750195,ETH,2306.4668,2306.7345,1.125,0.022
2024-01-01T00:19:23.000944,BTC,42278.6673,42290.1407,0.196,1.17
2024-01-01T00:19:23.000944,ETH,2305.4971,2306.1718,0.59,2.473
2024-01-01T00:19:23.000944,SOL,98.6968,98.7219,1.81,0.129
2024-01-01T00:19:23.250609,BTC,42288.3667,42300.5809,2.248,2.024
2024-01-01T00:19:23.250609,ETH,2304.5325,2304.7957,5.097,4.227
2024-01-01T00:19:23.500730,ETH,2304.245,2304.7489,18.555,11.647
2024-01-01T00:19:23.750415,BTC,42261.4223,42271.8644,2.155,1.46
2024-01-01T00:19:24.250034,ETH,2302.8817,2303.2045,5.178,7.043
2024-01-01T00:19:24.500106,ETH,2301.5856,2302.0397,29.036,3.522
2024-01-01T00:19:24.750682,SOL,98.6885,98.7064,0.406,4.271
2024-01-01T00:19:25.000917,SOL,98.7069,98.7257,3.555,1.95
2024-01-01T00:19:25.750424,BTC,42277.9348,42290.1472,1.317,0.911
2024-01-01T00:19:25.750424,SOL,98.6816,98.6925,0.441,5.142
2024-01-01T00:19:26.000392,BTC,42294.6769,42302.2987,7.061,4.156
2024-01-01T00:19:26.000392,SOL,98.7118,98.7295,8.476,2.744
2024-01-01T00:19:26.250284,ETH,2301.7015,2302.3808,2.569,1.849
2024-01-01T00:19:26.500342,BTC,42299.1536,42307.7896,6.467,1.274
2024-01-01T00:19:26.500342,ETH,2301.2966,2301.6414,0.84,9.517
2024-01-01T00:19:26.750513,ETH,2303.4273,2303.8391,2.853,1.164
2024-01-01T00:19:27.000089,BTC,42303.2628,42307.6733,0.822,3.849
2024-01-01T00:19:27.000089,ETH,2302.6743,2302.946,4.113,3.548
2024-01-01T00:19:27.500711,ETH,2302.9612,2303.5893,4.694,1.748
2024-01-01T00:19:27.750157,BTC,42305.3209,42317.6473,2.298,3.049
2024-01-01T00:19:28.000475,SOL,98.696,98.7178,7.722,1.195
2024-01-01T00:19:28.250769,ETH,2301.0952,2301.4605,2.523,3.874
2024-01-01T00:19:28.500588,BTC,42315.4111,42325.9352,0.048,3.966
2024-01-01T00:19:28.500588,ETH,2303.2207,2303.5536,9.717,9.613
2024-01-01T00:19:29.000356,BTC,42299.463,42304.5937,1.644,6.599
2024-01-01T00:19:29.500402,BTC,42302.6068,42312.1208,9.267,21.071
2024-01-01T00:19:29.750069,BTC,42289.5235,42299.3164,5.555,4.182
2024-01-01T00:19:29.750069,SOL,98.7417,98.7563,0.038,7.43
2024-01-01T00:19:30.000278,ETH,2302.3455,2303.0194,9.825,17.644
2024-01-01T00:19:30.250266,BTC,42292.5604,42297.9474,5.107,1.146
2024-01-01T00:19:30.250266,SOL,98.7208,98.7472,5.042,0.112
2024-01-01T00:19:30.500134,BTC,42296.872,42308.5317,0.172,2.615
2024-01-01T00:19:30.500134,SOL,98.7236,98.7347,1.673,2.825
2024-01-01T00:19:31.000169,SOL,98.7348,98.7516,9.907,3.445
2024-01-01T00:19:31.500257,ETH,2302.7341,2303.0751,7.109,16.509
2024-01-01T00:19:31.750575,SOL,98.7778,98.7888,3.124,0.117
2024-01-01T00:19:32.250370,BTC,42281.4408,42290.2884,3.081,6.543
2024-01-01T00:19:32.250370,ETH,2302.3029,2302.9002,10.054,2.057
2024-01-01T00:19:32.750073,BTC,42263.7353,42275.9841,1.483,3.296
2024-01-01T00:19:32.750073,SOL,98.7473,98.763,11.301,3.898
2024-01-01T00:19:33.000063,BTC,42256.6458,42265.0557,9.315,8.412
2024-01-01T00:19:33.000063,SOL,98.7573,98.7681,3.876,8.508
2024-01-01T00:19:33.250821,BTC,42273.4081,42279.7849,5.447,9.126
2024-01-01T00:19:33.250821,ETH,2301.2295,2301.9001,3.504,5.497
2024-01-01T00:19:33.250821,SOL,98.7429,98.766,0.845,2.166
2024-01-01T00:19:33.500450,ETH,2300.6279,2301.2657,1.868,0.763
2024-01-01T00:19:33.750368,BTC,42242.367,42250.0374,2.91,4.705
2024-01-01T00:19:33.750368,ETH,2300.9734,2301.3809,4.748,11.096
2024-01-01T00:19:34.000077,ETH,2300.5242,2301.1756,1.258,1.914
2024-01-01T00:19:34.250181,BTC,42239.3257,42246.788,16.807,2.35
2024-01-01T00:19:34.250181,SOL,98.7748,98.7916,1.23,3.146
2024-01-01T00:19:34.500934,SOL,98.7279,98.7467,8.145,23.707
2024-01-01T00:19:35.000652,ETH,2300.4799,2300.7231,1.404,3.383
2024-01-01T00:19:35.000652,SOL,98.7116,98.7267,7.43,5.918
2024-01-01T00:19:35.500117,ETH,2300.3217,2300.7338,0.522,6.304
2024-01-01T00:19:36.000773,ETH,2299.6235,2299.8661,3.347,6.621
2024-01-01T00:19:36.000773,SOL,98.7445,98.7634,0.039,0.413
2024-01-01T00:19:36.750010,BTC,42237.918,42249.3607,10.45,7.738
2024-01-01T00:19:37.250972,ETH,2300.9769,2301.6389,1.373,0.182
2024-01-01T00:19:37.500577,ETH,2300.615,2300.9391,17.644,0.426
2024-01-01T00:19:37.750661,SOL,98.6526,98.6639,5.887,7.176
2024-01-01T00:19:38.000892,BTC,42258.4397,42267.1841,9.515,2.152
2024-01-01T00:19:38.000892,ETH,2301.0586,2301.4246,4.83,0.578
2024-01-01T00:19:38.000892,SOL,98.5542,98.5755,3.462,1.478
2024-01-01T00:19:38.250021,ETH,2301.732,2302.3759,2.653,6.956
2024-01-01T00:19:38.500393,ETH,2300.7104,2301.0276,1.752,2.025
2024-01-01T00:19:38.500393,SOL,98.5865,98.6085,4.024,0.042
2024-01-01T00:19:38.750136,SOL,98.6311,98.6512,1.997,1.793
2024-01-01T00:19:39.250496,BTC,42243.2947,42249.0135,4.466,6.954
2024-01-01T00:19:39.250496,ETH,2301.2373,2301.8996,6.227,4.443
2024-01-01T00:19:39.500066,ETH,2300.9123,2301.2384,1.62,1.115
2024-01-01T00:19:39.500066,SOL,98.615,98.6282,2.938,6.49
2024-01-01T00:19:39.750276,BTC,42224.4298,42230.5872,20.51,2.06
2024-01-01T00:19:40.250169,BTC,42205.8782,42216.6941,2.052,1.018
2024-01-01T00:19:40.500007,BTC,42235.4391,42244.0376,3.388,0.587
2024-01-01T00:19:40.750729,ETH,2301.1858,2301.8249,5.51,19.288
2024-01-01T00:19:40.750729,SOL,98.5392,98.5551,5.024,1.209
2024-01-01T00:19:41.000136,ETH,2300.7373,2301.2622,4.026,2.334
2024-01-01T00:19:41.000136,SOL,98.4895,98.5158,7.895,0.669
2024-01-01T00:19:41.250745,SOL,98.4958,98.5123,2.352,4.875
2024-01-01T00:19:41.750726,SOL,98.4573,98.4703,2.47,3.439
2024-01-01T00:19:42.000322,ETH,2301.0371,2301.5174,5.355,0.576
2024-01-01T00:19:42.250306,BTC,42254.7988,42263.3533,0.177,0.426
2024-01-01T00:19:42.250306,SOL,98.4241,98.4341,2.202,21.491
2024-01-01T00:19:42.500116,BTC,42242.483,42252.4076,5.627,10.764
2024-01-01T00:19:43.000999,ETH,2300.3653,2300.7637,0.897,4.165
2024-01-01T00:19:43.250866,BTC,42242.8063,42249.8586,3.795,0.841
2024-01-01T00:19:43.250866,ETH,2301.999,2302.3671,2.563,2.094
2024-01-01T00:19:43.500372,ETH,2302.4948,2302.985,3.972,1.233
2024-01-01T00:19:43.500372,SOL,98.4479,98.4735,9.268,4.355
2024-01-01T00:19:43.750209,SOL,98.4752,98.4907,4.524,13.001
2024-01-01T00:19:44.000771,BTC,42238.2699,42242.8968,13.619,0.439
2024-01-01T00:19:44.500461,BTC,42230.3224,42234.573,0.327,0.453
2024-01-01T00:19:44.500461,ETH,2301.9633,2302.5402,3.447,15.123
2024-01-01T00:19:44.500461,SOL,98.4703,98.4824,1.296,4.237
2024-01-01T00:19:44.750274,ETH,2302.5402,2303.039,6.326,5.991
2024-01-01T00:19:44.750274,SOL,98.4011,98.4264,9.371,12.334
2024-01-01T00:19:45.000399,BTC,42253.3605,42260.2086,1.759,0.427
2024-01-01T00:19:45.000399,ETH,2303.9495,2304.4932,9.559,9.375
2024-01-01T00:19:45.250665,ETH,2304.1321,2304.4897,11.967,4.066
2024-01-01T00:19:45.250665,SOL,98.4488,98.4648,10.136,13.216
2024-01-01T00:19:45.750670,SOL,98.4499,98.4726,0.27,0.37
2024-01-01T00:19:46.250995,BTC,42241.4835,42248.0627,0.236,8.994
2024-01-01T00:19:46.250995,SOL,98.4048,98.4202,3.805,12.072
2024-01-01T00:19:46.750954,BTC,42263.7876,42276.39,0.42,1.358
2024-01-01T00:19:46.750954,ETH,2302.9622,2303.5413,0.216,2.487
2024-01-01T00:19:46.750954,SOL,98.3723,98.3849,1.576,16.582
2024-01-01T00:19:47.000091,BTC,42292.7668,42303.7249,3.815,0.298
2024-01-01T00:19:47.000091,ETH,2300.7201,2301.3388,0.882,4.846
2024-01-01T00:19:47.250515,ETH,2301.4332,2301.9441,3.612,20.667
2024-01-01T00:19:47.750465,SOL,98.3934,98.4154,7.267,8.019
2024-01-01T00:19:48.000042,BTC,42288.3469,42297.7516,4.141,0.673
2024-01-01T00:19:48.000042,ETH,2301.6806,2302.1602,13.193,6.731
2024-01-01T00:19:48.500885,SOL,98.3494,98.37,3.045,15.621
2024-01-01T00:19:48.750706,BTC,42298.4275,42304.7841,2.67,1.801
2024-01-01T00:19:49.000400,BTC,42292.1648,42297.3532,12.411,0.771
2024-01-01T00:19:49.000400,ETH,2300.451,2300.762,9.868,11.786
2024-01-01T00:19:49.000400,SOL,98.3903,98.4149,17.127,3.981
2024-01-01T00:19:49.250031,BTC,42297.235,42306.0093,4.137,6.302
2024-01-01T00:19:49.250031,SOL,98.3974,98.416,6.047,8.353
2024-01-01T00:19:49.500757,SOL,98.4312,98.4529,4.454,5.699
2024-01-01T00:19:49.750158,ETH,2301.7429,2302.3015,5.424,10.987
2024-01-01T00:19:49.750158,SOL,98.3764,98.3988,12.965,0.421
2024-01-01T00:19:50.750203,ETH,2302.4554,2302.9957,0.398,1.702
2024-01-01T00:19:51.000110,ETH,2302.1816,2302.734,4.702,1.702
2024-01-01T00:19:51.250592,BTC,42302.4401,42311.9205,6.799,4.331
2024-01-01T00:19:51.250592,ETH,2302.0463,2302.5881,23.006,1.181
2024-01-01T00:19:51.250592,SOL,98.3852,98.4084,4.571,3.648
2024-01-01T00:19:51.750758,ETH,2301.9149,2302.4329,7.159,1.556
2024-01-01T00:19:52.000155,BTC,42293.327,42302.6168,1.784,8.235
2024-01-01T00:19:52.250597,BTC,42293.8476,42303.7485,1.052,0.284
2024-01-01T00:19:52.500829,BTC,42335.8517,42347.7097,0.143,6.881
2024-01-01T00:19:52.500829,SOL,98.3574,98.3792,2.472,0.562
2024-01-01T00:19:52.750780,BTC,42343.401,42355.2221,14.583,3.161
2024-01-01T00:19:53.000089,SOL,98.3262,98.3549,0.67,10.154
2024-01-01T00:19:53.250786,SOL,98.4177,98.4336,0.241,0.147
2024-01-01T00:19:53.500153,BTC,42369.0937,42378.3507,0.986,0.242
2024-01-01T00:19:53.500153,ETH,2301.3985,2302.0149,11.321,1.928
2024-01-01T00:19:54.000577,BTC,42373.2215,42384.605,3.526,5.153
2024-01-01T00:19:54.000577,ETH,2302.4255,2303.0779,12.288,0.672
2024-01-01T00:19:54.000577,SOL,98.4156,98.4357,2.899,3.916
2024-01-01T00:19:54.250950,BTC,42375.2584,42385.8397,10.304,1.752
2024-01-01T00:19:54.500699,ETH,2303.1283,2303.4686,1.207,3.912
2024-01-01T00:19:54.750447,BTC,42372.3906,42383.5052,7.661,3.206
2024-01-01T00:19:55.000036,BTC,42380.7607,42388.2249,1.867,2.09
2024-01-01T00:19:55.500293,SOL,98.4109,98.4385,0.225,5.469
2024-01-01T00:19:55.750347,SOL,98.4182,98.4452,0.67,0.824
2024-01-01T00:19:56.250670,ETH,2303.7913,2304.0526,8.419,8.999
2024-01-01T00:19:56.750912,BTC,42374.6854,42384.3351,0.091,1.054
2024-01-01T00:19:57.000712,BTC,42368.5802,42380.0927,15.573,6.794
2024-01-01T00:19:57.000712,ETH,2303.5745,2303.8919,2.308,13.917
2024-01-01T00:19:57.000712,SOL,98.4209,98.4397,11.747,13.227
2024-01-01T00:19:57.250005,ETH,2303.1964,2303.7434,2.734,0.309
2024-01-01T00:19:57.750440,BTC,42382.6735,42392.4271,1.379,4.794
2024-01-01T00:19:58.250023,ETH,2303.814,2304.1064,4.265,3.406
2024-01-01T00:19:58.500046,BTC,42345.3793,42351.8786,18.686,3.781
2024-01-01T00:19:58.750890,BTC,42329.9628,42336.1342,0.423,4.119
2024-01-01T00:19:59.000651,BTC,42342.1333,42350.6918,0.377,6.4
2024-01-01T00:19:59.250952,BTC,42357.6264,42367.3069,2.69,7.724
2024-01-01T00:19:59.750236,BTC,42362.563,42371.5047,2.244,4.187
2024-01-01T00:20:00.000225,BTC,42386.0758,42394.4901,15.157,0.591
2024-01-01T00:20:00.000225,SOL,98.4369,98.4488,5.809,0.037
2024-01-01T00:20:00.250071,BTC,42386.2188,42392.9983,3.382,2.34
2024-01-01T00:20:00.250071,SOL,98.4093,98.4291,6.725,14.469
2024-01-01T00:20:00.500060,BTC,42392.1334,42398.9264,1.511,6.986
2024-01-01T00:20:00.500060,SOL,98.3256,98.3463,3.756,3.81
2024-01-01T00:20:00.750468,ETH,2303.5447,2304.0126,9.709,0.146
2024-01-01T00:20:01.000496,BTC,42380.6607,42387.3931,3.818,2.853
2024-01-01T00:20:01.250847,ETH,2304.0447,2304.6744,1.112,1.261
2024-01-01T00:20:01.250847,SOL,98.3788,98.3933,10.662,3.24
2024-01-01T00:20:01.500029,BTC,42389.0477,42396.2762,3.989,4.8
2024-01-01T00:20:01.500029,SOL,98.3282,98.3508,6.379,6.542
2024-01-01T00:20:02.250067,ETH,2304.0163,2304.5968,2.608,10.752
2024-01-01T00:20:02.500193,ETH,2304.6385,2305.029,8.627,5.85
2024-01-01T00:20:02.750662,SOL,98.3038,98.3225,1.45,0.725
2024-01-01T00:20:03.250374,ETH,2306.0584,2306.7135,7.295,2.969
2024-01-01T00:20:03.750891,BTC,42389.5993,42395.7625,8.91,7.997
2024-01-01T00:20:04.000114,BTC,42385.137,42393.6068,5.233,0.299
2024-01-01T00:20:04.000114,SOL,98.329,98.354,10.815,12.839
2024-01-01T00:20:04.250152,BTC,42400.7425,42410.8181,14.284,3.437
2024-01-01T00:20:04.500333,ETH,2306.3485,2306.9997,3.542,3.045
2024-01-01T00:20:04.500333,SOL,98.3487,98.37,1.55,14.564
2024-01-01T00:20:05.000828,ETH,2308.2471,2308.5265,1.963,0.81
2024-01-01T00:20:05.000828,SOL,98.28,98.3086,3.867,8.784
2024-01-01T00:20:05.250952,ETH,2309.0927,2309.5227,4.376,2.658
2024-01-01T00:20:05.250952,SOL,98.3213,98.3438,5.238,12.268
2024-01-01T00:20:05.500603,BTC,42423.9681,42428.7792,1.542,3.261
2024-01-01T00:20:05.750453,SOL,98.2861,98.2989,8.393,1.403
2024-01-01T00:20:06.000927,BTC,42430.0145,42437.6603,0.197,21.899
2024-01-01T00:20:06.250843,ETH,2307.4908,2308.0282,2.271,2.713
2024-01-01T00:20:06.250843,SOL,98.2826,98.3023,3.024,11.404
2024-01-01T00:20:06.750361,SOL,98.2919,98.3085,24.474,0.188
2024-01-01T00:20:07.000631,SOL,98.2532,98.2677,5.213,7.473
2024-01-01T00:20:07.250666,BTC,42448.6746,42460.6275,6.058,4.702
2024-01-01T00:20:07.250666,ETH,2306.0963,2306.5085,23.355,2.417
2024-01-01T00:20:07.750244,ETH,2307.3394,2307.6228,1.089,3.57
2024-01-01T00:20:08.250942,SOL,98.2533,98.2733,2.339,6.125
2024-01-01T00:20:08.500267,BTC,42463.5327,42468.8928,12.817,0.132
2024-01-01T00:20:08.500267,SOL,98.3041,98.3215,0.435,5.963
2024-01-01T00:20:08.750484,SOL,98.2129,98.2387,1.774,1.232
2024-01-01T00:20:09.000205,BTC,42487.7742,42496.8751,1.101,17.37
2024-01-01T00:20:09.000205,ETH,2306.278,2306.595,2.516,4.566
2024-01-01T00:20:09.250374,ETH,2305.2054,2305.6408,9.105,4.195
2024-01-01T00:20:09.500696,SOL,98.2567,98.2691,1.559,10.377
2024-01-01T00:20:09.750825,BTC,42509.5989,42521.9324,3.075,4.508
2024-01-01T00:20:10.000501,BTC,42507.447,42512.0893,12.928,12.482
2024-01-01T00:20:10.250941,BTC,42477.9756,42488.1739,1.841,0.701
2024-01-01T00:20:10.250941,ETH,2304.9779,2305.222,1.861,0.903
2024-01-01T00:20:10.250941,SOL,98.2717,98.2954,1.029,4.914
2024-01-01T00:20:10.500903,ETH,2305.5109,2306.0076,0.56,10.772
2024-01-01T00:20:10.750163,BTC,42450.5808,42457.485,2.941,2.467
2024-01-01T00:20:10.750163,SOL,98.2426,98.2687,5.316,0.973
2024-01-01T00:20:11.000949,SOL,98.2228,98.247,6.478,6.218
2024-01-01T00:20:11.250415,BTC,42450.6958,42459.1902,2.28,3.76
2024-01-01T00:20:11.500424,SOL,98.2467,98.272,3.197,0.309
2024-01-01T00:20:11.750060,ETH,2304.5686,2305.2399,0.277,16.121
2024-01-01T00:20:12.250344,BTC,42458.344,42468.2912,6.795,2.024
2024-01-01T00:20:12.250344,SOL,98.249,98.2624,9.072,3.003
2024-01-01T00:20:12.500235,SOL,98.2118,98.2402,0.016,0.155
2024-01-01T00:20:12.750262,ETH,2306.0246,2306.4479,5.789,14.101
2024-01-01T00:20:13.500265,SOL,98.183,98.1946,11.472,2.881
2024-01-01T00:20:13.750479,BTC,42467.7846,42477.9932,0.442,4.945
2024-01-01T00:20:13.750479,SOL,98.1651,98.1794,0.615,4.352
2024-01-01T00:20:14.000157,BTC,42443.2371,42450.8649,0.606,1.6
2024-01-01T00:20:14.000157,SOL,98.1697,98.1947,12.033,3.677
2024-01-01T00:20:14.250876,ETH,2304.6486,2305.1052,2.0,0.622
2024-01-01T00:20:14.250876,SOL,98.2227,98.2363,6.188,12.193
2024-01-01T00:20:14.500957,BTC,42448.3477,42453.0581,24.893,14.685
2024-01-01T00:20:14.500957,ETH,2303.8356,2304.3486,1.129,4.464
2024-01-01T00:20:14.750475,BTC,42433.6088,42438.2048,5.225,3.61
2024-01-01T00:20:14.750475,SOL,98.1604,98.1783,3.504,1.04
2024-01-01T00:20:15.000126,BTC,42426.1526,42434.1432,5.762,0.789
2024-01-01T00:20:15.000126,ETH,2304.2251,2304.6323,4.897,1.385
2024-01-01T00:20:15.500429,SOL,98.1417,98.171,2.623,9.147
2024-01-01T00:20:15.750325,ETH,2304.2472,2304.494,8.663,7.129
2024-01-01T00:20:16.500185,BTC,42413.6344,42424.9523,1.712,2.196
2024-01-01T00:20:16.500185,ETH,2303.6416,2303.9924,3.646,2.047
2024-01-01T00:20:17.250286,ETH,2302.5131,2302.7594,5.049,4.533
2024-01-01T00:20:17.500632,BTC,42431.71,42443.7179,7.928,3.436
2024-01-01T00:20:17.500632,ETH,2303.5475,2303.8195,1.306,0.888
2024-01-01T00:20:17.500632,SOL,98.1293,98.1578,7.986,3.127
2024-01-01T00:20:17.750139,ETH,2303.7907,2304.3419,4.433,0.549
2024-01-01T00:20:18.250706,BTC,42393.1554,42403.8221,2.745,3.33
2024-01-01T00:20:18.250706,ETH,2303.5675,2304.1409,7.195,12.651
2024-01-01T00:20:18.250706,SOL,98.1154,98.138,3.611,2.158
2024-01-01T00:20:18.500305,ETH,2303.2861,2303.7625,10.606,3.414
2024-01-01T00:20:18.750866,SOL,98.0845,98.0962,1.809,14.967
2024-01-01T00:20:19.000457,BTC,42390.3947,42394.9708,5.037,14.132
2024-01-01T00:20:19.000457,ETH,2303.3523,2303.7224,0.104,0.861
2024-01-01T00:20:19.000457,SOL,98.0244,98.0468,10.293,11.514
2024-01-01T00:20:19.250204,SOL,98.0498,98.0775,3.763,2.853
2024-01-01T00:20:19.500438,ETH,2305.1397,2305.7465,7.382,1.124
2024-01-01T00:20:19.750582,BTC,42360.3382,42370.8793,2.608,9.135
2024-01-01T00:20:20.000832,BTC,42360.202,42372.3021,3.171,16.514
2024-01-01T00:20:20.250132,BTC,42345.9175,42353.4552,3.863,1.315
2024-01-01T00:20:20.250132,SOL,98.06,98.0799,0.966,0.762
2024-01-01T00:20:20.500203,SOL,98.0117,98.0356,2.969,8.614
2024-01-01T00:20:20.750152,BTC,42363.7687,42373.0167,6.282,4.637
2024-01-01T00:20:20.750152,ETH,2306.8354,2307.1299,14.8,13.056
2024-01-01T00:20:20.750152,SOL,98.0499,98.0756,0.81,2.969
2024-01-01T00:20:21.500534,ETH,2306.9101,2307.2885,2.487,0.435
2024-01-01T00:20:21.750150,BTC,42358.2529,42366.0178,2.352,2.744
2024-01-01T00:20:21.750150,ETH,2308.2676,2308.6849,1.414,10.546
2024-01-01T00:20:22.000706,BTC,42384.517,42390.603,9.175,4.795
2024-01-01T00:20:22.500763,BTC,42369.8021,42376.2168,3.295,1.869
2024-01-01T00:20:22.500763,ETH,2307.2238,2307.6448,12.587,7.685
2024-01-01T00:20:22.750998,BTC,42364.9468,42371.5528,6.259,4.741
2024-01-01T00:20:23.000851,SOL,98.0186,98.0301,0.054,12.207
2024-01-01T00:20:23.250483,ETH,2307.442,2307.9134,2.494,16.272
2024-01-01T00:20:23.250483,SOL,98.0374,98.0486,14.057,2.134
2024-01-01T00:20:23.750952,BTC,42353.7323,42360.8168,0.587,7.84
2024-01-01T00:20:24.000784,ETH,2308.9271,2309.4644,1.073,0.671
2024-01-01T00:20:24.500959,BTC,42356.8132,42363.5453,1.28,5.246
2024-01-01T00:20:25.000040,BTC,42368.9098,42379.4747,14.841,6.596
2024-01-01T00:20:25.000040,SOL,97.9755,97.9884,1.513,4.328
2024-01-01T00:20:25.250515,BTC,42394.7929,42401.1201,0.844,2.347
2024-01-01T00:20:25.250515,ETH,2309.0104,2309.2909,3.914,2.475
2024-01-01T00:20:25.500551,ETH,2309.1896,2309.7044,4.657,12.15
2024-01-01T00:20:25.750873,BTC,42387.6148,42397.9054,4.014,15.47
2024-01-01T00:20:26.500238,BTC,42414.1776,42422.37,6.875,1.562
2024-01-01T00:20:27.250692,ETH,2310.8508,2311.4779,6.911,3.185
2024-01-01T00:20:27.250692,SOL,97.9258,97.9495,0.718,16.31
2024-01-01T00:20:27.500012,BTC,42419.051,42428.2774,4.762,4.903
2024-01-01T00:20:27.500012,ETH,2311.7439,2312.3475,0.559,1.728
2024-01-01T00:20:27.750932,ETH,2310.4119,2310.8985,4.128,8.767
2024-01-01T00:20:28.000108,SOL,97.9183,97.9438,3.03,4.025
2024-01-01T00:20:28.250591,SOL,97.8445,97.8626,1.042,0.108
2024-01-01T00:20:28.500642,BTC,42427.7499,42440.1748,1.214,11.273
2024-01-01T00:20:29.250493,ETH,2311.3377,2311.7687,21.171,4.27
2024-01-01T00:20:29.500352,BTC,42432.6773,42444.9898,8.623,1.664
2024-01-01T00:20:29.500352,SOL,97.8154,97.8272,2.413,7.754
2024-01-01T00:20:30.000516,ETH,2312.1148,2312.5214,1.166,3.388
2024-01-01T00:20:30.000516,SOL,97.8759,97.894,3.467,0.37
2024-01-01T00:20:30.250047,BTC,42409.2742,42417.3221,2.742,0.643
2024-01-01T00:20:30.500556,BTC,42412.7301,42422.7027,4.422,7.326
2024-01-01T00:20:30.500556,ETH,2312.7684,2313.1786,3.342,0.569
2024-01-01T00:20:30.750561,BTC,42403.2395,42409.1781,0.16,1.986
2024-01-01T00:20:31.000633,BTC,42406.0603,42416.5707,0.268,7.332
2024-01-01T00:20:31.000633,ETH,2313.0919,2313.6374,11.632,5.202
2024-01-01T00:20:31.000633,SOL,97.8715,97.8829,5.369,0.013
2024-01-01T00:20:31.250968,BTC,42430.124,42440.4562,38.767,13.301
2024-01-01T00:20:31.750127,BTC,42424.7239,42430.9626,1.541,5.961
2024-01-01T00:20:32.250700,BTC,42428.0601,42434.2097,8.01,6.062
2024-01-01T00:20:32.500028,BTC,42426.3224,42436.4902,0.124,4.23
2024-01-01T00:20:32.500028,ETH,2313.306,2313.8027,3.317,1.079
2024-01-01T00:20:32.750406,BTC,42415.3279,42420.8037,5.958,1.798
2024-01-01T00:20:32.750406,SOL,97.8125,97.8263,1.867,8.002
2024-01-01T00:20:33.000478,SOL,97.8606,97.8818,0.996,2.338
2024-01-01T00:20:33.250494,ETH,2315.5962,2315.9851,8.175,6.128
2024-01-01T00:20:33.500487,ETH,2316.029,2316.3646,3.713,1.204
2024-01-01T00:20:34.000132,ETH,2316.2091,2316.6028,3.252,0.589
2024-01-01T00:20:34.250889,ETH,2316.9408,2317.6007,6.502,6.011
2024-01-01T00:20:34.750163,BTC,42426.1426,42435.3529,5.865,1.583
2024-01-01T00:20:34.750163,ETH,2316.7477,2317.4087,11.781,9.555
2024-01-01T00:20:34.750163,SOL,97.8263,97.8386,0.271,4.469
2024-01-01T00:20:35.250356,SOL,97.8401,97.8593,1.638,2.37
2024-01-01T00:20:35.750204,BTC,42428.3146,42440.7172,6.338,2.92
2024-01-01T00:20:35.750204,SOL,97.9348,97.9537,6.868,2.818
2024-01-01T00:20:36.000383,ETH,2314.9674,2315.5359,7.791,3.265
2024-01-01T00:20:36.250716,BTC,42409.0906,42419.6528,3.862,10.77
2024-01-01T00:20:36.250716,SOL,97.9568,97.9751,12.277,5.241
2024-01-01T00:20:36.500052,BTC,42404.252,42412.6418,2.441,5.861
2024-01-01T00:20:36.750099,BTC,42408.1875,42414.1801,3.988,8.991
2024-01-01T00:20:36.750099,ETH,2314.6095,2315.2287,1.358,8.242
2024-01-01T00:20:37.250054,ETH,2313.4205,2313.866,4.195,3.664
2024-01-01T00:20:37.500074,BTC,42434.1363,42440.9488,9.601,3.541
2024-01-01T00:20:37.750756,ETH,2312.8772,2313.3215,3.051,0.175
2024-01-01T00:20:38.000382,BTC,42453.3445,42465.9735,1.043,3.706
2024-01-01T00:20:38.250664,BTC,42450.7018,42459.5085,5.166,8.268
2024-01-01T00:20:38.500210,BTC,42466.477,42475.4503,3.529,2.252
2024-01-01T00:20:38.500210,ETH,2313.0923,2313.5668,4.661,5.017
2024-01-01T00:20:38.750548,BTC,42486.3522,42495.9637,7.712,6.909
2024-01-01T00:20:38.750548,SOL,97.9794,98.0038,5.704,8.697
2024-01-01T00:20:39.000511,ETH,2314.5587,2315.0434,6.826,7.897
2024-01-01T00:20:40.000075,SOL,97.9636,97.9757,5.872,1.703
2024-01-01T00:20:40.250185,BTC,42513.0903,42520.9625,9.49,14.466
2024-01-01T00:20:40.500327,BTC,42515.3454,42526.897,9.267,12.779
2024-01-01T00:20:40.500327,SOL,98.0445,98.0678,0.124,3.765
2024-01-01T00:20:40.750348,ETH,2314.4975,2315.065,16.578,1.998
2024-01-01T00:20:41.000369,ETH,2314.6274,2315.1901,2.625,4.552
2024-01-01T00:20:41.000369,SOL,98.0627,98.0773,1.614,4.185
2024-01-01T00:20:41.500484,ETH,2314.8271,2315.2891,0.643,3.596
2024-01-01T00:20:41.500484,SOL,98.1068,98.1332,6.684,6.443
2024-01-01T00:20:41.750426,BTC,42498.6491,42509.6129,9.79,0.886
2024-01-01T00:20:42.000411,BTC,42522.2635,42529.6712,1.549,9.266
2024-01-01T00:20:42.000411,SOL,98.1228,98.144,0.027,4.915
2024-01-01T00:20:42.250075,BTC,42530.3457,42540.2867,3.892,0.961
2024-01-01T00:20:42.500036,SOL,98.1443,98.1581,2.8,0.657
2024-01-01T00:20:42.750078,SOL,98.1227,98.1488,6.515,9.378
2024-01-01T00:20:43.000867,ETH,2314.1056,2314.5874,7.616,2.241
2024-01-01T00:20:43.250303,ETH,2314.6548,2314.9028,8.238,3.593
2024-01-01T00:20:44.000897,BTC,42512.4439,42522.8829,0.487,4.98
2024-01-01T00:20:44.250075,BTC,42543.2026,42551.3153,4.714,2.166
2024-01-01T00:20:44.250075,ETH,2312.7293,2313.2266,5.509,6.158
2024-01-01T00:20:44.250075,SOL,98.1417,98.1693,0.179,1.476
2024-01-01T00:20:44.750810,SOL,98.1307,98.1445,10.03,3.239
2024-01-01T00:20:45.000959,BTC,42559.6248,42565.777,0.035,3.047
2024-01-01T00:20:45.000959,SOL,98.1547,98.1694,5.185,0.239
2024-01-01T00:20:45.250128,SOL,98.1567,98.1666,0.47,4.43
2024-01-01T00:20:45.500499,SOL,98.1367,98.1627,5.268,2.994
2024-01-01T00:20:45.750646,BTC,42572.5039,42582.6397,5.112,3.22
2024-01-01T00:20:45.750646,SOL,98.1213,98.1374,6.776,2.793
2024-01-01T00:20:46.000156,ETH,2313.1736,2313.758,2.592,0.181
2024-01-01T00:20:46.000156,SOL,98.1811,98.1909,14.956,12.495
2024-01-01T00:20:46.250389,BTC,42558.207,42564.3906,4.047,2.301
2024-01-01T00:20:46.500058,BTC,42611.9054,42623.0109,2.041,0.039
2024-01-01T00:20:46.500058,SOL,98.1338,98.1605,11.825,6.819
2024-01-01T00:20:47.000298,BTC,42642.3685,42649.4294,0.985,0.133
2024-01-01T00:20:47.250735,ETH,2313.0182,2313.5944,3.072,7.503
2024-01-01T00:20:47.250735,SOL,98.1116,98.1403,28.775,5.592
2024-01-01T00:20:47.750456,BTC,42642.5627,42647.1638,6.068,1.28
2024-01-01T00:20:47.750456,SOL,98.0879,98.1075,12.034,4.486
2024-01-01T00:20:48.000887,SOL,98.1006,98.1153,1.916,5.045
2024-01-01T00:20:48.250348,BTC,42635.9561,42642.3362,13.266,1.705
2024-01-01T00:20:48.250348,ETH,2315.5494,2315.9139,0.011,3.889
2024-01-01T00:20:48.750827,ETH,2315.6654,2316.122,5.743,0.532
2024-01-01T00:20:49.000001,ETH,2314.8952,2315.2602,1.584,0.034
2024-01-01T00:20:49.250992,ETH,2316.6849,2317.0344,2.646,3.489
2024-01-01T00:20:49.500320,BTC,42646.3339,42651.4328,3.731,1.618
2024-01-01T00:20:49.500320,ETH,2316.1616,2316.6205,0.272,12.14
2024-01-01T00:20:49.750246,ETH,2316.6986,2317.1823,1.777,0.84
2024-01-01T00:20:50.500317,SOL,98.0718,98.0957,0.204,2.222
2024-01-01T00:20:50.750196,ETH,2316.9933,2317.2623,21.911,22.501
2024-01-01T00:20:51.000735,BTC,42660.8259,42673.6133,1.222,3.358
2024-01-01T00:20:52.000545,BTC,42682.5144,42688.319,0.756,1.737
2024-01-01T00:20:52.000545,ETH,2317.206,2317.5791,27.333,1.308
2024-01-01T00:20:52.250271,SOL,98.0699,98.0839,3.339,19.464
2024-01-01T00:20:52.500012,BTC,42705.5528,42715.5142,2.3,1.652
2024-01-01T00:20:52.500012,SOL,98.0362,98.0482,6.374,0.729
2024-01-01T00:20:53.250385,ETH,2316.8387,2317.2917,6.128,8.779
2024-01-01T00:20:53.500908,BTC,42721.2332,42732.9146,11.2,4.811
2024-01-01T00:20:53.500908,ETH,2316.1208,2316.7942,3.734,2.225
2024-01-01T00:20:53.500908,SOL,98.0197,98.0325,2.068,1.209
2024-01-01T00:20:53.750772,ETH,2315.7553,2316.0906,1.168,1.103
2024-01-01T00:20:54.000622,BTC,42736.8908,42741.6821,7.135,8.495
2024-01-01T00:20:54.000622,ETH,2316.1201,2316.5599,2.354,0.142
2024-01-01T00:20:54.250685,SOL,97.9518,97.9635,6.582,1.86
2024-01-01T00:20:54.750152,BTC,42731.0448,42740.9541,10.881,20.259
2024-01-01T00:20:55.000491,BTC,42720.8305,42725.7018,2.703,18.123
2024-01-01T00:20:55.250658,BTC,42738.1041,42748.2766,5.821,0.679
2024-01-01T00:20:55.250658,ETH,2317.6954,2318.0693,5.183,7.791
2024-01-01T00:20:55.250658,SOL,97.9891,98.0091,0.238,9.651
2024-01-01T00:20:55.500721,BTC,42725.7353,42731.4604,4.488,2.234
2024-01-01T00:20:55.500721,ETH,2316.7366,2317.0754,1.827,1.825
2024-01-01T00:20:56.000085,BTC,42706.535,42718.9129,2.329,9.084
2024-01-01T00:20:56.000085,SOL,98.0236,98.0518,3.802,0.895
2024-01-01T00:20:56.500151,BTC,42693.8337,42701.2753,0.371,5.344
2024-01-01T00:20:56.500151,ETH,2316.3118,2316.8596,1.686,2.985
2024-01-01T00:20:56.750105,BTC,42703.8781,42715.2658,0.453,7.055
2024-01-01T00:20:56.750105,ETH,2314.656,2314.9745,3.578,1.73
2024-01-01T00:20:57.250125,SOL,98.0466,98.0577,2.068,20.734
2024-01-01T00:20:57.500466,ETH,2315.4472,2315.7128,2.48,17.967
2024-01-01T00:20:57.750950,BTC,42681.4928,42689.5053,7.642,2.446
2024-01-01T00:20:58.000095,BTC,42647.0624,42658.8341,0.953,5.624
2024-01-01T00:20:58.000095,SOL,98.0529,98.0667,0.52,2.6
2024-01-01T00:20:58.250083,SOL,98.0951,98.1192,3.646,8.254
2024-01-01T00:20:58.500163,BTC,42647.9812,42660.6323,3.139,4.784
2024-01-01T00:20:58.750605,ETH,2315.1057,2315.3839,4.06,3.461
2024-01-01T00:20:59.250867,ETH,2314.8459,2315.296,5.628,3.732
2024-01-01T00:20:59.500547,BTC,42649.57,42654.0324,16.809,25.26
2024-01-01T00:20:59.500547,ETH,2313.6731,2314.1433,3.157,1.776
2024-01-01T00:21:00.250523,ETH,2313.2864,2313.7046,2.649,2.346
2024-01-01T00:21:00.500324,BTC,42626.7715,42632.2332,0.493,7.611
2024-01-01T00:21:00.750627,SOL,98.1118,98.134,8.55,3.118
2024-01-01T00:21:01.000355,BTC,42662.4856,42667.9967,6.59,10.794
2024-01-01T00:21:01.000355,ETH,2312.167,2312.8303,4.762,15.606
2024-01-01T00:21:01.250844,BTC,42660.871,42665.1596,2.522,6.005
2024-01-01T00:21:01.750877,BTC,42629.2204,42635.1828,6.289,0.693
2024-01-01T00:21:01.750877,SOL,98.0814,98.1026,0.075,13.912
2024-01-01T00:21:02.000986,BTC,42603.7291,42612.0176,1.475,20.298
2024-01-01T00:21:02.250004,ETH,2312.69,2313.0417,0.656,2.918
2024-01-01T00:21:02.250004,SOL,98.0497,98.0624,1.773,2.952
2024-01-01T00:21:02.750630,ETH,2312.1164,2312.6968,2.966,0.008
2024-01-01T00:21:03.000727,BTC,42606.0086,42618.1017,7.963,0.014
2024-01-01T00:21:03.250172,ETH,2313.2034,2313.5585,1.43,0.227
2024-01-01T00:21:03.500146,BTC,42653.3525,42661.643,9.6,8.487
2024-01-01T00:21:03.500146,SOL,97.9656,97.9851,7.885,3.617
2024-01-01T00:21:03.750966,ETH,2314.2008,2314.5719,3.896,4.001
2024-01-01T00:21:03.750966,SOL,97.9751,97.9914,23.413,2.118
2024-01-01T00:21:04.250406,ETH,2314.8699,2315.3569,6.04,1.775
2024-01-01T00:21:04.250406,SOL,97.9618,97.9889,0.936,0.938
2024-01-01T00:21:04.500993,ETH,2314.6471,2315.0924,13.417,27.976
2024-01-01T00:21:05.000417,ETH,2315.3615,2315.7936,0.193,0.53
2024-01-01T00:21:05.000417,SOL,97.9764,97.9971,0.534,2.633
2024-01-01T00:21:05.750940,ETH,2314.9563,2315.4588,6.873,24.94
2024-01-01T00:21:06.500037,ETH,2314.859,2315.2544,0.381,4.899
2024-01-01T00:21:06.750715,BTC,42666.4783,42676.096,1.467,15.206
2024-01-01T00:21:07.000841,BTC,42682.5134,42691.0048,1.064,8.367
2024-01-01T00:21:07.000841,ETH,2315.7491,2316.1948,9.504,1.244
2024-01-01T00:21:07.000841,SOL,98.0334,98.0491,5.513,0.718
2024-01-01T00:21:07.500927,SOL,98.0504,98.0727,7.725,11.336
2024-01-01T00:21:07.750372,SOL,97.9801,97.9927,12.652,2.436
2024-01-01T00:21:08.750803,ETH,2315.8109,2316.1194,7.542,0.88
2024-01-01T00:21:09.000204,ETH,2317.2389,2317.5324,1.828,0.5
2024-01-01T00:21:09.250102,ETH,2317.167,2317.5683,7.211,2.557
2024-01-01T00:21:09.500361,BTC,42656.9974,42661.5736,3.07,3.871
2024-01-01T00:21:09.500361,ETH,2317.5363,2318.0198,3.445,0.183
2024-01-01T00:21:09.500361,SOL,97.9178,97.9471,1.59,16.396
2024-01-01T00:21:09.750038,BTC,42618.2374,42628.4538,11.038,0.963
2024-01-01T00:21:09.750038,SOL,98.0387,98.0504,7.853,5.989
2024-01-01T00:21:10.250400,BTC,42599.1099,42611.1184,1.221,8.307
2024-01-01T00:21:10.500154,ETH,2318.1244,2318.8085,5.944,4.869
2024-01-01T00:21:10.500154,SOL,98.0528,98.064,2.71,0.38
2024-01-01T00:21:10.750558,BTC,42630.7447,42642.3383,11.39,2.625
2024-01-01T00:21:10.750558,ETH,2319.0407,2319.3262,3.402,3.252
2024-01-01T00:21:11.250949,ETH,2319.8837,2320.566,11.392,1.021
2024-01-01T00:21:11.500713,ETH,2318.8332,2319.1584,5.929,2.367
2024-01-01T00:21:11.500713,SOL,97.9696,97.9844,7.2,0.011
2024-01-01T00:21:12.750335,BTC,42608.0131,42618.5637,3.529,4.089
2024-01-01T00:21:12.750335,SOL,98.0135,98.0299,3.682,4.705
2024-01-01T00:21:13.250256,ETH,2321.8229,2322.5095,1.427,2.776
2024-01-01T00:21:13.250256,SOL,98.0678,98.0921,6.904,5.853
2024-01-01T00:21:13.500209,ETH,2321.3147,2321.5575,5.522,1.002
2024-01-01T00:21:13.750844,SOL,98.0444,98.0704,7.397,12.085
2024-01-01T00:21:14.000523,BTC,42613.1917,42620.4469,2.695,6.796
2024-01-01T00:21:14.000523,SOL,98.0305,98.0493,12.288,2.427
2024-01-01T00:21:14.250210,BTC,42600.964,42609.4813,18.573,0.863
2024-01-01T00:21:14.500237,SOL,97.989,98.0031,8.824,13.775
2024-01-01T00:21:14.750027,SOL,97.9565,97.9784,4.576,4.401
2024-01-01T00:21:15.000715,SOL,97.916,97.9397,0.075,1.067
2024-01-01T00:21:15.750931,BTC,42620.4048,42631.7793,11.179,3.087
2024-01-01T00:21:15.750931,SOL,97.8807,97.902,0.586,6.429
2024-01-01T00:21:16.000317,SOL,97.8384,97.8626,0.618,1.477
2024-01-01T00:21:16.250001,ETH,2320.4526,2320.9037,0.773,3.587
2024-01-01T00:21:16.500704,BTC,42611.8153,42622.3274,15.264,18.038
2024-01-01T00:21:16.500704,SOL,97.8586,97.8865,4.167,0.616
2024-01-01T00:21:16.750924,BTC,42630.0975,42642.1463,12.135,8.325
2024-01-01T00:21:17.000127,SOL,97.8417,97.865,2.253,2.364
2024-01-01T00:21:17.750676,BTC,42633.8724,42643.4444,9.74,11.525
2024-01-01T00:21:18.000374,ETH,2320.9258,2321.1873,12.795,22.008
2024-01-01T00:21:18.250794,ETH,2320.1077,2320.412,2.889,7.725
2024-01-01T00:21:18.500290,SOL,97.8601,97.8841,3.486,11.761
2024-01-01T00:21:18.750860,ETH,2319.3188,2319.8293,5.348,10.617
2024-01-01T00:21:19.250211,BTC,42621.0558,42630.5053,9.813,2.184
2024-01-01T00:21:19.500905,SOL,97.8337,97.8503,2.751,9.399
2024-01-01T00:21:19.750815,SOL,97.8164,97.8339,15.593,3.634
2024-01-01T00:21:20.000055,BTC,42611.7602,42621.3614,3.035,0.62
2024-01-01T00:21:20.250990,SOL,97.8339,97.8529,6.618,2.954
2024-01-01T00:21:20.750823,ETH,2320.3489,2320.854,5.566,5.897
2024-01-01T00:21:20.750823,SOL,97.8983,97.9199,0.255,1.555
2024-01-01T00:21:21.000264,BTC,42568.245,42580.7216,3.2,26.068
2024-01-01T00:21:21.000264,SOL,97.8805,97.9069,1.992,2.035
2024-01-01T00:21:21.500116,SOL,97.8941,97.9108,0.59,7.314
2024-01-01T00:21:21.750331,ETH,2320.4836,2321.0664,10.074,1.525
2024-01-01T00:21:21.750331,SOL,97.8687,97.8945,4.159,0.148
2024-01-01T00:21:22.500061,SOL,97.9006,97.9233,6.458,0.208
2024-01-01T00:21:22.750279,BTC,42545.292,42553.9394,4.164,7.027
2024-01-01T00:21:22.750279,ETH,2318.9999,2319.6327,2.839,2.161
2024-01-01T00:21:22.750279,SOL,97.9223,97.9378,6.179,0.345
2024-01-01T00:21:23.000080,BTC,42509.4012,42514.8285,6.584,4.177
2024-01-01T00:21:23.000080,SOL,97.8865,97.9149,0.959,1.371
2024-01-01T00:21:23.250986,SOL,97.9744,98.0032,24.977,1.562
2024-01-01T00:21:23.500522,ETH,2319.4155,2319.9292,1.212,0.42
2024-01-01T00:21:23.750338,SOL,97.9745,97.997,18.732,1.472
2024-01-01T00:21:24.000474,ETH,2321.0319,2321.6622,3.488,1.441
2024-01-01T00:21:24.000474,SOL,98.003,98.0174,3.273,10.41
2024-01-01T00:21:24.250395,ETH,2319.4124,2320.1078,13.332,4.061
2024-01-01T00:21:24.250395,SOL,97.9591,97.9703,3.574,7.688
2024-01-01T00:21:24.750283,ETH,2320.1383,2320.7774,7.451,9.26
2024-01-01T00:21:25.000996,SOL,97.9607,97.9758,6.481,5.684
2024-01-01T00:21:25.500899,ETH,2320.032,2320.7281,3.906,3.681
2024-01-01T00:21:25.750762,SOL,97.9193,97.9477,7.78,16.707
2024-01-01T00:21:26.000080,ETH,2320.1608,2320.5261,4.088,6.405
2024-01-01T00:21:26.500242,ETH,2321.3862,2321.9982,1.921,8.321
2024-01-01T00:21:27.000069,ETH,2322.5186,2322.7602,1.538,8.577
2024-01-01T00:21:28.000257,BTC,42511.0444,42519.2794,4.497,30.852
2024-01-01T00:21:28.000257,ETH,2323.3116,2323.9344,10.951,4.428
2024-01-01T00:21:28.250803,BTC,42490.6998,42503.0482,7.94,9.136
2024-01-01T00:21:28.250803,ETH,2323.0911,2323.5352,18.613,0.616
2024-01-01T00:21:28.750489,BTC,42505.1561,42509.9062,8.252,0.932
2024-01-01T00:21:29.250894,BTC,42523.9232,42529.4139,4.884,5.562
2024-01-01T00:21:29.250894,ETH,2322.9146,2323.2851,0.499,4.644
2024-01-01T00:21:29.250894,SOL,97.834,97.8573,7.547,2.692
2024-01-01T00:21:29.500766,BTC,42520.5028,42524.966,7.467,5.776
2024-01-01T00:21:29.500766,SOL,97.8536,97.8817,0.481,6.451
2024-01-01T00:21:29.750769,SOL,97.8703,97.8804,18.745,10.715
2024-01-01T00:21:30.000128,BTC,42535.4525,42546.0753,0.2,8.137
2024-01-01T00:21:30.000128,ETH,2324.0632,2324.3077,8.91,7.288
2024-01-01T00:21:30.500153,ETH,2322.7205,2323.3995,4.122,5.896
2024-01-01T00:21:30.500153,SOL,97.8245,97.8495,12.47,13.347
2024-01-01T00:21:30.750634,BTC,42550.7947,42562.377,5.961,7.724
2024-01-01T00:21:30.750634,ETH,2322.7074,2323.1855,7.771,1.948
2024-01-01T00:21:30.750634,SOL,97.8387,97.8542,2.462,0.35
2024-01-01T00:21:31.000806,ETH,2321.2277,2321.9033,1.929,2.603
2024-01-01T00:21:31.500027,ETH,2321.8331,2322.3683,1.891,1.503
2024-01-01T00:21:32.750003,BTC,42544.1368,42555.5345,0.178,17.35
2024-01-01T00:21:33.000811,ETH,2322.1276,2322.4288,5.957,2.819
2024-01-01T00:21:33.250115,BTC,42554.1693,42559.0354,3.266,2.256
2024-01-01T00:21:33.500067,BTC,42551.989,42562.6955,5.394,6.306
2024-01-01T00:21:33.750133,BTC,42542.2744,42547.0969,0.421,5.284
2024-01-01T00:21:33.750133,ETH,2323.2727,2323.8791,3.952,1.159
2024-01-01T00:21:34.500658,BTC,42509.0633,42516.46,0.16,0.676
2024-01-01T00:21:34.500658,SOL,97.8128,97.8322,1.52,1.776
2024-01-01T00:21:35.000138,SOL,97.8408,97.8701,12.752,1.5
2024-01-01T00:21:35.500240,BTC,42524.2076,42530.0744,5.284,0.054
2024-01-01T00:21:35.500240,SOL,97.8953,97.9188,3.393,14.231
2024-01-01T00:21:36.250562,BTC,42533.834,42544.3058,3.54,4.394
2024-01-01T00:21:36.250562,ETH,2324.739,2325.0009,3.631,5.237
2024-01-01T00:21:36.500950,BTC,42544.0248,42548.4316,7.097,11.692
2024-01-01T00:21:36.750121,ETH,2323.2588,2323.8665,11.859,2.738
2024-01-01T00:21:36.750121,SOL,98.0143,98.0426,3.521,4.117
2024-01-01T00:21:37.250468,ETH,2323.2047,2323.5641,13.161,5.337
2024-01-01T00:21:37.500738,ETH,2324.0512,2324.621,7.584,1.028
2024-01-01T00:21:37.500738,SOL,98.0257,98.045,2.331,20.582
2024-01-01T00:21:37.750950,BTC,42544.1527,42556.0379,1.53,4.371
2024-01-01T00:21:38.000194,ETH,2324.7766,2325.3647,2.352,5.653
2024-01-01T00:21:38.000194,SOL,98.0061,98.0169,1.415,1.582
2024-01-01T00:21:38.250908,BTC,42543.8792,42552.0031,8.487,9.251
2024-01-01T00:21:38.250908,ETH,2325.5392,2325.9656,1.228,2.112
2024-01-01T00:21:38.500852,SOL,97.9806,98.0006,1.561,4.401
2024-01-01T00:21:38.750621,SOL,97.9528,97.9628,0.967,5.375
2024-01-01T00:21:39.250360,BTC,42559.6876,42570.7771,2.249,4.526
2024-01-01T00:21:39.250360,ETH,2324.8328,2325.0739,6.64,3.819
2024-01-01T00:21:39.250360,SOL,97.9151,97.9326,7.186,3.808
2024-01-01T00:21:40.000963,ETH,2323.5092,2323.9386,16.93,6.018
2024-01-01T00:21:40.250448,ETH,2324.5467,2325.0963,0.276,2.062
2024-01-01T00:21:40.250448,SOL,97.8888,97.9176,8.623,1.157
2024-01-01T00:21:40.750137,ETH,2326.0217,2326.2993,19.434,2.202
2024-01-01T00:21:40.750137,SOL,97.8752,97.8879,11.238,8.75
2024-01-01T00:21:41.000327,ETH,2327.0498,2327.3039,6.065,7.821
2024-01-01T00:21:41.750047,BTC,42594.3808,42602.9801,0.482,4.165
2024-01-01T00:21:42.000474,BTC,42570.7314,42581.3602,0.545,1.076
2024-01-01T00:21:42.250276,BTC,42600.2491,42609.5897,2.83,2.319
2024-01-01T00:21:42.500777,BTC,42621.0514,42627.2822,3.143,2.024
2024-01-01T00:21:43.000131,BTC,42619.114,42626.9903,3.595,5.755
2024-01-01T00:21:43.000131,ETH,2326.8112,2327.1182,1.239,1.406
2024-01-01T00:21:43.250962,BTC,42648.2677,42658.3169,1.442,6.032
2024-01-01T00:21:43.250962,SOL,97.8539,97.8685,4.145,10.684
2024-01-01T00:21:43.500408,BTC,42654.256,42666.1137,3.059,1.933
2024-01-01T00:21:43.500408,ETH,2327.4156,2328.0408,1.662,0.351
2024-01-01T00:21:44.250959,BTC,42654.7652,42664.4769,0.163,7.528
2024-01-01T00:21:44.250959,SOL,97.8763,97.8994,3.813,4.572
2024-01-01T00:21:44.750532,BTC,42641.5001,42645.8768,11.776,1.049
2024-01-01T00:21:44.750532,ETH,2326.8646,2327.381,7.809,0.812
2024-01-01T00:21:45.000493,BTC,42639.9854,42646.4011,1.939,5.874
2024-01-01T00:21:45.250336,BTC,42632.2399,42642.7849,9.994,8.855
2024-01-01T00:21:45.500916,SOL,97.9139,97.9341,4.223,0.808
2024-01-01T00:21:45.750226,ETH,2326.6762,2327.2384,1.069,3.499
2024-01-01T00:21:46.250846,BTC,42642.3878,42652.9493,4.24,4.669
2024-01-01T00:21:46.500476,BTC,42654.748,42660.3022,3.316,0.449
2024-01-01T00:21:46.750188,BTC,42649.3515,42657.8482,0.181,0.924
2024-01-01T00:21:47.000475,ETH,2326.5509,2327.1035,1.627,33.256
2024-01-01T00:21:47.000475,SOL,97.9084,97.9369,2.248,2.28
2024-01-01T00:21:47.250600,BTC,42657.8414,42662.1702,5.837,6.551
2024-01-01T00:21:47.250600,ETH,2324.6721,2325.3156,1.556,7.716
2024-01-01T00:21:47.250600,SOL,97.8655,97.8753,2.318,5.342
2024-01-01T00:21:47.500286,BTC,42633.3959,42639.2661,1.469,8.298
2024-01-01T00:21:47.500286,ETH,2326.1024,2326.7856,0.661,0.734
2024-01-01T00:21:47.500286,SOL,97.9024,97.9254,10.16,6.831
2024-01-01T00:21:47.750063,BTC,42637.9238,42649.6769,0.86,17.812
2024-01-01T00:21:47.750063,ETH,2326.6119,2327.1135,5.726,13.042
2024-01-01T00:21:48.000915,BTC,42660.1148,42667.0856,0.944,0.526
2024-01-01T00:21:48.250842,SOL,97.8976,97.9193,3.49,1.763
2024-01-01T00:21:48.500183,SOL,97.8883,97.9109,5.216,5.819
2024-01-01T00:21:49.000680,BTC,42665.731,42676.9538,6.878,9.113
2024-01-01T00:21:49.000680,ETH,2327.393,2327.8333,0.266,5.508
2024-01-01T00:21:49.500149,SOL,97.9147,97.9395,0.784,5.849
2024-01-01T00:21:49.750209,SOL,97.9161,97.9333,2.655,6.556
2024-01-01T00:21:50.250318,ETH,2326.1667,2326.4094,18.914,2.994
2024-01-01T00:21:50.250318,SOL,97.8983,97.9232,4.377,8.195
2024-01-01T00:21:50.500202,BTC,42658.5951,42667.6068,10.073,3.562
2024-01-01T00:21:50.750845,BTC,42640.6619,42651.9139,0.76,6.047
2024-01-01T00:21:50.750845,ETH,2324.4155,2324.7137,6.937,2.798
2024-01-01T00:21:51.000327,ETH,2323.6915,2324.1648,4.876,0.09
2024-01-01T00:21:51.500098,ETH,2324.6884,2325.107,3.6,1.882
2024-01-01T00:21:51.500098,SOL,97.9285,97.9489,8.523,0.106
2024-01-01T00:21:51.750427,SOL,97.9265,97.9503,12.018,14.28
2024-01-01T00:21:52.000704,BTC,42631.948,42639.0939,3.707,20.136
2024-01-01T00:21:52.000704,ETH,2323.9225,2324.4046,2.217,2.204
2024-01-01T00:21:52.500896,BTC,42623.9053,42633.8306,10.082,6.097
2024-01-01T00:21:53.000291,SOL,97.8723,97.8922,0.758,5.048
2024-01-01T00:21:53.250512,ETH,2321.6407,2322.291,4.577,12.251
2024-01-01T00:21:53.250512,SOL,97.9125,97.9277,9.76,8.674
2024-01-01T00:21:54.000737,ETH,2321.8799,2322.5347,4.471,10.417
2024-01-01T00:21:54.000737,SOL,97.9312,97.943,0.436,19.181
2024-01-01T00:21:54.250848,ETH,2320.803,2321.0353,13.656,1.751
2024-01-01T00:21:54.250848,SOL,97.872,97.888,9.584,0.207
2024-01-01T00:21:54.500841,BTC,42590.1782,42597.5483,20.502,1.999
2024-01-01T00:21:54.500841,ETH,2321.2912,2321.566,13.42,18.589
2024-01-01T00:21:54.750977,ETH,2320.5735,2321.1824,2.299,3.218
2024-01-01T00:21:55.500117,SOL,97.8176,97.8447,1.015,11.107
2024-01-01T00:21:55.750951,BTC,42584.8964,42594.2712,0.945,11.959
2024-01-01T00:21:55.750951,ETH,2321.2229,2321.6857,7.348,2.935
2024-01-01T00:21:55.750951,SOL,97.8215,97.8361,6.725,0.287
2024-01-01T00:21:56.000435,ETH,2320.6305,2320.9622,6.862,2.038
2024-01-01T00:21:57.000379,ETH,2320.5469,2321.1744,10.456,1.133
2024-01-01T00:21:57.000379,SOL,97.8102,97.8305,2.82,0.984
2024-01-01T00:21:57.250937,ETH,2320.6757,2321.3478,19.531,2.713
2024-01-01T00:21:57.750423,ETH,2321.7422,2322.0945,5.992,2.649
2024-01-01T00:21:58.000643,BTC,42585.6053,42591.2082,0.583,6.248
2024-01-01T00:21:58.000643,ETH,2323.7406,2324.064,9.868,4.363
2024-01-01T00:21:58.250178,BTC,42580.4472,42588.5843,1.58,6.326
2024-01-01T00:21:58.250178,ETH,2326.2868,2326.8916,5.057,0.131
2024-01-01T00:21:58.500489,SOL,97.8406,97.8585,3.301,2.079
2024-01-01T00:21:59.250619,ETH,2327.0825,2327.3351,1.08,14.394
2024-01-01T00:21:59.750651,ETH,2327.6497,2328.0148,2.15,4.26
2024-01-01T00:22:00.500259,ETH,2327.5522,2328.1403,1.397,3.079
2024-01-01T00:22:00.750145,ETH,2327.3059,2327.6611,1.565,7.743
2024-01-01T00:22:01.000023,BTC,42612.6041,42623.1273,11.866,1.13
2024-01-01T00:22:01.000023,ETH,2325.9452,2326.5036,7.881,2.946
2024-01-01T00:22:01.250655,ETH,2326.9909,2327.3906,0.744,12.421
2024-01-01T00:22:01.500445,BTC,42630.9388,42636.8801,13.018,25.472
2024-01-01T00:22:01.500445,SOL,97.8622,97.8832,5.031,2.966
2024-01-01T00:22:01.750647,ETH,2328.4345,2328.7933,0.636,9.443
2024-01-01T00:22:01.750647,SOL,97.8736,97.8976,2.597,0.661
2024-01-01T00:22:02.000834,BTC,42615.807,42626.6704,0.95,11.015
2024-01-01T00:22:02.000834,ETH,2329.208,2329.5009,0.357,5.107
2024-01-01T00:22:02.250626,SOL,97.9151,97.931,5.817,10.631
2024-01-01T00:22:02.500122,ETH,2329.1356,2329.3824,7.255,5.597
2024-01-01T00:22:02.750313,BTC,42606.3886,42617.5412,7.316,1.627
2024-01-01T00:22:03.000962,SOL,97.8907,97.9009,5.68,0.423
2024-01-01T00:22:03.250688,BTC,42610.013,42614.8668,1.053,1.294
2024-01-01T00:22:03.250688,ETH,2329.5816,2330.0493,2.91,31.974
2024-01-01T00:22:03.250688,SOL,97.869,97.8934,17.466,0.224
2024-01-01T00:22:03.500736,SOL,97.8893,97.9176,2.003,18.008
2024-01-01T00:22:03.750736,ETH,2330.2543,2330.8554,5.014,3.422
2024-01-01T00:22:04.250753,ETH,2328.4482,2329.1435,6.732,1.171
2024-01-01T00:22:04.750380,ETH,2328.2994,2328.6466,5.021,3.875
2024-01-01T00:22:04.750380,SOL,97.9167,97.9284,4.354,1.329
2024-01-01T00:22:06.000977,ETH,2327.0682,2327.4125,19.647,6.936
2024-01-01T00:22:06.250898,ETH,2327.241,2327.5655,6.953,7.622
2024-01-01T00:22:06.500375,BTC,42618.3246,42626.3693,12.33,0.414
2024-01-01T00:22:06.500375,SOL,97.8927,97.9184,13.556,2.935
2024-01-01T00:22:06.750567,BTC,42597.9042,42604.8059,2.139,0.703
2024-01-01T00:22:07.250784,SOL,97.84,97.8681,9.341,2.424
2024-01-01T00:22:07.500064,BTC,42577.1154,42587.1276,7.197,16.74
2024-01-01T00:22:07.500064,SOL,97.7688,97.7963,9.286,2.748
2024-01-01T00:22:07.750032,BTC,42581.0249,42591.539,5.082,3.395
2024-01-01T00:22:07.750032,ETH,2325.2155,2325.5562,3.275,2.419
2024-01-01T00:22:08.000797,BTC,42613.6781,42618.8876,5.64,0.91
2024-01-01T00:22:08.000797,SOL,97.7344,97.7561,15.69,9.748
2024-01-01T00:22:08.750112,BTC,42611.3049,42616.9675,1.28,4.671
2024-01-01T00:22:08.750112,ETH,2325.0788,2325.5396,16.129,0.69
2024-01-01T00:22:09.250762,ETH,2324.7204,2325.2643,24.099,2.913
2024-01-01T00:22:09.500536,BTC,42614.9382,42625.9692,0.768,6.654
2024-01-01T00:22:09.500536,SOL,97.6841,97.705,4.088,5.796
2024-01-01T00:22:09.750788,ETH,2324.7051,2324.9983,5.124,8.603
2024-01-01T00:22:10.250661,BTC,42639.4728,42648.0789,1.892,13.438
2024-01-01T00:22:10.500945,SOL,97.6129,97.6315,1.291,3.677
2024-01-01T00:22:10.750529,BTC,42704.0004,42710.0864,4.479,0.697
2024-01-01T00:22:10.750529,ETH,2323.865,2324.498,7.944,6.79
2024-01-01T00:22:10.750529,SOL,97.6438,97.6664,9.144,3.675
2024-01-01T00:22:11.000306,BTC,42660.9584,42670.0208,16.336,7.304
2024-01-01T00:22:11.250595,BTC,42668.5611,42676.8952,5.514,2.793
2024-01-01T00:22:11.500967,ETH,2323.726,2324.4054,0.802,10.833
2024-01-01T00:22:11.500967,SOL,97.6067,97.6358,2.782,6.989
2024-01-01T00:22:11.750067,SOL,97.5963,97.6117,3.091,8.047
2024-01-01T00:22:12.000975,BTC,42673.5554,42681.3966,2.156,2.287
2024-01-01T00:22:12.250450,BTC,42671.5583,42682.8693,4.173,12.321
2024-01-01T00:22:12.500361,BTC,42651.0783,42661.5415,20.473,7.463
2024-01-01T00:22:12.500361,ETH,2323.847,2324.1751,0.488,0.543
2024-01-01T00:22:12.500361,SOL,97.5581,97.5787,9.611,5.962
2024-01-01T00:22:12.750109,SOL,97.4868,97.5075,8.09,12.387
2024-01-01T00:22:13.000090,ETH,2323.1687,2323.5106,1.149,3.653
2024-01-01T00:22:13.250898,BTC,42640.5089,42645.6785,15.275,8.816
2024-01-01T00:22:14.000948,ETH,2323.4702,2324.1025,5.017,0.952
2024-01-01T00:22:14.250664,ETH,2323.7226,2324.3582,1.608,0.021
2024-01-01T00:22:14.500925,ETH,2323.1174,2323.6229,11.254,2.453
2024-01-01T00:22:14.500925,SOL,97.4559,97.4826,1.448,3.561
2024-01-01T00:22:14.750234,BTC,42631.075,42643.8629,26.128,0.58
2024-01-01T00:22:14.750234,ETH,2322.0664,2322.5718,5.817,3.918
2024-01-01T00:22:15.250537,SOL,97.4446,97.4645,3.815,6.433
2024-01-01T00:22:15.500123,SOL,97.4286,97.4532,4.822,6.08
2024-01-01T00:22:15.750327,BTC,42639.1683,42647.4605,2.33,1.92
2024-01-01T00:22:15.750327,ETH,2320.0958,2320.7578,5.843,3.33
2024-01-01T00:22:15.750327,SOL,97.5191,97.537,8.981,0.207
2024-01-01T00:22:16.000815,ETH,2319.9085,2320.4254,0.624,5.611
2024-01-01T00:22:17.000461,BTC,42630.7022,42639.0271,15.029,0.892
2024-01-01T00:22:17.000461,SOL,97.5636,97.5861,5.069,1.386
2024-01-01T00:22:17.250946,ETH,2320.163,2320.7959,6.822,0.262
2024-01-01T00:22:17.500589,SOL,97.5303,97.5486,1.505,0.399
2024-01-01T00:22:17.750505,BTC,42601.5839,42610.5885,0.698,9.059
2024-01-01T00:22:18.000614,ETH,2319.4562,2319.9129,1.677,0.13
2024-01-01T00:22:18.250279,ETH,2320.2736,2320.8694,0.879,19.036
2024-01-01T00:22:18.250279,SOL,97.5118,97.5344,0.202,22.371
2024-01-01T00:22:18.750098,ETH,2319.2756,2319.6521,4.307,2.259
2024-01-01T00:22:19.250249,ETH,2318.8016,2319.2814,2.437,7.8
2024-01-01T00:22:19.250249,SOL,97.4924,97.5042,8.474,3.973
2024-01-01T00:22:20.250665,BTC,42595.4336,42602.3912,4.04,0.528
2024-01-01T00:22:20.250665,SOL,97.5239,97.5371,2.724,2.795
2024-01-01T00:22:20.500996,ETH,2318.8852,2319.4079,6.249,6.429
2024-01-01T00:22:20.750412,BTC,42596.1826,42601.9475,1.87,4.535
2024-01-01T00:22:20.750412,ETH,2317.4134,2318.0522,4.095,1.313
2024-01-01T00:22:21.250980,SOL,97.5074,97.5215,1.968,1.244
2024-01-01T00:22:21.500141,ETH,2317.7977,2318.1153,11.606,12.465
2024-01-01T00:22:21.750955,ETH,2318.5196,2319.0977,7.09,7.842
2024-01-01T00:22:22.000097,BTC,42614.837,42619.3693,8.113,1.592
2024-01-01T00:22:22.250622,ETH,2320.1947,2320.718,0.435,5.917
2024-01-01T00:22:22.500023,ETH,2320.5972,2320.9043,9.613,0.307
2024-01-01T00:22:22.750339,BTC,42594.6147,42605.7085,1.085,0.283
2024-01-01T00:22:23.000977,BTC,42591.8704,42603.8929,17.91,4.585
2024-01-01T00:22:23.000977,ETH,2320.0923,2320.7882,7.748,1.914
2024-01-01T00:22:23.000977,SOL,97.462,97.4786,1.29,17.42
2024-01-01T00:22:23.250245,BTC,42567.9447,42576.183,10.433,16.162
2024-01-01T00:22:23.250245,ETH,2319.1523,2319.7866,4.761,4.807
2024-01-01T00:22:23.250245,SOL,97.4538,97.4728,0.068,7.426
2024-01-01T00:22:23.500871,BTC,42540.848,42549.221,1.074,6.569
2024-01-01T00:22:23.500871,SOL,97.506,97.528,2.303,14.04
2024-01-01T00:22:23.750074,BTC,42546.5823,42553.9954,2.991,0.443
2024-01-01T00:22:24.500399,ETH,2317.5491,2318.0295,0.047,3.146
2024-01-01T00:22:24.750119,ETH,2315.8543,2316.4664,1.911,1.51
2024-01-01T00:22:24.750119,SOL,97.5063,97.5263,1.496,13.049
2024-01-01T00:22:25.000604,BTC,42532.1163,42539.8639,4.609,2.553
2024-01-01T00:22:25.000604,SOL,97.4585,97.4704,8.7,3.821
2024-01-01T00:22:25.250193,BTC,42517.4935,42527.7039,4.782,1.814
2024-01-01T00:22:25.500482,ETH,2314.6188,2315.2332,2.652,12.465
2024-01-01T00:22:25.500482,SOL,97.4465,97.4603,0.62,8.63
2024-01-01T00:22:26.250588,BTC,42527.4748,42532.9253,1.925,1.775
2024-01-01T00:22:26.250588,ETH,2312.4211,2312.949,9.696,14.431
2024-01-01T00:22:26.250588,SOL,97.4727,97.4962,5.493,0.019
2024-01-01T00:22:26.500886,BTC,42525.6297,42534.2795,0.133,8.148
2024-01-01T00:22:26.500886,SOL,97.4071,97.4285,1.101,5.083
2024-01-01T00:22:26.750452,ETH,2312.5081,2312.7518,41.345,8.633
2024-01-01T00:22:27.250581,ETH,2313.3299,2313.6149,4.469,2.0
2024-01-01T00:22:27.500458,BTC,42501.3744,42510.1156,6.752,1.91
2024-01-01T00:22:27.500458,ETH,2313.6457,2314.2262,6.546,6.179
2024-01-01T00:22:27.500458,SOL,97.3082,97.3246,2.377,0.266
2024-01-01T00:22:27.750101,BTC,42500.4839,42504.8248,1.483,3.617
2024-01-01T00:22:27.750101,ETH,2311.6839,2312.1638,8.759,0.427
2024-01-01T00:22:27.750101,SOL,97.2934,97.3213,0.953,3.306
2024-01-01T00:22:28.000796,SOL,97.3177,97.3364,6.547,3.522
2024-01-01T00:22:28.250804,ETH,2313.4747,2313.9218,2.757,13.917
2024-01-01T00:22:28.500596,BTC,42503.1808,42513.3513,9.539,5.377
2024-01-01T00:22:28.750524,BTC,42519.4042,42527.5564,11.844,0.303
2024-01-01T00:22:29.000419,ETH,2313.3805,2313.974,10.872,8.573
2024-01-01T00:22:29.250431,BTC,42515.2982,42527.647,2.087,0.285
2024-01-01T00:22:29.750979,BTC,42508.8648,42521.0335,1.596,1.16
2024-01-01T00:22:30.250320,ETH,2312.5285,2312.8345,0.048,16.304
2024-01-01T00:22:30.500909,BTC,42520.3867,42528.4231,0.558,0.709
2024-01-01T00:22:30.750136,BTC,42533.4874,42545.851,7.559,1.237
2024-01-01T00:22:31.250142,ETH,2312.0057,2312.4478,5.886,2.575
2024-01-01T00:22:32.000306,SOL,97.2946,97.3212,6.779,5.531
2024-01-01T00:22:32.250253,SOL,97.3332,97.362,3.727,1.384
2024-01-01T00:22:32.750180,BTC,42568.0357,42573.01,12.706,0.399
2024-01-01T00:22:32.750180,ETH,2312.1356,2312.6636,1.291,2.611
2024-01-01T00:22:33.000622,BTC,42580.4179,42588.3078,3.282,1.758
2024-01-01T00:22:33.000622,SOL,97.3723,97.4002,11.922,15.207
2024-01-01T00:22:33.250579,ETH,2312.7529,2313.1701,1.509,12.613
2024-01-01T00:22:34.250993,SOL,97.417,97.4274,1.32,16.355
2024-01-01T00:22:34.500043,SOL,97.3837,97.402,5.912,17.157
2024-01-01T00:22:34.750962,ETH,2312.0384,2312.3164,3.274,19.559
2024-01-01T00:22:34.750962,SOL,97.3539,97.3659,7.168,7.083
2024-01-01T00:22:35.000187,BTC,42578.5266,42589.8197,5.739,10.876
2024-01-01T00:22:35.250432,ETH,2311.9119,2312.4948,2.524,3.448
2024-01-01T00:22:35.500409,BTC,42588.4603,42593.1114,1.656,1.682
2024-01-01T00:22:35.500409,ETH,2312.2485,2312.5315,2.133,0.935
2024-01-01T00:22:36.000245,BTC,42584.652,42596.3934,3.415,13.047
2024-01-01T00:22:36.000245,ETH,2311.0004,2311.6514,8.674,3.488
2024-01-01T00:22:36.250981,SOL,97.3265,97.3394,11.618,4.974
2024-01-01T00:22:36.500982,BTC,42580.3583,42590.8069,9.501,1.924
2024-01-01T00:22:36.500982,ETH,2311.1689,2311.5291,11.774,1.682
2024-01-01T00:22:36.750433,BTC,42562.4822,42568.8451,1.405,1.817
2024-01-01T00:22:36.750433,SOL,97.3329,97.3452,5.372,2.005
2024-01-01T00:22:37.000955,SOL,97.3178,97.3433,3.538,10.396
2024-01-01T00:22:37.500286,BTC,42560.9627,42572.4525,4.576,19.863
2024-01-01T00:22:37.500286,SOL,97.3161,97.3264,4.832,4.442
2024-01-01T00:22:38.000449,ETH,2310.5257,2310.9184,1.571,6.645
2024-01-01T00:22:38.000449,SOL,97.2871,97.3085,5.192,12.718
2024-01-01T00:22:38.250438,ETH,2311.9033,2312.5853,1.463,1.199
2024-01-01T00:22:38.500458,SOL,97.2893,97.3181,0.397,10.012
2024-01-01T00:22:38.750337,BTC,42586.6868,42592.1816,12.469,1.454
2024-01-01T00:22:39.000453,BTC,42553.9855,42562.3169,2.245,5.187
2024-01-01T00:22:39.000453,ETH,2312.3153,2312.6529,11.664,1.322
2024-01-01T00:22:39.250380,BTC,42564.7328,42573.6812,0.601,7.452
2024-01-01T00:22:39.250380,ETH,2312.8896,2313.2414,0.406,1.326
2024-01-01T00:22:39.500135,BTC,42581.5316,42593.9995,3.883,0.962
2024-01-01T00:22:40.250821,BTC,42580.3094,42589.635,4.715,9.655
2024-01-01T00:22:40.500779,BTC,42580.0804,42592.6021,0.689,13.732
2024-01-01T00:22:40.500779,SOL,97.283,97.293,4.203,0.791
2024-01-01T00:22:40.750194,BTC,42576.0969,42587.5783,6.819,1.061
2024-01-01T00:22:40.750194,ETH,2311.5492,2312.1026,0.426,1.389
2024-01-01T00:22:40.750194,SOL,97.2539,97.2675,0.942,4.588
2024-01-01T00:22:41.250698,ETH,2311.9755,2312.6667,2.433,8.828
2024-01-01T00:22:41.500816,BTC,42585.7992,42593.5961,2.349,13.648
2024-01-01T00:22:41.500816,ETH,2311.6433,2312.1448,0.266,0.074
2024-01-01T00:22:41.500816,SOL,97.2641,97.2883,8.777,3.506
2024-01-01T00:22:42.000373,BTC,42601.6863,42610.3588,5.183,4.587
2024-01-01T00:22:42.000373,ETH,2312.1953,2312.6591,8.95,0.782
2024-01-01T00:22:42.000373,SOL,97.2496,97.2599,0.447,5.45
2024-01-01T00:22:42.250503,BTC,42622.9444,42632.5882,1.159,3.793
2024-01-01T00:22:42.250503,ETH,2312.2012,2312.4774,2.246,0.524
2024-01-01T00:22:42.500613,SOL,97.2392,97.2496,2.878,9.675
2024-01-01T00:22:43.000078,SOL,97.2106,97.2381,2.42,6.803
2024-01-01T00:22:43.250484,BTC,42637.6335,42647.818,5.16,2.124
2024-01-01T00:22:43.250484,SOL,97.1896,97.2018,7.511,12.048
2024-01-01T00:22:44.250948,ETH,2312.7488,2313.1522,1.515,1.379
2024-01-01T00:22:44.250948,SOL,97.1607,97.1865,0.539,1.19
2024-01-01T00:22:45.000280,ETH,2313.7154,2314.0074,2.705,0.396
2024-01-01T00:22:45.250144,BTC,42607.2672,42611.574,2.399,2.475
2024-01-01T00:22:45.500647,ETH,2313.677,2313.9661,3.898,1.336
2024-01-01T00:22:45.750904,BTC,42617.6267,42630.0759,0.135,6.105
2024-01-01T00:22:46.000401,SOL,97.1483,97.1741,2.76,15.233
2024-01-01T00:22:46.250437,BTC,42614.7454,42621.3967,15.7,7.987
2024-01-01T00:22:47.000420,SOL,97.1441,97.1612,1.744,8.341
2024-01-01T00:22:47.250175,BTC,42629.7741,42634.9674,3.37,2.442
2024-01-01T00:22:47.500534,BTC,42604.0461,42609.7798,6.989,14.832
2024-01-01T00:22:47.500534,SOL,97.1526,97.1636,3.391,0.319
2024-01-01T00:22:48.000826,SOL,97.1751,97.1943,4.157,0.09
2024-01-01T00:22:48.250860,ETH,2315.5643,2316.0475,0.322,4.22
2024-01-01T00:22:48.250860,SOL,97.2154,97.2283,0.655,0.659
2024-01-01T00:22:48.500072,ETH,2315.1401,2315.6232,2.827,2.989
2024-01-01T00:22:48.500072,SOL,97.2319,97.2536,5.754,0.168
2024-01-01T00:22:49.000861,BTC,42602.7276,42607.3053,0.897,5.253
2024-01-01T00:22:49.000861,ETH,2315.8899,2316.3247,8.084,3.76
2024-01-01T00:22:49.250354,BTC,42617.2611,42626.9542,1.148,2.081
2024-01-01T00:22:49.250354,ETH,2316.4574,2316.7433,1.079,1.958
2024-01-01T00:22:49.500963,SOL,97.3031,97.3318,0.289,5.08
2024-01-01T00:22:49.750481,BTC,42594.4795,42599.1085,0.475,8.993
2024-01-01T00:22:50.000393,ETH,2317.5288,2317.7907,4.329,4.263
2024-01-01T00:22:50.000393,SOL,97.2659,97.2883,2.461,2.263
2024-01-01T00:22:50.250715,SOL,97.2286,97.2562,2.948,1.817
2024-01-01T00:22:50.500634,SOL,97.1975,97.2157,0.127,2.686
2024-01-01T00:22:51.000126,BTC,42573.383,42585.2859,1.101,2.372
2024-01-01T00:22:51.000126,SOL,97.1819,97.206,2.441,1.624
2024-01-01T00:22:51.500896,BTC,42565.5418,42574.0927,4.01,1.986
2024-01-01T00:22:51.500896,ETH,2316.6996,2317.2795,4.973,5.872
2024-01-01T00:22:51.750710,ETH,2317.2795,2317.5189,6.617,3.912
2024-01-01T00:22:51.750710,SOL,97.1759,97.1862,5.955,3.786
2024-01-01T00:22:52.000151,BTC,42567.6038,42576.5439,11.137,2.88
2024-01-01T00:22:52.000151,ETH,2316.4676,2316.8812,1.997,19.49
2024-01-01T00:22:52.500431,BTC,42575.6802,42585.4327,0.035,1.857
2024-01-01T00:22:52.500431,SOL,97.1368,97.1659,2.13,0.758
2024-01-01T00:22:52.750432,SOL,97.156,97.1834,7.726,8.448
2024-01-01T00:22:53.000940,BTC,42534.2531,42540.9945,1.691,4.41
2024-01-01T00:22:53.500838,BTC,42525.7481,42535.4271,0.72,7.743
2024-01-01T00:22:53.500838,ETH,2316.887,2317.1764,0.719,17.617
2024-01-01T00:22:53.750514,ETH,2316.9227,2317.6171,15.668,5.015
2024-01-01T00:22:53.750514,SOL,97.1174,97.1312,7.433,23.387
2024-01-01T00:22:54.000261,ETH,2315.8803,2316.3486,4.889,14.422
2024-01-01T00:22:54.000261,SOL,97.0861,97.1143,0.894,0.908
2024-01-01T00:22:54.250124,ETH,2315.5839,2315.9196,0.413,10.296
2024-01-01T00:22:54.500462,ETH,2316.5153,2317.0653,7.31,5.429
2024-01-01T00:22:55.000526,BTC,42504.9148,42516.3222,0.398,0.697
2024-01-01T00:22:55.250522,BTC,42522.2443,42531.3612,0.418,16.475
2024-01-01T00:22:55.750201,BTC,42530.7154,42539.8243,8.404,0.288
2024-01-01T00:22:55.750201,ETH,2316.8559,2317.1036,10.662,1.385
2024-01-01T00:22:56.750455,BTC,42509.342,42519.3347,9.67,13.243
2024-01-01T00:22:56.750455,ETH,2317.7965,2318.3306,0.494,0.382
2024-01-01T00:22:57.250247,BTC,42525.366,42529.8307,1.748,14.524
2024-01-01T00:22:57.250247,ETH,2316.9135,2317.5477,4.903,2.563
2024-01-01T00:22:57.250247,SOL,97.072,97.089,0.185,0.254
2024-01-01T00:22:57.750684,ETH,2315.8265,2316.2816,4.185,1.059
2024-01-01T00:22:57.750684,SOL,97.1534,97.1721,18.362,18.807
2024-01-01T00:22:58.250174,BTC,42500.9997,42508.6363,1.062,4.74
2024-01-01T00:22:58.250174,ETH,2315.1305,2315.4163,2.23,5.433
2024-01-01T00:22:58.250174,SOL,97.1194,97.1326,6.5,1.597
2024-01-01T00:22:58.500442,BTC,42483.7727,42493.8348,0.51,1.054
2024-01-01T00:22:58.750059,ETH,2314.7336,2315.1853,2.231,12.159
2024-01-01T00:22:59.000255,BTC,42474.6722,42481.2614,2.479,13.188
2024-01-01T00:22:59.250048,BTC,42483.3286,42489.2482,7.567,5.729
2024-01-01T00:22:59.250048,SOL,97.0995,97.1106,0.329,3.862
2024-01-01T00:22:59.500012,SOL,97.1024,97.1201,1.717,9.095
2024-01-01T00:23:00.250326,ETH,2313.6353,2314.0393,0.705,0.514
2024-01-01T00:23:00.250326,SOL,97.0688,97.0834,3.003,0.049
2024-01-01T00:23:00.750947,SOL,97.035,97.0597,10.277,1.049
2024-01-01T00:23:01.000883,SOL,96.9824,97.0104,0.379,0.884
2024-01-01T00:23:01.250594,BTC,42478.5273,42488.0034,0.556,6.872
2024-01-01T00:23:01.250594,ETH,2315.2548,2315.7975,4.238,0.617
2024-01-01T00:23:01.500063,ETH,2315.7413,2316.3559,8.735,1.507
2024-01-01T00:23:01.500063,SOL,97.0113,97.0237,4.177,8.524
2024-01-01T00:23:01.750716,SOL,97.0533,97.0642,6.987,4.311
2024-01-01T00:23:02.000813,BTC,42458.3084,42466.4018,2.674,4.683
2024-01-01T00:23:02.750056,ETH,2316.0503,2316.6748,1.717,3.807
2024-01-01T00:23:02.750056,SOL,97.0044,97.0178,19.692,3.597
2024-01-01T00:23:03.000197,BTC,42426.3729,42431.3407,1.211,1.701
2024-01-01T00:23:03.000197,ETH,2315.6034,2316.0239,15.296,1.718
2024-01-01T00:23:03.000197,SOL,97.0255,97.0384,3.844,10.33
2024-01-01T00:23:03.250395,BTC,42413.4814,42425.1756,19.091,6.452
2024-01-01T00:23:03.250395,ETH,2315.9165,2316.2833,2.816,9.651
2024-01-01T00:23:03.500452,SOL,97.0111,97.0329,4.643,0.54
2024-01-01T00:23:03.750950,ETH,2314.7357,2315.2908,0.87,3.004
2024-01-01T00:23:04.250191,BTC,42447.6865,42455.3086,1.438,0.889
2024-01-01T00:23:05.250536,BTC,42460.6089,42466.3259,2.387,0.497
2024-01-01T00:23:06.000469,BTC,42463.2471,42474.557,16.572,4.852
2024-01-01T00:23:06.000469,ETH,2313.7896,2314.2206,3.666,6.639
2024-01-01T00:23:06.250331,BTC,42438.6103,42443.8131,0.087,0.56
2024-01-01T00:23:06.250331,SOL,97.1058,97.1158,1.577,4.82
2024-01-01T00:23:07.250576,BTC,42409.441,42418.5867,2.722,2.729
2024-01-01T00:23:07.250576,ETH,2313.8956,2314.2733,0.421,6.52
2024-01-01T00:23:08.250165,SOL,97.1666,97.183,0.735,5.621
2024-01-01T00:23:08.500245,BTC,42393.2974,42405.9985,3.06,6.02
2024-01-01T00:23:08.750492,ETH,2312.6671,2313.076,22.858,0.626
2024-01-01T00:23:09.000507,BTC,42405.9841,42412.801,0.626,19.991
2024-01-01T00:23:09.000507,SOL,97.1317,97.1417,4.043,0.302
2024-01-01T00:23:09.250346,SOL,97.0664,97.0913,2.81,19.433
2024-01-01T00:23:09.500022,BTC,42404.6079,42410.626,15.478,6.364
2024-01-01T00:23:09.750056,ETH,2311.3479,2311.788,2.046,6.915
2024-01-01T00:23:10.000714,BTC,42420.9672,42429.2066,7.861,0.22
2024-01-01T00:23:10.000714,ETH,2312.4966,2313.0706,2.66,14.218
2024-01-01T00:23:10.000714,SOL,97.1103,97.1323,3.42,1.596
2024-01-01T00:23:10.250856,ETH,2313.6827,2314.0677,17.847,1.497
2024-01-01T00:23:10.500586,BTC,42410.4189,42419.4966,1.86,9.422
2024-01-01T00:23:10.500586,ETH,2315.2543,2315.6168,1.088,2.277
2024-01-01T00:23:10.500586,SOL,97.1696,97.1957,0.258,5.116
2024-01-01T00:23:10.750155,ETH,2315.1468,2315.708,3.396,4.536
2024-01-01T00:23:11.000876,BTC,42403.3702,42415.16,7.749,23.199
2024-01-01T00:23:11.000876,ETH,2313.6688,2314.1826,14.657,2.236
2024-01-01T00:23:11.250305,SOL,97.2153,97.241,2.402,3.121
2024-01-01T00:23:11.500281,ETH,2314.2612,2314.7279,2.799,0.06
2024-01-01T00:23:11.500281,SOL,97.2048,97.222,1.759,0.329
2024-01-01T00:23:11.750053,BTC,42405.9038,42414.7239,3.541,2.62
2024-01-01T00:23:11.750053,SOL,97.1991,97.2182,1.654,3.145
2024-01-01T00:23:12.000946,BTC,42392.8747,42397.8199,1.009,6.105
2024-01-01T00:23:12.000946,SOL,97.2281,97.2405,20.064,0.635
2024-01-01T00:23:12.500800,SOL,97.2196,97.2322,3.971,7.932
2024-01-01T00:23:12.750651,BTC,42393.6662,42404.5345,10.502,9.883
2024-01-01T00:23:12.750651,SOL,97.2169,97.2458,5.874,5.553
2024-01-01T00:23:13.000319,SOL,97.1421,97.1522,14.854,4.815
2024-01-01T00:23:13.250258,ETH,2315.2886,2315.5329,6.08,0.579
2024-01-01T00:23:13.750572,BTC,42403.7693,42410.5794,4.089,2.605
2024-01-01T00:23:14.250828,ETH,2315.5641,2316.1689,3.357,8.666
2024-01-01T00:23:14.250828,SOL,97.1231,97.1515,10.575,8.035
2024-01-01T00:23:14.500033,ETH,2315.0099,2315.2846,0.222,8.993
2024-01-01T00:23:14.500033,SOL,97.1095,97.1256,7.647,6.899
2024-01-01T00:23:14.750199,ETH,2313.724,2314.3732,0.036,3.423
2024-01-01T00:23:15.250037,BTC,42398.1607,42408.204,2.964,0.489
2024-01-01T00:23:15.500700,BTC,42380.7065,42388.4718,11.213,9.402
2024-01-01T00:23:15.500700,ETH,2313.6471,2314.1146,2.343,8.849
2024-01-01T00:23:15.750563,SOL,97.1451,97.159,0.686,9.157
2024-01-01T00:23:16.000782,ETH,2314.233,2314.6331,1.426,3.558
2024-01-01T00:23:16.000782,SOL,97.1634,97.1732,14.886,1.617
2024-01-01T00:23:16.500005,ETH,2316.7824,2317.3205,0.343,3.173
2024-01-01T00:23:16.750507,BTC,42397.9989,42404.6455,22.741,2.068
2024-01-01T00:23:17.250041,BTC,42371.0246,42383.4317,5.217,1.841
2024-01-01T00:23:17.250041,ETH,2316.5055,2317.0271,1.673,2.349
2024-01-01T00:23:17.500345,BTC,42345.0596,42357.2502,3.539,6.394
2024-01-01T00:23:17.750690,BTC,42323.1881,42327.9609,2.262,2.201
2024-01-01T00:23:17.750690,ETH,2314.7882,2315.2195,9.226,1.188
2024-01-01T00:23:18.250144,BTC,42343.8545,42354.5476,21.639,1.415
2024-01-01T00:23:18.250144,ETH,2313.5367,2314.1807,0.843,9.879
2024-01-01T00:23:18.500961,ETH,2313.0863,2313.3482,2.094,0.539
2024-01-01T00:23:19.000481,BTC,42334.5586,42339.6405,0.492,7.989
2024-01-01T00:23:19.250439,BTC,42321.5392,42330.8092,0.529,1.276
2024-01-01T00:23:19.500255,ETH,2310.6601,2310.9543,2.669,3.549
2024-01-01T00:23:19.750112,BTC,42354.8325,42365.6418,33.115,1.783
2024-01-01T00:23:19.750112,ETH,2311.2052,2311.8251,0.292,0.743
2024-01-01T00:23:19.750112,SOL,97.1454,97.1601,1.446,0.843
2024-01-01T00:23:20.250281,BTC,42376.4869,42383.9872,4.685,5.537
2024-01-01T00:23:20.500330,BTC,42393.2573,42398.4755,0.905,4.245
2024-01-01T00:23:20.500330,SOL,97.1405,97.1635,7.266,6.967
2024-01-01T00:23:20.750570,SOL,97.1486,97.1674,0.396,2.291
2024-01-01T00:23:21.000907,SOL,97.1712,97.2,5.141,18.325
2024-01-01T00:23:21.250130,BTC,42395.0498,42406.2957,1.777,17.267
2024-01-01T00:23:21.250130,SOL,97.1495,97.1762,10.565,1.254
2024-01-01T00:23:21.500213,BTC,42373.4782,42381.313,1.643,4.863
2024-01-01T00:23:21.750484,ETH,2310.3952,2310.6554,1.698,1.475
2024-01-01T00:23:21.750484,SOL,97.1039,97.1206,1.688,5.589
2024-01-01T00:23:22.000040,BTC,42377.0091,42388.8195,2.152,3.467
2024-01-01T00:23:22.250776,ETH,2312.5479,2312.9916,13.51,1.598
2024-01-01T00:23:22.250776,SOL,97.1382,97.1521,4.678,7.415
2024-01-01T00:23:22.500071,BTC,42364.4681,42369.168,3.806,1.164
2024-01-01T00:23:22.500071,SOL,97.1525,97.1795,11.834,7.662
2024-01-01T00:23:22.750463,ETH,2311.6315,2312.2282,3.04,9.16
2024-01-01T00:23:23.000834,BTC,42372.7015,42379.7008,8.223,5.292
2024-01-01T00:23:23.000834,ETH,2311.5641,2312.1899,10.386,3.954
2024-01-01T00:23:23.250298,BTC,42377.7985,42388.8922,10.566,0.295
2024-01-01T00:23:23.500974,SOL,97.0781,97.0997,1.184,1.615
2024-01-01T00:23:23.750357,BTC,42372.0291,42379.3152,13.435,4.14
2024-01-01T00:23:23.750357,ETH,2310.8039,2311.1739,4.077,2.249
2024-01-01T00:23:23.750357,SOL,97.0445,97.0621,5.412,4.829
2024-01-01T00:23:24.000425,ETH,2311.7669,2312.0579,4.607,5.262
2024-01-01T00:23:24.250136,BTC,42375.4762,42380.8607,0.19,9.596
2024-01-01T00:23:24.500149,SOL,97.049,97.06,3.608,2.035
2024-01-01T00:23:24.750842,ETH,2312.3786,2312.7929,3.264,5.918
2024-01-01T00:23:25.000895,ETH,2312.3322,2312.8251,2.595,3.227
2024-01-01T00:23:25.250453,SOL,97.0186,97.029,1.031,23.753
2024-01-01T00:23:25.750037,ETH,2312.931,2313.2325,0.759,2.299
2024-01-01T00:23:25.750037,SOL,97.0576,97.0765,3.367,13.473
2024-01-01T00:23:26.500197,BTC,42383.556,42391.5151,2.472,1.729
2024-01-01T00:23:26.750983,BTC,42369.2089,42378.5374,0.343,1.007
2024-01-01T00:23:26.750983,SOL,97.1059,97.1331,7.118,1.069
2024-01-01T00:23:27.250481,SOL,97.1226,97.1448,10.393,3.475
2024-01-01T00:23:27.500413,BTC,42365.35,42371.257,10.09,0.671
2024-01-01T00:23:27.750982,SOL,97.0662,97.094,2.888,12.117
2024-01-01T00:23:28.000604,BTC,42354.7104,42367.1665,18.819,0.337
2024-01-01T00:23:28.250705,BTC,42363.3437,42372.5411,10.851,1.611
2024-01-01T00:23:28.250705,SOL,97.0495,97.0642,8.054,3.974
2024-01-01T00:23:28.750175,ETH,2313.468,2314.0934,1.928,3.591
2024-01-01T00:23:29.000613,BTC,42375.1763,42385.4952,3.294,1.739
2024-01-01T00:23:29.500048,BTC,42338.8673,42348.8601,5.133,10.125
2024-01-01T00:23:29.750996,BTC,42352.7923,42357.4717,1.765,2.287
2024-01-01T00:23:29.750996,ETH,2314.3233,2314.9566,5.11,15.658
2024-01-01T00:23:30.000873,ETH,2314.4152,2314.9516,2.686,7.985
2024-01-01T00:23:30.750679,ETH,2315.048,2315.5966,19.382,8.743
2024-01-01T00:23:31.000412,BTC,42379.6206,42389.5878,21.007,1.726
2024-01-01T00:23:31.000412,ETH,2316.2539,2316.4924,1.662,0.875
2024-01-01T00:23:31.000412,SOL,97.0576,97.0846,3.947,0.534
2024-01-01T00:23:31.250959,ETH,2316.0818,2316.3772,0.789,6.608
2024-01-01T00:23:31.250959,SOL,97.0987,97.1177,3.459,0.582
2024-01-01T00:23:31.500818,BTC,42379.2043,42386.9617,5.27,2.067
2024-01-01T00:23:31.750418,BTC,42389.5364,42396.43,5.672,0.332
2024-01-01T00:23:31.750418,SOL,97.1413,97.1701,6.884,2.469
2024-01-01T00:23:32.000345,ETH,2314.4673,2314.9639,7.064,5.896
2024-01-01T00:23:32.000345,SOL,97.1575,97.1788,8.418,2.022
2024-01-01T00:23:32.500823,ETH,2314.724,2315.296,1.398,2.395
2024-01-01T00:23:32.750581,ETH,2315.7403,2316.0027,0.309,1.067
2024-01-01T00:23:33.000694,BTC,42410.0391,42417.4479,12.74,12.984
2024-01-01T00:23:33.000694,ETH,2315.1323,2315.3645,6.962,3.198
2024-01-01T00:23:33.250895,ETH,2314.5909,2315.2589,8.843,0.547
2024-01-01T00:23:33.750482,BTC,42386.5564,42394.7772,3.58,1.077
2024-01-01T00:23:33.750482,ETH,2315.4175,2315.8509,1.325,4.507
2024-01-01T00:23:34.000375,ETH,2314.8872,2315.5299,0.435,2.922
2024-01-01T00:23:34.250707,ETH,2315.688,2316.0408,2.489,2.442
2024-01-01T00:23:34.250707,SOL,97.1109,97.1206,4.793,6.076
2024-01-01T00:23:34.500163,ETH,2315.4515,2315.7524,0.857,8.381
2024-01-01T00:23:34.500163,SOL,97.1748,97.1873,2.994,1.162
2024-01-01T00:23:34.750629,ETH,2316.6531,2317.1746,1.675,3.243
2024-01-01T00:23:34.750629,SOL,97.08,97.1065,4.782,12.4
2024-01-01T00:23:35.000408,ETH,2315.9995,2316.259,0.544,2.453
2024-01-01T00:23:35.000408,SOL,96.9881,97.0128,3.567,5.17
2024-01-01T00:23:35.250038,ETH,2315.7122,2315.9822,0.103,13.382
2024-01-01T00:23:35.500217,BTC,42353.5804,42365.7495,3.625,6.165
2024-01-01T00:23:35.500217,ETH,2314.0399,2314.5259,4.515,0.313
2024-01-01T00:23:35.750946,BTC,42334.2269,42343.7804,0.202,16.111
2024-01-01T00:23:36.000160,BTC,42298.0478,42309.5365,0.24,1.937
2024-01-01T00:23:36.250567,ETH,2313.4777,2314.0987,0.969,0.54
2024-01-01T00:23:36.750379,BTC,42261.7403,42265.9843,4.781,0.811
2024-01-01T00:23:36.750379,ETH,2311.7326,2312.1488,0.265,16.901
2024-01-01T00:23:37.000128,BTC,42270.2388,42281.9876,3.028,0.059
2024-01-01T00:23:37.250464,BTC,42284.0597,42295.8522,2.205,2.855
2024-01-01T00:23:37.500954,SOL,97.0332,97.0498,9.155,5.798
2024-01-01T00:23:37.750249,BTC,42282.7006,42293.6804,1.63,4.933
2024-01-01T00:23:38.250292,BTC,42280.7678,42289.7202,1.443,11.607
2024-01-01T00:23:38.250292,SOL,97.0323,97.0497,3.335,14.09
2024-01-01T00:23:38.500976,BTC,42275.2348,42283.1086,8.301,8.296
2024-01-01T00:23:38.750266,BTC,42246.9256,42255.3688,5.857,0.717
2024-01-01T00:23:38.750266,ETH,2310.1945,2310.5263,3.539,7.016
2024-01-01T00:23:39.000801,BTC,42264.0361,42275.6721,4.19,8.333
2024-01-01T00:23:39.250580,SOL,96.9861,97.0029,9.796,6.514
2024-01-01T00:23:39.750201,BTC,42256.5503,42266.4273,1.305,6.84
2024-01-01T00:23:40.000707,BTC,42238.5821,42249.1247,0.351,15.41
2024-01-01T00:23:40.000707,ETH,2309.908,2310.2971,3.349,2.582
2024-01-01T00:23:40.250203,BTC,42235.8289,42243.5594,2.484,3.111
2024-01-01T00:23:41.000245,SOL,96.9991,97.0176,9.865,12.408
2024-01-01T00:23:41.500916,ETH,2309.3507,2309.8146,6.578,3.347
2024-01-01T00:23:41.750325,ETH,2308.7937,2309.0839,0.385,1.245
2024-01-01T00:23:42.000933,SOL,96.9853,97.0084,4.357,20.706
2024-01-01T00:23:42.250786,BTC,42253.6111,42264.108,15.583,5.065
2024-01-01T00:23:42.500676,BTC,42246.6671,42251.2196,14.035,1.113
2024-01-01T00:23:42.500676,ETH,2308.9469,2309.3098,1.009,8.675
2024-01-01T00:23:43.000889,BTC,42263.5209,42273.3805,9.099,16.647
2024-01-01T00:23:43.250255,ETH,2308.8195,2309.0865,10.247,9.241
2024-01-01T00:23:43.500324,BTC,42243.3053,42248.7047,1.338,9.669
2024-01-01T00:23:43.500324,SOL,96.9915,97.0094,13.662,3.154
2024-01-01T00:23:43.750064,BTC,42219.0945,42231.6281,8.986,2.072
2024-01-01T00:23:44.000192,BTC,42241.1301,42248.4505,0.98,6.947
2024-01-01T00:23:44.250484,ETH,2308.3543,2308.7061,0.117,1.994
2024-01-01T00:23:44.500225,BTC,42234.2296,42244.4587,4.863,0.584
2024-01-01T00:23:44.500225,ETH,2308.7966,2309.1896,13.863,2.603
2024-01-01T00:23:44.500225,SOL,97.0357,97.0456,2.754,6.911
2024-01-01T00:23:44.750667,BTC,42273.4687,42279.0193,1.807,8.964
2024-01-01T00:23:44.750667,ETH,2309.4648,2310.0768,1.516,3.69
2024-01-01T00:23:44.750667,SOL,96.9977,97.0265,0.249,0.392
2024-01-01T00:23:45.000141,BTC,42296.7325,42302.1535,0.274,0.111
2024-01-01T00:23:45.250148,BTC,42297.8528,42306.9012,0.872,4.657
2024-01-01T00:23:45.250148,SOL,96.9443,96.9719,0.137,3.361
2024-01-01T00:23:45.750911,ETH,2308.6854,2309.2583,0.944,4.323
2024-01-01T00:23:45.750911,SOL,96.9283,96.9429,0.083,1.54
2024-01-01T00:23:46.000639,BTC,42294.7415,42302.756,0.315,3.138
2024-01-01T00:23:46.000639,SOL,96.9604,96.9824,5.926,6.976
2024-01-01T00:23:46.250468,BTC,42302.9311,42310.7866,6.481,5.535
2024-01-01T00:23:46.750346,SOL,96.9138,96.9406,1.098,3.372
2024-01-01T00:23:47.000314,ETH,2308.4327,2308.9652,4.077,4.411
2024-01-01T00:23:47.250160,BTC,42305.0534,42316.4963,1.818,0.747
2024-01-01T00:23:47.500497,SOL,96.8767,96.8882,7.274,3.206
2024-01-01T00:23:47.750720,BTC,42290.5395,42302.8734,8.241,2.183
2024-01-01T00:23:47.750720,SOL,96.8275,96.8548,5.933,1.455
2024-01-01T00:23:48.500190,BTC,42308.3579,42316.4211,5.345,5.355
2024-01-01T00:23:49.000433,ETH,2309.6744,2309.9165,8.134,7.157
2024-01-01T00:23:49.250658,ETH,2308.9583,2309.4847,3.179,12.896
2024-01-01T00:23:49.250658,SOL,96.8243,96.8425,2.037,22.622
2024-01-01T00:23:49.500482,BTC,42319.4044,42331.6028,8.394,1.552
2024-01-01T00:23:50.000084,SOL,96.8794,96.8955,0.702,2.984
2024-01-01T00:23:50.250203,SOL,96.9151,96.9356,1.687,0.41
2024-01-01T00:23:50.500618,BTC,42297.4031,42305.6222,0.254,14.595
2024-01-01T00:23:50.750264,SOL,96.8676,96.8802,5.257,0.374
2024-01-01T00:23:51.000357,SOL,96.855,96.8747,10.221,10.635
2024-01-01T00:23:51.250087,SOL,96.858,96.8839,3.214,1.008
2024-01-01T00:23:51.500378,BTC,42293.2163,42304.9793,1.428,0.792
2024-01-01T00:23:51.500378,ETH,2310.2014,2310.7573,3.1,2.438
2024-01-01T00:23:52.000962,ETH,2309.6449,2310.0413,2.471,4.349
2024-01-01T00:23:52.250136,BTC,42291.4765,42300.6975,14.944,1.121
2024-01-01T00:23:53.500475,BTC,42269.5603,42278.1234,2.623,2.166
2024-01-01T00:23:53.500475,ETH,2309.5178,2309.842,1.515,2.656
2024-01-01T00:23:53.500475,SOL,96.8842,96.8969,12.372,2.509
2024-01-01T00:23:54.000784,BTC,42264.6139,42272.5759,6.748,6.868
2024-01-01T00:23:54.250562,ETH,2311.5038,2312.1763,9.144,15.943
2024-01-01T00:23:54.500493,SOL,96.9009,96.9222,2.146,0.445
2024-01-01T00:23:54.750960,ETH,2309.6002,2310.0036,2.103,7.93
2024-01-01T00:23:56.000536,ETH,2309.6271,2310.2744,0.384,4.359
2024-01-01T00:23:56.250427,ETH,2309.691,2310.3526,5.137,1.856
2024-01-01T00:23:56.500598,SOL,96.9175,96.9433,2.204,0.761
2024-01-01T00:23:57.000628,SOL,96.924,96.9376,1.288,0.655
2024-01-01T00:23:57.250842,SOL,96.8776,96.8998,1.415,4.313
2024-01-01T00:23:57.750628,ETH,2309.8917,2310.5395,0.373,0.005
2024-01-01T00:23:58.000348,BTC,42263.0763,42273.3743,0.053,3.218
2024-01-01T00:23:58.000348,SOL,96.837,96.8493,6.812,0.098
2024-01-01T00:23:58.250033,BTC,42309.5815,42314.8317,1.092,2.713
2024-01-01T00:23:58.250033,ETH,2311.7956,2312.1164,6.981,5.61
2024-01-01T00:23:58.500022,BTC,42307.4209,42311.9688,3.805,1.07
2024-01-01T00:23:59.000029,ETH,2310.864,2311.1728,6.58,7.364
2024-01-01T00:23:59.000029,SOL,96.7881,96.8151,1.093,4.658
2024-01-01T00:23:59.250384,BTC,42317.1339,42323.6287,4.686,0.432
2024-01-01T00:24:00.250612,ETH,2311.3616,2312.0071,21.395,5.108
2024-01-01T00:24:00.500387,SOL,96.8193,96.8353,0.618,0.487
2024-01-01T00:24:00.750947,BTC,42316.4529,42323.2614,6.754,0.854
2024-01-01T00:24:00.750947,ETH,2310.5492,2311.0273,1.944,9.12
2024-01-01T00:24:01.000021,ETH,2311.4932,2311.9313,15.329,5.457
2024-01-01T00:24:01.250016,ETH,2310.3965,2310.6947,30.824,13.296
2024-01-01T00:24:01.500995,BTC,42295.2128,42305.4369,0.315,7.955
2024-01-01T00:24:01.750742,BTC,42279.6901,42285.0895,1.079,3.369
2024-01-01T00:24:01.750742,SOL,96.8267,96.851,23.743,3.237
2024-01-01T00:24:02.000864,ETH,2310.3181,2310.6016,1.386,0.348
2024-01-01T00:24:02.250560,ETH,2312.349,2312.5876,6.222,3.872
2024-01-01T00:24:02.250560,SOL,96.8211,96.8422,1.436,0.75
2024-01-01T00:24:03.000394,SOL,96.6895,96.6994,8.691,5.143
2024-01-01T00:24:03.250747,SOL,96.6611,96.6796,1.407,9.966
2024-01-01T00:24:03.500163,BTC,42282.2691,42291.1323,1.485,30.088
2024-01-01T00:24:03.750704,ETH,2313.3147,2313.9037,5.716,4.114
2024-01-01T00:24:03.750704,SOL,96.7264,96.7435,6.215,1.272
2024-01-01T00:24:04.000698,SOL,96.7138,96.7238,1.36,1.371
2024-01-01T00:24:04.250319,BTC,42284.5715,42289.507,5.634,1.286
2024-01-01T00:24:04.250319,ETH,2313.5714,2313.9066,18.066,1.048
2024-01-01T00:24:04.500843,ETH,2313.7641,2314.2901,1.781,4.591
2024-01-01T00:24:04.500843,SOL,96.6538,96.68,0.268,0.295
2024-01-01T00:24:04.750935,ETH,2314.2632,2314.6837,6.686,2.404
2024-01-01T00:24:05.000148,BTC,42273.1227,42285.0502,9.212,3.193
2024-01-01T00:24:05.500655,BTC,42255.5024,42265.5575,6.147,21.524
2024-01-01T00:24:05.500655,SOL,96.681,96.7011,26.626,6.496
2024-01-01T00:24:05.750695,ETH,2315.3519,2315.9172,4.296,7.401
2024-01-01T00:24:05.750695,SOL,96.6323,96.6557,0.718,5.039
2024-01-01T00:24:06.500383,BTC,42262.2734,42268.1443,0.63,8.39
2024-01-01T00:24:06.750340,BTC,42258.4462,42270.6236,0.511,4.15
2024-01-01T00:24:06.750340,ETH,2314.173,2314.7498,0.929,1.584
2024-01-01T00:24:07.000466,ETH,2313.0497,2313.5464,12.776,32.209
2024-01-01T00:24:07.000466,SOL,96.6314,96.6507,0.857,4.327
2024-01-01T00:24:07.250257,ETH,2313.9926,2314.3746,4.436,4.895
2024-01-01T00:24:07.250257,SOL,96.668,96.6836,23.865,0.469
2024-01-01T00:24:07.500433,ETH,2313.2123,2313.788,7.722,0.15
2024-01-01T00:24:08.000310,BTC,42274.3927,42282.2611,1.284,6.113
2024-01-01T00:24:08.250542,BTC,42261.1951,42267.2365,1.87,24.494
2024-01-01T00:24:08.250542,ETH,2314.2134,2314.4632,5.295,7.467
2024-01-01T00:24:08.500031,BTC,42255.9094,42265.8005,4.265,3.963
2024-01-01T00:24:08.500031,SOL,96.6248,96.6458,15.472,10.648
2024-01-01T00:24:08.750337,ETH,2315.1516,2315.4143,0.627,0.821
2024-01-01T00:24:09.250432,SOL,96.6797,96.7059,12.625,3.777
2024-01-01T00:24:09.500294,BTC,42233.6601,42240.5163,0.354,3.086
2024-01-01T00:24:09.750469,SOL,96.659,96.6822,5.25,0.369
2024-01-01T00:24:10.250554,SOL,96.6394,96.6623,0.581,2.366
2024-01-01T00:24:10.500040,BTC,42200.8622,42208.4014,0.574,22.7
2024-01-01T00:24:10.500040,ETH,2314.1272,2314.3873,14.062,3.592
2024-01-01T00:24:10.500040,SOL,96.6618,96.6858,12.666,5.119
2024-01-01T00:24:10.750034,SOL,96.6456,96.6573,8.105,3.492
2024-01-01T00:24:11.000493,ETH,2314.6306,2315.1141,0.583,2.747
2024-01-01T00:24:11.250893,ETH,2315.5511,2316.1287,7.93,1.896
2024-01-01T00:24:11.750790,BTC,42200.6792,42206.4782,18.091,3.974
2024-01-01T00:24:11.750790,ETH,2317.1811,2317.7584,7.263,2.832
2024-01-01T00:24:12.000768,ETH,2317.6318,2317.8784,0.732,3.163
2024-01-01T00:24:12.250194,BTC,42181.8829,42192.3946,2.709,2.751
2024-01-01T00:24:12.500840,ETH,2317.1134,2317.5763,1.865,1.947
2024-01-01T00:24:12.750790,ETH,2316.7393,2317.1032,4.484,1.436
2024-01-01T00:24:12.750790,SOL,96.6418,96.6634,8.482,2.825
2024-01-01T00:24:13.000504,BTC,42147.0619,42159.3135,6.738,4.261
2024-01-01T00:24:13.000504,SOL,96.6048,96.622,1.529,10.468
2024-01-01T00:24:13.500389,BTC,42170.6148,42175.0754,9.471,1.418
2024-01-01T00:24:13.500389,SOL,96.6412,96.6644,1.057,5.355
2024-01-01T00:24:13.750465,BTC,42167.9511,42176.4706,1.636,8.441
2024-01-01T00:24:13.750465,ETH,2316.4882,2316.9061,0.397,19.875
2024-01-01T00:24:14.000624,BTC,42161.1923,42170.8283,0.908,6.179
2024-01-01T00:24:14.000624,ETH,2316.6729,2317.2689,9.769,0.261
2024-01-01T00:24:14.250773,ETH,2315.8664,2316.4309,4.907,8.323
2024-01-01T00:24:14.250773,SOL,96.6673,96.6895,1.323,2.48
2024-01-01T00:24:14.750163,ETH,2314.4751,2315.0569,7.521,1.403
2024-01-01T00:24:15.500167,ETH,2313.5001,2314.0457,8.542,10.115
2024-01-01T00:24:15.750784,BTC,42167.1056,42175.3559,5.71,3.178
2024-01-01T00:24:15.750784,SOL,96.703,96.7288,6.438,3.949
2024-01-01T00:24:16.000951,ETH,2313.5947,2314.2355,2.91,2.34
2024-01-01T00:24:16.000951,SOL,96.7265,96.7452,1.059,1.576
2024-01-01T00:24:16.750857,SOL,96.65,96.6732,3.058,21.54
2024-01-01T00:24:17.250288,BTC,42145.398,42153.0704,5.02,3.722
2024-01-01T00:24:17.750687,BTC,42133.5015,42140.3733,3.68,9.78
2024-01-01T00:24:17.750687,ETH,2313.1795,2313.6494,11.487,7.242
2024-01-01T00:24:17.750687,SOL,96.6726,96.691,25.578,13.448
2024-01-01T00:24:18.250929,BTC,42136.5511,42141.9445,2.832,0.468
2024-01-01T00:24:18.250929,SOL,96.6602,96.6843,0.459,13.703
2024-01-01T00:24:18.500384,BTC,42158.1006,42169.4558,9.885,6.619
2024-01-01T00:24:18.750106,ETH,2313.8126,2314.3404,4.301,1.478
2024-01-01T00:24:18.750106,SOL,96.6104,96.6262,0.547,3.792
2024-01-01T00:24:19.000979,ETH,2314.5716,2315.1037,0.483,4.983
2024-01-01T00:24:19.000979,SOL,96.5968,96.6067,13.755,0.362
2024-01-01T00:24:19.250626,BTC,42134.5122,42146.7565,3.985,8.376
2024-01-01T00:24:19.250626,ETH,2314.4181,2315.0124,0.06,4.843
2024-01-01T00:24:19.500105,ETH,2313.2779,2313.6765,1.08,5.745
2024-01-01T00:24:19.500105,SOL,96.6292,96.6472,2.552,2.741
2024-01-01T00:24:20.000648,SOL,96.6284,96.6512,6.872,2.656
2024-01-01T00:24:20.250673,ETH,2314.1837,2314.7512,4.975,6.1
2024-01-01T00:24:20.500962,BTC,42138.7472,42148.3113,6.362,6.262
2024-01-01T00:24:21.000054,SOL,96.6883,96.7054,1.019,1.768
2024-01-01T00:24:21.250545,BTC,42141.904,42154.3054,22.263,3.626
2024-01-01T00:24:21.500105,BTC,42135.2928,42144.9246,1.036,0.309
2024-01-01T00:24:21.500105,ETH,2316.0102,2316.6802,6.504,1.895
2024-01-01T00:24:21.750796,SOL,96.6538,96.6693,3.475,3.583
2024-01-01T00:24:22.750476,BTC,42145.7637,42154.13,4.017,5.353
2024-01-01T00:24:23.000389,BTC,42150.5178,42155.0437,2.496,7.182
2024-01-01T00:24:23.000389,ETH,2315.4671,2315.8959,5.67,0.459
2024-01-01T00:24:23.250531,BTC,42151.7715,42163.4401,5.592,4.321
2024-01-01T00:24:23.750803,SOL,96.6436,96.6673,2.741,3.297
2024-01-01T00:24:24.000836,ETH,2316.6493,2317.3078,3.279,4.849
2024-01-01T00:24:24.000836,SOL,96.5858,96.6137,1.351,15.419
2024-01-01T00:24:24.250838,BTC,42153.7729,42165.7813,1.066,8.742
2024-01-01T00:24:24.500114,SOL,96.5861,96.6052,1.378,6.761
2024-01-01T00:24:24.750739,ETH,2316.6144,2317.1449,2.866,32.432
2024-01-01T00:24:25.000548,BTC,42169.6915,42182.044,3.434,21.895
2024-01-01T00:24:25.000548,ETH,2316.1247,2316.5605,4.493,11.704
2024-01-01T00:24:25.000548,SOL,96.5862,96.5991,5.547,8.091
2024-01-01T00:24:25.500122,ETH,2316.2607,2316.7072,23.956,3.042
2024-01-01T00:24:25.750208,SOL,96.6048,96.6174,17.221,2.793
2024-01-01T00:24:26.000337,BTC,42166.1212,42172.9919,1.765,5.046
2024-01-01T00:24:26.250777,BTC,42144.6708,42154.1111,4.943,2.968
2024-01-01T00:24:26.250777,SOL,96.5839,96.5964,11.344,0.919
2024-01-01T00:24:26.750546,ETH,2318.7093,2319.1348,0.643,12.908
2024-01-01T00:24:26.750546,SOL,96.6202,96.6317,2.125,12.265
2024-01-01T00:24:27.250670,BTC,42138.7163,42146.4992,5.759,7.171
2024-01-01T00:24:27.250670,SOL,96.6032,96.6282,6.61,9.713
2024-01-01T00:24:27.500939,BTC,42139.2903,42149.6858,18.673,6.377
2024-01-01T00:24:27.500939,ETH,2317.026,2317.6536,2.74,6.051
2024-01-01T00:24:27.750463,BTC,42133.2758,42144.87,4.296,8.327
2024-01-01T00:24:27.750463,ETH,2316.5151,2316.7978,2.006,2.715
2024-01-01T00:24:27.750463,SOL,96.564,96.5775,3.191,5.482
2024-01-01T00:24:28.000897,BTC,42166.9722,42171.2726,5.398,2.164
2024-01-01T00:24:28.250012,SOL,96.5164,96.5329,5.451,10.59
2024-01-01T00:24:28.500201,BTC,42180.1126,42185.7999,7.638,12.796
2024-01-01T00:24:28.500201,ETH,2317.9449,2318.1801,2.01,5.359
2024-01-01T00:24:28.500201,SOL,96.5579,96.569,0.726,20.075
2024-01-01T00:24:29.000305,ETH,2317.9038,2318.4162,6.382,0.538
2024-01-01T00:24:29.500949,BTC,42172.7099,42178.9722,5.669,3.081
2024-01-01T00:24:29.750971,SOL,96.5356,96.5529,3.277,26.419
2024-01-01T00:24:30.000249,ETH,2319.5,2319.9152,8.037,6.493
2024-01-01T00:24:30.250294,SOL,96.5071,96.5324,0.919,10.935
2024-01-01T00:24:30.500250,BTC,42152.476,42163.3053,0.019,2.903
2024-01-01T00:24:31.000016,ETH,2318.0217,2318.6688,0.018,1.032
2024-01-01T00:24:31.750675,BTC,42155.0998,42166.705,0.192,0.877
2024-01-01T00:24:31.750675,SOL,96.5011,96.514,1.191,1.729
2024-01-01T00:24:32.000130,BTC,42156.9859,42167.6545,10.772,5.2
2024-01-01T00:24:32.250770,BTC,42191.0151,42196.9118,0.009,2.063
2024-01-01T00:24:32.250770,SOL,96.5586,96.5745,2.495,1.191
2024-01-01T00:24:32.500442,BTC,42192.1085,42202.2892,1.26,5.078
2024-01-01T00:24:32.500442,ETH,2317.4526,2317.8469,18.453,4.784
2024-01-01T00:24:33.000333,BTC,42192.8389,42202.6024,4.673,11.715
2024-01-01T00:24:33.000333,SOL,96.5767,96.5891,0.039,17.886
2024-01-01T00:24:34.000288,BTC,42190.9595,42199.7097,4.941,7.203
2024-01-01T00:24:34.000288,SOL,96.6272,96.6518,0.804,0.824
2024-01-01T00:24:34.250413,BTC,42192.1456,42201.0424,9.441,2.229
2024-01-01T00:24:34.500192,ETH,2316.782,2317.1838,0.209,5.495
2024-01-01T00:24:34.750168,SOL,96.6335,96.6586,2.654,3.89
2024-01-01T00:24:35.000350,SOL,96.6297,96.6543,15.658,2.029
2024-01-01T00:24:35.250373,ETH,2317.4355,2318.0433,1.3,5.383
2024-01-01T00:24:35.500287,SOL,96.6662,96.6874,12.9,12.616
2024-01-01T00:24:35.750460,BTC,42197.7239,42203.856,0.288,6.127
2024-01-01T00:24:35.750460,ETH,2317.4489,2318.016,3.36,0.024
2024-01-01T00:24:36.000157,SOL,96.6689,96.679,14.28,3.553
2024-01-01T00:24:36.500642,ETH,2315.3019,2315.9822,1.675,1.789
2024-01-01T00:24:36.500642,SOL,96.6387,96.6616,8.88,1.52
2024-01-01T00:24:36.750184,BTC,42187.0606,42196.3305,23.704,0.305
2024-01-01T00:24:36.750184,ETH,2313.0109,2313.6062,1.0,6.563
2024-01-01T00:24:36.750184,SOL,96.6488,96.6613,0.403,2.654
2024-01-01T00:24:37.000870,BTC,42171.7589,42182.7119,5.389,2.609
2024-01-01T00:24:38.250738,BTC,42188.7906,42193.9333,2.697,2.053
2024-01-01T00:24:38.250738,SOL,96.5883,96.6113,0.716,6.002
2024-01-01T00:24:39.000286,BTC,42195.8172,42201.1258,5.657,0.378
2024-01-01T00:24:39.000286,ETH,2312.9418,2313.2515,8.345,3.676
2024-01-01T00:24:39.250350,ETH,2312.8901,2313.5533,2.118,0.291
2024-01-01T00:24:39.500921,ETH,2313.7265,2313.9899,1.074,5.908
2024-01-01T00:24:39.750780,BTC,42204.7797,42213.8958,0.826,1.418
2024-01-01T00:24:40.000456,ETH,2313.5673,2314.0766,3.256,1.723
2024-01-01T00:24:40.250240,ETH,2313.6512,2314.0952,5.308,4.424
2024-01-01T00:24:40.500765,BTC,42210.7167,42220.6422,3.062,0.183
2024-01-01T00:24:40.500765,ETH,2313.6425,2313.885,0.867,3.192
2024-01-01T00:24:40.500765,SOL,96.5902,96.6006,5.577,1.701
2024-01-01T00:24:40.750921,ETH,2313.6608,2314.2595,8.45,4.813
2024-01-01T00:24:41.500662,BTC,42216.8839,42227.5186,2.355,2.448
2024-01-01T00:24:41.750837,SOL,96.571,96.6,16.487,16.69
2024-01-01T00:24:42.250120,BTC,42211.5098,42223.7497,0.483,0.762
2024-01-01T00:24:42.750858,BTC,42223.6103,42233.8597,0.091,0.204
2024-01-01T00:24:42.750858,SOL,96.5443,96.5554,3.602,6.295
2024-01-01T00:24:43.000473,ETH,2313.7268,2314.3072,3.281,2.773
2024-01-01T00:24:43.000473,SOL,96.5449,96.5732,2.416,6.753
2024-01-01T00:24:43.250044,BTC,42235.0068,42242.1675,3.352,0.195
2024-01-01T00:24:43.750664,BTC,42249.8697,42256.1687,5.41,2.103
2024-01-01T00:24:44.000392,SOL,96.5632,96.5863,12.231,0.052
2024-01-01T00:24:44.250002,BTC,42239.0812,42248.3426,6.687,7.277
2024-01-01T00:24:44.250002,ETH,2313.7142,2314.1619,9.891,2.843
2024-01-01T00:24:44.500819,BTC,42256.8962,42266.1953,0.274,4.853
2024-01-01T00:24:44.500819,ETH,2313.1597,2313.7984,4.266,11.699
2024-01-01T00:24:44.750637,BTC,42237.4346,42246.0596,5.124,5.569
2024-01-01T00:24:44.750637,ETH,2313.0251,2313.7182,5.03,0.07
2024-01-01T00:24:44.750637,SOL,96.5713,96.5855,6.489,12.611
2024-01-01T00:24:45.250333,SOL,96.5102,96.5363,4.969,3.832
2024-01-01T00:24:45.750745,SOL,96.4337,96.4598,3.591,1.466
2024-01-01T00:24:46.250342,SOL,96.4823,96.507,1.388,3.131
2024-01-01T00:24:46.750057,BTC,42227.9383,42239.5527,3.892,0.462
2024-01-01T00:24:46.750057,ETH,2313.1836,2313.7629,5.915,1.179
2024-01-01T00:24:46.750057,SOL,96.4836,96.5037,5.287,4.046
2024-01-01T00:24:47.000338,BTC,42261.8908,42273.8317,30.842,2.912
2024-01-01T00:24:47.000338,ETH,2313.9974,2314.6727,8.027,2.471
2024-01-01T00:24:47.000338,SOL,96.4471,96.4666,0.625,6.027
2024-01-01T00:24:47.750955,SOL,96.4912,96.5127,1.384,4.259
2024-01-01T00:24:48.000825,SOL,96.4809,96.5095,11.025,2.248
2024-01-01T00:24:48.250846,BTC,42249.6456,42259.3572,1.891,2.192
2024-01-01T00:24:48.750551,ETH,2314.0065,2314.4495,2.049,0.165
2024-01-01T00:24:49.250773,BTC,42243.8471,42256.3689,1.012,2.073
2024-01-01T00:24:49.500454,BTC,42259.9834,42266.4714,5.105,2.543
2024-01-01T00:24:50.500719,SOL,96.4452,96.4586,1.243,8.507
2024-01-01T00:24:50.750939,ETH,2312.174,2312.4621,1.789,3.951
2024-01-01T00:24:51.000588,BTC,42248.0233,42259.4261,1.708,4.211
2024-01-01T00:24:51.000588,ETH,2311.0278,2311.4087,3.114,18.697
2024-01-01T00:24:51.000588,SOL,96.441,96.4536,8.308,15.679
2024-01-01T00:24:51.250848,BTC,42238.1711,42249.6394,2.274,1.325
2024-01-01T00:24:51.250848,ETH,2310.3497,2310.9472,8.107,0.504
2024-01-01T00:24:51.500471,ETH,2309.8565,2310.376,6.372,1.103
2024-01-01T00:24:51.750975,ETH,2307.8347,2308.2144,3.857,0.557
2024-01-01T00:24:52.000829,BTC,42265.8902,42273.4262,15.438,2.177
2024-01-01T00:24:52.250452,SOL,96.3998,96.4256,0.226,13.839
2024-01-01T00:24:52.500341,ETH,2306.4976,2307.1795,13.198,1.111
2024-01-01T00:24:53.000429,SOL,96.3885,96.4072,4.309,7.78
2024-01-01T00:24:53.250570,BTC,42271.2935,42281.7067,1.967,3.501
2024-01-01T00:24:53.500700,BTC,42276.1838,42283.3192,2.519,14.275
2024-01-01T00:24:53.500700,ETH,2305.8884,2306.3381,1.952,0.65
2024-01-01T00:24:53.750990,ETH,2305.7496,2306.0927,4.653,10.511
2024-01-01T00:24:53.750990,SOL,96.3878,96.4035,1.65,3.882
2024-01-01T00:24:54.000056,ETH,2304.774,2305.3521,4.751,3.47
2024-01-01T00:24:54.250362,BTC,42291.4101,42297.2476,26.414,6.228
2024-01-01T00:24:54.250362,ETH,2303.9848,2304.2383,2.702,3.958
2024-01-01T00:24:54.250362,SOL,96.4014,96.4209,2.053,0.882
2024-01-01T00:24:54.500324,ETH,2305.6007,2305.9003,9.382,1.264
2024-01-01T00:24:54.500324,SOL,96.453,96.4648,3.717,0.951
2024-01-01T00:24:54.750813,SOL,96.4635,96.474,4.149,4.964
2024-01-01T00:24:55.000840,BTC,42280.7705,42290.6273,2.616,5.149
2024-01-01T00:24:55.000840,SOL,96.5252,96.5413,0.959,2.2
2024-01-01T00:24:55.500365,SOL,96.5192,96.535,9.306,0.252
2024-01-01T00:24:55.750736,SOL,96.5131,96.5354,3.484,2.448
2024-01-01T00:24:56.250791,ETH,2304.5944,2304.8954,0.164,1.051
2024-01-01T00:24:56.750161,ETH,2305.0397,2305.6302,11.669,0.146
2024-01-01T00:24:56.750161,SOL,96.3911,96.4106,0.513,1.904
2024-01-01T00:24:57.500162,BTC,42298.757,42302.9977,1.066,25.472
2024-01-01T00:24:57.500162,ETH,2305.0323,2305.402,1.033,1.385
2024-01-01T00:24:57.750034,BTC,42299.6413,42304.7224,4.437,6.339
2024-01-01T00:24:58.000011,ETH,2304.2149,2304.7468,1.232,1.324
2024-01-01T00:24:58.250364,SOL,96.3534,96.3644,9.086,7.177
2024-01-01T00:24:58.750414,BTC,42305.9963,42313.414,0.404,0.291
2024-01-01T00:24:59.750479,ETH,2304.3212,2304.7764,5.198,7.761
2024-01-01T00:24:59.750479,SOL,96.3136,96.3354,2.878,2.527
2024-01-01T00:25:00.250353,ETH,2304.2342,2304.9014,9.3,10.642
2024-01-01T00:25:00.250353,SOL,96.369,96.3822,14.047,0.388
2024-01-01T00:25:00.750683,BTC,42301.1893,42309.2056,1.049,0.908
2024-01-01T00:25:01.000202,BTC,42297.9809,42305.3552,3.449,0.285
2024-01-01T00:25:01.000202,SOL,96.4556,96.4694,5.02,4.278
2024-01-01T00:25:01.250833,BTC,42292.9682,42302.1621,2.997,4.254
2024-01-01T00:25:01.250833,SOL,96.4715,96.4938,13.276,4.57
2024-01-01T00:25:01.750149,BTC,42285.3658,42290.4306,4.026,7.543
2024-01-01T00:25:01.750149,ETH,2301.4997,2302.1488,3.897,10.208
2024-01-01T00:25:02.500095,BTC,42267.5898,42279.8426,0.784,7.449
2024-01-01T00:25:02.500095,ETH,2301.3432,2301.9621,6.543,4.119
2024-01-01T00:25:02.750785,BTC,42255.8844,42261.4819,12.917,1.459
2024-01-01T00:25:03.250152,ETH,2300.8593,2301.3711,8.84,0.273
2024-01-01T00:25:03.250152,SOL,96.4923,96.5035,11.523,14.558
2024-01-01T00:25:03.500307,BTC,42259.9324,42270.172,3.43,5.333
2024-01-01T00:25:03.750120,ETH,2302.8371,2303.3277,3.299,14.894
2024-01-01T00:25:04.250672,SOL,96.514,96.5314,23.604,0.261
2024-01-01T00:25:04.750646,ETH,2301.7231,2302.2909,6.866,3.578
2024-01-01T00:25:05.000572,ETH,2303.518,2303.8277,2.002,0.977
2024-01-01T00:25:05.250963,ETH,2304.3646,2304.6374,3.138,3.873
2024-01-01T00:25:05.250963,SOL,96.5821,96.5933,2.389,3.87
2024-01-01T00:25:05.500867,ETH,2305.6311,2306.0538,5.827,3.382
2024-01-01T00:25:05.500867,SOL,96.5651,96.5819,17.678,3.515
2024-01-01T00:25:06.250357,BTC,42261.7307,42273.7417,9.593,1.984
2024-01-01T00:25:06.250357,SOL,96.5863,96.6081,0.052,3.977
2024-01-01T00:25:06.750821,BTC,42266.9326,42272.2208,2.343,4.98
2024-01-01T00:25:06.750821,SOL,96.5542,96.5657,10.024,5.632
2024-01-01T00:25:07.000445,ETH,2304.9849,2305.5742,19.785,7.548
2024-01-01T00:25:07.250245,BTC,42236.8562,42245.4446,1.464,2.339
2024-01-01T00:25:07.500400,BTC,42226.6438,42234.187,17.468,3.693
2024-01-01T00:25:07.500400,ETH,2307.4455,2307.8773,1.075,4.688
2024-01-01T00:25:07.500400,SOL,96.5312,96.5471,7.234,9.625
2024-01-01T00:25:08.250519,SOL,96.4888,96.5127,1.574,3.009
2024-01-01T00:25:08.500480,SOL,96.5584,96.5694,0.002,0.123
2024-01-01T00:25:08.750291,ETH,2307.2067,2307.6669,3.903,15.452
2024-01-01T00:25:08.750291,SOL,96.6014,96.6197,2.105,1.578
2024-01-01T00:25:09.000933,BTC,42224.1227,42230.8151,0.901,0.176
2024-01-01T00:25:09.000933,ETH,2307.2548,2307.5634,5.803,5.316
2024-01-01T00:25:09.250326,BTC,42216.8598,42227.2626,12.352,5.258
2024-01-01T00:25:09.250326,SOL,96.5972,96.6246,3.203,4.212
2024-01-01T00:25:10.250347,SOL,96.622,96.6365,1.016,2.399
2024-01-01T00:25:10.500056,BTC,42215.3417,42224.5377,7.624,0.91
2024-01-01T00:25:10.500056,ETH,2306.6502,2307.028,7.653,11.158
2024-01-01T00:25:10.500056,SOL,96.646,96.6699,2.879,2.001
2024-01-01T00:25:10.750049,BTC,42213.5527,42221.8933,3.082,1.467
2024-01-01T00:25:11.000391,BTC,42226.7248,42232.2314,7.909,17.208
2024-01-01T00:25:11.000391,ETH,2305.4589,2306.0997,2.399,1.922
2024-01-01T00:25:11.000391,SOL,96.7137,96.7363,2.928,1.604
2024-01-01T00:25:11.500136,ETH,2307.0815,2307.6927,1.318,14.217
2024-01-01T00:25:11.750246,BTC,42246.5241,42254.7259,1.38,2.082
2024-01-01T00:25:12.000962,SOL,96.6886,96.709,4.7,1.34
2024-01-01T00:25:12.250406,ETH,2307.6079,2307.9086,7.563,2.063
2024-01-01T00:25:12.250406,SOL,96.7029,96.7185,0.629,2.149
2024-01-01T00:25:12.500315,SOL,96.6906,96.7009,2.484,4.714
2024-01-01T00:25:12.750255,SOL,96.7104,96.7349,1.208,7.317
2024-01-01T00:25:13.000185,ETH,2307.2434,2307.5847,4.099,2.815
2024-01-01T00:25:13.250570,BTC,42249.2722,42255.5561,0.313,0.891
2024-01-01T00:25:13.750009,ETH,2307.8592,2308.3434,10.126,0.363
2024-01-01T00:25:14.000860,BTC,42245.2827,42257.0691,10.491,2.657
2024-01-01T00:25:14.000860,ETH,2310.2489,2310.8964,0.414,1.128
2024-01-01T00:25:14.250999,ETH,2310.9027,2311.5124,2.629,0.632
2024-01-01T00:25:14.750994,BTC,42243.5715,42253.8447,1.24,8.405
2024-01-01T00:25:14.750994,SOL,96.7353,96.7492,5.023,0.92
2024-01-01T00:25:15.250970,SOL,96.7873,96.8108,6.668,3.005
2024-01-01T00:25:15.500468,SOL,96.8099,96.8285,21.423,27.515
2024-01-01T00:25:15.750665,SOL,96.7884,96.8096,5.445,8.306
2024-01-01T00:25:16.000134,BTC,42269.496,42281.2859,0.892,0.319
2024-01-01T00:25:16.250815,ETH,2312.0543,2312.3775,15.164,21.952
2024-01-01T00:25:16.250815,SOL,96.812,96.8279,5.599,7.287
2024-01-01T00:25:16.500621,BTC,42269.3183,42281.2354,0.524,2.537
2024-01-01T00:25:16.750107,ETH,2311.4686,2312.063,8.494,2.653
2024-01-01T00:25:17.000771,ETH,2310.3902,2310.8231,0.188,1.403
2024-01-01T00:25:17.250623,ETH,2310.1961,2310.6008,8.372,1.464
2024-01-01T00:25:17.750997,BTC,42239.2615,42249.7547,12.017,2.437
2024-01-01T00:25:17.750997,ETH,2308.7939,2309.1303,1.256,2.064
2024-01-01T00:25:18.000265,SOL,96.8298,96.8513,2.566,1.624
2024-01-01T00:25:18.500585,BTC,42254.4934,42261.4054,16.405,2.933
2024-01-01T00:25:18.750258,ETH,2308.6439,2309.2834,0.902,15.559
2024-01-01T00:25:19.250503,BTC,42247.8427,42258.351,12.329,1.88
2024-01-01T00:25:19.250503,SOL,96.7845,96.8026,1.495,1.508
2024-01-01T00:25:19.500031,BTC,42265.955,42277.1253,4.797,1.234
2024-01-01T00:25:19.500031,ETH,2309.0966,2309.4033,16.187,3.538
2024-01-01T00:25:19.500031,SOL,96.787,96.802,1.787,2.42
2024-01-01T00:25:19.750607,ETH,2308.4063,2308.6617,6.92,7.421
2024-01-01T00:25:20.250051,BTC,42275.382,42280.7691,3.5,14.064
2024-01-01T00:25:20.500339,BTC,42279.5599,42286.4105,5.178,0.94
2024-01-01T00:25:20.500339,SOL,96.7824,96.8059,17.211,5.765
2024-01-01T00:25:20.750053,BTC,42331.6776,42339.5808,23.996,4.303
2024-01-01T00:25:21.000263,ETH,2308.4538,2308.7467,5.536,9.012
2024-01-01T00:25:21.500861,BTC,42341.8023,42349.6996,10.919,9.595
2024-01-01T00:25:21.500861,ETH,2307.6856,2308.3276,1.113,0.444
2024-01-01T00:25:21.750368,ETH,2308.6958,2309.1715,26.619,0.181
2024-01-01T00:25:21.750368,SOL,96.8028,96.8214,0.328,1.513
2024-01-01T00:25:22.000240,SOL,96.8647,96.8901,1.26,9.652
2024-01-01T00:25:22.500778,BTC,42353.6986,42359.2043,10.74,0.714
2024-01-01T00:25:22.750964,BTC,42351.0186,42362.7453,0.472,11.605
2024-01-01T00:25:23.000978,BTC,42363.6208,42368.3689,11.733,4.273
2024-01-01T00:25:23.000978,ETH,2309.2468,2309.5648,4.85,7.087
2024-01-01T00:25:23.000978,SOL,96.8963,96.9124,5.943,3.306
2024-01-01T00:25:23.250358,SOL,96.8834,96.8946,2.504,1.331
2024-01-01T00:25:23.500743,ETH,2310.4983,2311.0749,0.202,3.691
2024-01-01T00:25:23.750119,SOL,96.88,96.8918,7.165,2.235
2024-01-01T00:25:24.250062,BTC,42382.7331,42391.309,14.556,12.902
2024-01-01T00:25:24.250062,ETH,2310.2409,2310.511,2.623,17.039
2024-01-01T00:25:24.250062,SOL,96.8659,96.8883,0.137,2.154
2024-01-01T00:25:24.500645,ETH,2310.8337,2311.2139,4.458,6.434
2024-01-01T00:25:24.750714,BTC,42381.4037,42389.151,0.015,2.703
2024-01-01T00:25:24.750714,ETH,2311.5158,2312.1411,9.416,4.195
2024-01-01T00:25:25.000821,BTC,42397.5917,42408.6435,9.77,0.453
2024-01-01T00:25:25.250229,BTC,42406.0178,42412.3771,6.184,1.267
2024-01-01T00:25:25.250229,SOL,96.9238,96.9418,9.37,2.547
2024-01-01T00:25:25.500399,ETH,2312.5058,2312.8391,3.549,1.444
2024-01-01T00:25:26.000268,BTC,42434.3735,42442.2471,6.668,6.347
2024-01-01T00:25:26.250594,ETH,2311.2846,2311.5433,16.838,8.795
2024-01-01T00:25:26.750658,ETH,2311.4585,2312.0201,0.936,1.297
2024-01-01T00:25:26.750658,SOL,96.8923,96.9084,6.094,1.923
2024-01-01T00:25:27.000733,ETH,2310.3849,2310.9521,2.697,9.057
2024-01-01T00:25:27.000733,SOL,96.8615,96.88,4.447,1.189
2024-01-01T00:25:27.250189,BTC,42420.0547,42430.3111,5.28,5.825
2024-01-01T00:25:27.250189,ETH,2309.287,2309.6109,3.755,5.251
2024-01-01T00:25:27.500739,ETH,2309.0821,2309.4568,2.578,17.278
2024-01-01T00:25:27.750314,BTC,42392.6476,42397.6534,3.613,1.064
2024-01-01T00:25:27.750314,ETH,2308.4417,2308.7456,2.515,19.394
2024-01-01T00:25:27.750314,SOL,96.847,96.8652,4.653,9.921
2024-01-01T00:25:28.000570,ETH,2307.9138,2308.3341,9.323,0.623
2024-01-01T00:25:28.250680,BTC,42382.8217,42394.6806,10.928,2.704
2024-01-01T00:25:28.500387,BTC,42372.3282,42378.7842,8.611,1.585
2024-01-01T00:25:28.500387,ETH,2306.0943,2306.6946,6.383,3.402
2024-01-01T00:25:28.500387,SOL,96.8241,96.8473,5.794,1.434
2024-01-01T00:25:29.000482,ETH,2305.7231,2306.0213,7.013,10.005
2024-01-01T00:25:30.000511,BTC,42366.3676,42378.5601,0.13,4.213
2024-01-01T00:25:30.000511,ETH,2306.3117,2306.5517,1.16,15.75
2024-01-01T00:25:30.500524,ETH,2306.9642,2307.478,3.537,2.584
2024-01-01T00:25:30.500524,SOL,96.8073,96.8359,8.083,0.042
2024-01-01T00:25:30.750598,BTC,42353.9091,42363.7254,13.936,1.116
2024-01-01T00:25:31.000549,BTC,42330.4295,42338.5527,1.372,2.164
2024-01-01T00:25:31.000549,ETH,2305.8315,2306.0827,19.681,8.231
2024-01-01T00:25:31.500201,ETH,2304.7735,2305.1378,1.812,1.23
2024-01-01T00:25:31.500201,SOL,96.7919,96.8079,1.545,6.888
2024-01-01T00:25:31.750180,SOL,96.7754,96.7975,2.61,3.297
2024-01-01T00:25:32.500231,SOL,96.813,96.8287,2.634,2.053
2024-01-01T00:25:32.750640,BTC,42322.6618,42332.8065,3.862,0.395
2024-01-01T00:25:32.750640,ETH,2306.8188,2307.1902,1.273,5.283
2024-01-01T00:25:33.000065,BTC,42345.0252,42357.517,5.563,4.303
2024-01-01T00:25:33.250104,SOL,96.8203,96.8445,0.577,5.011
2024-01-01T00:25:34.250049,ETH,2309.9498,2310.3785,1.796,4.396
2024-01-01T00:25:34.500124,ETH,2310.3787,2310.8161,2.132,2.241
2024-01-01T00:25:34.750237,BTC,42343.1316,42350.6096,2.407,10.592
2024-01-01T00:25:34.750237,ETH,2309.9019,2310.1954,4.666,1.288
2024-01-01T00:25:35.250842,ETH,2308.8986,2309.3503,16.753,1.221
2024-01-01T00:25:35.500388,BTC,42327.6067,42332.0364,0.376,1.15
2024-01-01T00:25:35.750344,BTC,42314.4406,42320.8741,2.12,4.775
2024-01-01T00:25:35.750344,ETH,2308.0409,2308.7102,10.586,1.782
2024-01-01T00:25:35.750344,SOL,96.8381,96.855,2.546,5.842
2024-01-01T00:25:36.000006,ETH,2307.4443,2307.8171,6.219,2.315
2024-01-01T00:25:36.250000,BTC,42306.91,42318.3454,3.55,2.951
2024-01-01T00:25:37.250105,ETH,2307.5311,2307.7673,1.672,1.139
2024-01-01T00:25:37.250105,SOL,96.7613,96.773,0.242,5.532
2024-01-01T00:25:38.000775,SOL,96.8725,96.9007,4.696,1.754
2024-01-01T00:25:38.250538,BTC,42309.2273,42318.03,3.382,6.132
2024-01-01T00:25:38.500427,BTC,42273.6903,42285.7694,17.485,2.755
2024-01-01T00:25:38.750843,SOL,96.9201,96.9402,3.053,0.696
2024-01-01T00:25:39.000031,ETH,2308.7444,2309.4259,7.53,2.806
2024-01-01T00:25:39.000031,SOL,96.945,96.9651,9.359,0.321
2024-01-01T00:25:39.500015,SOL,96.9463,96.9706,1.162,17.878
2024-01-01T00:25:39.750686,BTC,42275.5685,42282.2537,3.09,2.291
2024-01-01T00:25:40.500723,ETH,2309.4726,2310.0857,1.118,7.872
2024-01-01T00:25:40.750819,ETH,2308.5613,2309.0269,0.113,3.911
2024-01-01T00:25:41.000057,BTC,42300.7182,42307.0244,16.102,5.705
2024-01-01T00:25:41.000057,SOL,96.9955,97.016,1.821,9.9
2024-01-01T00:25:41.250433,SOL,96.9802,97.0003,8.487,0.968
2024-01-01T00:25:41.500497,BTC,42299.8296,42307.2113,14.588,7.238
2024-01-01T00:25:41.500497,ETH,2308.9787,2309.2296,1.44,11.864
2024-01-01T00:25:41.750841,BTC,42274.7086,42282.9203,0.996,1.961
2024-01-01T00:25:41.750841,SOL,96.9158,96.9421,0.703,1.604
2024-01-01T00:25:42.000164,ETH,2309.3783,2309.6409,4.503,3.982
2024-01-01T00:25:42.250166,BTC,42309.0649,42317.2416,0.95,2.104
2024-01-01T00:25:42.500600,ETH,2307.8774,2308.5526,12.996,13.637
2024-01-01T00:25:42.750315,ETH,2310.0441,2310.5128,1.121,2.487
2024-01-01T00:25:43.000440,ETH,2310.6332,2310.8911,3.938,2.828
2024-01-01T00:25:43.250149,BTC,42292.8428,42300.4796,1.804,0.435
2024-01-01T00:25:43.500811,ETH,2310.5086,2311.1612,4.472,3.376
2024-01-01T00:25:43.500811,SOL,96.9527,96.9653,0.538,6.341
2024-01-01T00:25:44.000624,ETH,2309.7386,2310.2816,0.807,7.59
2024-01-01T00:25:44.500152,ETH,2309.0597,2309.4736,2.017,5.213
2024-01-01T00:25:44.500152,SOL,97.0256,97.0523,7.064,0.066
2024-01-01T00:25:44.750547,SOL,97.0154,97.0437,3.126,0.174
2024-01-01T00:25:45.000195,SOL,96.9998,97.0219,1.508,2.858
2024-01-01T00:25:45.250248,ETH,2308.2641,2308.8123,4.225,0.068
2024-01-01T00:25:45.500062,ETH,2307.8537,2308.2959,1.456,9.725
2024-01-01T00:25:46.000393,ETH,2307.8667,2308.3801,5.723,28.792
2024-01-01T00:25:46.250375,ETH,2307.3552,2307.8442,0.298,1.388
2024-01-01T00:25:46.250375,SOL,96.9846,97.0092,1.047,5.041
2024-01-01T00:25:46.500132,BTC,42250.8335,42259.293,0.444,6.655
2024-01-01T00:25:46.750396,SOL,97.0265,97.0523,10.134,4.668
2024-01-01T00:25:47.000060,SOL,96.9825,97.0068,9.352,1.029
2024-01-01T00:25:47.250222,BTC,42247.3618,42257.3386,6.801,8.392
2024-01-01T00:25:47.250222,SOL,97.0198,97.0317,0.872,5.896
2024-01-01T00:25:47.500749,BTC,42278.7935,42287.462,7.656,4.424
2024-01-01T00:25:47.500749,ETH,2307.4622,2307.9981,12.71,1.659
2024-01-01T00:25:47.500749,SOL,97.0092,97.0218,4.45,2.219
2024-01-01T00:25:47.750300,BTC,42289.5797,42299.7998,6.73,1.014
2024-01-01T00:25:47.750300,SOL,96.9856,97.0126,9.118,4.382
2024-01-01T00:25:48.000611,ETH,2306.057,2306.4746,37.771,0.876
2024-01-01T00:25:48.250250,ETH,2305.7187,2306.0494,2.342,1.909
2024-01-01T00:25:48.250250,SOL,96.9951,97.0221,4.488,0.37
2024-01-01T00:25:48.500687,BTC,42307.2565,42316.6951,2.714,2.938
2024-01-01T00:25:48.750735,BTC,42314.7666,42319.0429,1.047,0.18
2024-01-01T00:25:49.000587,BTC,42345.273,42356.3051,5.756,7.804
2024-01-01T00:25:49.000587,SOL,96.9595,96.9771,1.693,0.706
2024-01-01T00:25:49.500201,SOL,96.9779,96.9911,0.915,0.028
2024-01-01T00:25:49.750166,ETH,2305.061,2305.5251,12.157,0.819
2024-01-01T00:25:50.000837,BTC,42334.5611,42343.9112,4.167,13.011
2024-01-01T00:25:50.500908,ETH,2304.6339,2304.9048,6.713,1.52
2024-01-01T00:25:50.750684,ETH,2304.3194,2304.9798,1.532,4.658
2024-01-01T00:25:51.000582,BTC,42352.875,42361.9298,0.43,2.707
2024-01-01T00:25:51.000582,SOL,96.9863,96.9985,4.845,0.269
2024-01-01T00:25:51.250250,ETH,2306.5402,2307.0986,2.841,3.73
2024-01-01T00:25:51.250250,SOL,96.9691,96.9842,1.884,3.13
2024-01-01T00:25:51.500912,BTC,42315.9782,42328.6148,13.379,4.047
2024-01-01T00:25:52.250542,ETH,2305.5748,2306.0026,2.669,2.029
2024-01-01T00:25:52.750211,SOL,96.9164,96.9278,6.002,2.89
2024-01-01T00:25:53.250732,BTC,42315.5328,42321.2475,3.803,4.362
2024-01-01T00:25:53.250732,ETH,2305.4759,2306.0144,36.72,1.433
2024-01-01T00:25:53.500924,SOL,96.9011,96.9207,5.117,2.197
2024-01-01T00:25:53.750464,SOL,96.9508,96.9622,5.866,4.982
2024-01-01T00:25:54.500876,BTC,42278.1181,42285.3973,6.941,0.994
2024-01-01T00:25:55.000615,SOL,96.984,97.0072,31.7,3.09
2024-01-01T00:25:55.250412,SOL,96.8992,96.9199,2.516,2.899
2024-01-01T00:25:55.500303,BTC,42268.1313,42273.4042,2.259,0.359
2024-01-01T00:25:55.750579,BTC,42258.0006,42266.3318,7.84,2.139
2024-01-01T00:25:56.000517,BTC,42251.6299,42260.8815,4.512,2.119
2024-01-01T00:25:56.000517,SOL,97.0117,97.0384,27.758,32.94
2024-01-01T00:25:56.250334,SOL,97.0225,97.042,0.227,3.46
2024-01-01T00:25:56.500504,BTC,42264.4519,42271.7531,0.43,9.769
2024-01-01T00:25:57.000876,SOL,97.1022,97.1229,1.598,3.179
2024-01-01T00:25:57.500366,ETH,2305.4801,2305.9406,7.544,6.209
2024-01-01T00:25:57.500366,SOL,97.0496,97.0695,0.431,6.37
2024-01-01T00:25:57.750522,SOL,97.1006,97.1226,4.038,4.64
2024-01-01T00:25:58.000555,SOL,97.0602,97.0848,0.457,0.343
2024-01-01T00:25:58.500451,SOL,96.9981,97.0261,10.521,7.983
2024-01-01T00:25:58.750000,BTC,42249.7194,42261.3978,15.749,0.324
2024-01-01T00:25:58.750000,SOL,96.963,96.9846,0.039,2.417
2024-01-01T00:25:59.250153,SOL,96.9342,96.9562,1.541,0.169
2024-01-01T00:25:59.500696,BTC,42261.7898,42267.2615,2.163,4.554
2024-01-01T00:25:59.500696,ETH,2306.6507,2307.2676,7.644,0.132
2024-01-01T00:25:59.750893,BTC,42253.9547,42262.9799,0.824,2.725
2024-01-01T00:26:00.000481,BTC,42256.857,42267.9496,1.827,0.446
2024-01-01T00:26:00.000481,SOL,96.8955,96.9115,4.148,1.826
2024-01-01T00:26:00.250840,ETH,2306.0784,2306.6564,4.25,1.264
2024-01-01T00:26:00.250840,SOL,96.8596,96.8824,2.355,21.489
2024-01-01T00:26:00.500651,ETH,2306.1865,2306.8513,1.99,0.15
2024-01-01T00:26:00.500651,SOL,96.8062,96.8214,0.082,0.493
2024-01-01T00:26:00.750656,BTC,42239.2553,42244.3514,0.934,4.914
2024-01-01T00:26:00.750656,ETH,2308.1546,2308.7372,3.687,1.18
2024-01-01T00:26:01.000676,SOL,96.8347,96.8507,0.738,2.24
2024-01-01T00:26:01.250627,BTC,42262.2934,42266.7632,6.155,2.212
2024-01-01T00:26:01.750660,BTC,42248.4119,42259.1704,5.163,6.462
2024-01-01T00:26:01.750660,ETH,2309.8555,2310.1952,5.964,3.257
2024-01-01T00:26:02.000554,SOL,96.8206,96.8318,0.172,8.082
2024-01-01T00:26:02.250558,ETH,2311.0052,2311.3725,4.498,5.202
2024-01-01T00:26:02.500882,BTC,42253.0713,42257.5519,0.643,0.17
2024-01-01T00:26:02.750312,ETH,2312.4474,2312.9086,0.812,0.866
2024-01-01T00:26:03.000385,ETH,2311.6591,2311.9407,2.872,8.386
2024-01-01T00:26:03.250642,ETH,2312.719,2313.1159,3.322,1.269
2024-01-01T00:26:03.750498,ETH,2311.7463,2312.2298,0.151,0.248
2024-01-01T00:26:03.750498,SOL,96.8123,96.8244,0.98,3.105
2024-01-01T00:26:04.000086,ETH,2312.641,2312.9341,5.38,1.962
2024-01-01T00:26:04.000086,SOL,96.8222,96.8373,1.826,9.18
2024-01-01T00:26:04.750516,BTC,42251.5649,42259.7251,16.703,0.917
2024-01-01T00:26:04.750516,ETH,2311.2412,2311.7292,0.62,3.609
2024-01-01T00:26:05.250279,SOL,96.8546,96.8668,2.62,0.966
2024-01-01T00:26:05.500566,BTC,42285.876,42298.3756,10.426,1.672
2024-01-01T00:26:05.750799,BTC,42313.2252,42325.6909,15.58,1.41
2024-01-01T00:26:05.750799,ETH,2310.8589,2311.4924,0.268,8.365
2024-01-01T00:26:06.000572,SOL,96.8798,96.894,0.062,0.99
2024-01-01T00:26:06.250393,ETH,2310.0501,2310.7042,6.416,5.198
2024-01-01T00:26:06.750439,ETH,2310.467,2311.0129,6.264,8.89
2024-01-01T00:26:07.000336,BTC,42323.4806,42334.9869,0.875,3.147
2024-01-01T00:26:07.250429,SOL,96.8414,96.8688,0.192,3.359
2024-01-01T00:26:07.500661,ETH,2309.2014,2309.5407,1.417,0.961
2024-01-01T00:26:07.750693,ETH,2309.4909,2310.1436,2.18,2.99
2024-01-01T00:26:08.000287,ETH,2309.8653,2310.427,2.094,2.254
2024-01-01T00:26:08.000287,SOL,96.8439,96.8601,3.479,5.023
2024-01-01T00:26:08.250969,SOL,96.8699,96.893,9.047,9.861
2024-01-01T00:26:08.500703,BTC,42355.1486,42361.2107,9.271,2.085
2024-01-01T00:26:08.750722,BTC,42339.4569,42343.7153,4.215,5.21
2024-01-01T00:26:09.250212,ETH,2308.8654,2309.4955,0.445,5.765
2024-01-01T00:26:09.500039,BTC,42331.4457,42340.0669,14.513,2.764
2024-01-01T00:26:10.000109,ETH,2307.9916,2308.516,4.066,7.828
2024-01-01T00:26:10.250250,SOL,96.8984,96.9209,3.762,0.947
2024-01-01T00:26:10.500985,BTC,42319.9393,42324.2907,0.417,0.65
2024-01-01T00:26:10.500985,SOL,96.9001,96.9221,18.327,7.977
2024-01-01T00:26:11.000898,SOL,96.9276,96.9451,4.368,2.54
2024-01-01T00:26:11.250441,BTC,42327.0455,42334.0871,0.562,0.605
2024-01-01T00:26:11.500280,BTC,42359.0588,42370.7311,1.053,9.663
2024-01-01T00:26:11.500280,ETH,2306.9998,2307.4908,0.378,0.014
2024-01-01T00:26:12.000116,ETH,2307.3536,2308.0329,1.932,2.094
2024-01-01T00:26:12.250769,SOL,96.8622,96.8749,4.284,19.577
2024-01-01T00:26:12.750108,BTC,42387.9783,42392.6073,23.192,3.438
2024-01-01T00:26:12.750108,ETH,2306.6867,2307.3205,6.285,2.173
2024-01-01T00:26:13.000801,BTC,42418.2391,42423.9497,5.748,3.455
2024-01-01T00:26:13.000801,SOL,96.8489,96.868,15.639,0.288
2024-01-01T00:26:13.500584,ETH,2304.4565,2305.015,2.585,2.552
2024-01-01T00:26:13.750265,ETH,2302.8302,2303.3878,0.659,1.526
2024-01-01T00:26:14.250105,ETH,2302.2843,2302.5839,3.293,1.223
2024-01-01T00:26:14.250105,SOL,96.9036,96.9155,3.542,4.419
2024-01-01T00:26:14.500273,BTC,42440.3336,42452.4995,1.71,4.421
2024-01-01T00:26:14.500273,ETH,2303.4746,2303.947,3.409,2.544
2024-01-01T00:26:14.500273,SOL,96.9452,96.9732,1.214,13.085
2024-01-01T00:26:15.000845,BTC,42440.1108,42452.4291,5.66,0.859
2024-01-01T00:26:15.000845,SOL,96.9186,96.9423,15.348,1.993
2024-01-01T00:26:15.250232,SOL,96.9592,96.9712,9.692,10.37
2024-01-01T00:26:15.500740,SOL,96.9682,96.9893,2.911,3.231
2024-01-01T00:26:15.750212,BTC,42462.8845,42473.0105,0.143,2.295
2024-01-01T00:26:15.750212,ETH,2302.5765,2303.0737,5.801,9.349
2024-01-01T00:26:16.000324,ETH,2302.2447,2302.7898,1.065,7.034
2024-01-01T00:26:16.250687,ETH,2302.7663,2303.2233,8.391,12.912
2024-01-01T00:26:16.250687,SOL,96.9366,96.9648,6.053,12.468
2024-01-01T00:26:16.500386,SOL,96.9578,96.9678,3.518,0.689
2024-01-01T00:26:16.750533,ETH,2302.9964,2303.3418,22.394,4.071
2024-01-01T00:26:17.000805,SOL,96.934,96.9521,1.372,6.088
2024-01-01T00:26:17.750591,BTC,42468.9455,42477.071,1.655,9.075
2024-01-01T00:26:17.750591,ETH,2301.7076,2302.2401,2.114,8.122
2024-01-01T00:26:18.000699,SOL,96.9014,96.9238,5.819,1.246
2024-01-01T00:26:18.250028,SOL,96.9746,96.9967,1.219,2.717
2024-01-01T00:26:18.500485,SOL,96.8948,96.9182,1.263,1.619
2024-01-01T00:26:18.750478,BTC,42472.3883,42481.4814,2.299,5.797
2024-01-01T00:26:19.000290,SOL,96.8835,96.9125,3.844,2.722
2024-01-01T00:26:19.250281,BTC,42458.4995,42469.2758,0.891,2.214
2024-01-01T00:26:19.500648,BTC,42454.7041,42467.3731,6.285,2.558
2024-01-01T00:26:19.750773,ETH,2302.6879,2303.2064,1.66,4.861
2024-01-01T00:26:20.000930,BTC,42454.5485,42464.3316,1.225,2.217
2024-01-01T00:26:20.500252,BTC,42461.7225,42471.8657,2.101,4.686
2024-01-01T00:26:20.500252,ETH,2301.8446,2302.497,5.96,5.122
2024-01-01T00:26:20.750842,BTC,42457.4152,42463.8664,6.401,2.05
2024-01-01T00:26:20.750842,SOL,96.8707,96.8973,4.559,7.423
2024-01-01T00:26:21.750205,BTC,42467.567,42479.6015,2.405,7.231
2024-01-01T00:26:21.750205,ETH,2302.3837,2302.8214,1.599,0.177
2024-01-01T00:26:22.000768,SOL,96.9198,96.9373,1.822,17.945
2024-01-01T00:26:22.250764,ETH,2300.8476,2301.2049,3.8,10.969
2024-01-01T00:26:22.250764,SOL,96.8378,96.8591,0.056,3.471
2024-01-01T00:26:22.500488,ETH,2301.3509,2301.6527,0.57,3.753
2024-01-01T00:26:22.750403,BTC,42470.8865,42477.137,1.722,9.509
2024-01-01T00:26:22.750403,ETH,2299.3584,2299.5888,0.959,0.382
2024-01-01T00:26:22.750403,SOL,96.9137,96.9414,0.805,3.749
2024-01-01T00:26:23.000955,BTC,42477.3365,42481.5993,13.483,6.561
2024-01-01T00:26:23.000955,SOL,96.9285,96.957,5.468,0.267
2024-01-01T00:26:23.250156,SOL,96.9584,96.9683,2.465,0.742
2024-01-01T00:26:23.750161,BTC,42466.1792,42475.8297,16.796,4.481
2024-01-01T00:26:23.750161,ETH,2298.0923,2298.5065,6.143,4.354
2024-01-01T00:26:24.000047,ETH,2297.595,2298.2679,2.834,10.306
2024-01-01T00:26:24.500922,SOL,96.9347,96.9563,12.263,9.729
2024-01-01T00:26:24.750426,BTC,42466.9883,42477.9429,2.016,4.874
2024-01-01T00:26:24.750426,ETH,2297.6883,2298.3722,3.654,7.153
2024-01-01T00:26:25.000623,BTC,42456.9498,42467.7535,7.424,2.056
2024-01-01T00:26:25.000623,SOL,96.9138,96.9277,10.702,1.328
2024-01-01T00:26:25.250936,BTC,42465.8962,42472.04,14.154,7.285
2024-01-01T00:26:25.250936,ETH,2298.5658,2299.1033,1.226,6.887
2024-01-01T00:26:25.500341,BTC,42482.0743,42487.5785,0.787,24.022
2024-01-01T00:26:25.750625,SOL,96.9132,96.9352,3.973,3.225
2024-01-01T00:26:26.000675,ETH,2298.4522,2299.1343,0.939,0.74
2024-01-01T00:26:26.250788,SOL,96.9063,96.9253,15.642,0.009
2024-01-01T00:26:26.750187,SOL,96.8901,96.9182,8.536,10.865
2024-01-01T00:26:27.000872,SOL,96.8862,96.9131,0.555,3.503
2024-01-01T00:26:27.750493,BTC,42459.1513,42466.0925,1.802,18.053
2024-01-01T00:26:28.000968,BTC,42461.3435,42470.008,3.17,5.963
2024-01-01T00:26:28.000968,SOL,96.8715,96.8863,0.816,1.721
2024-01-01T00:26:28.250414,BTC,42453.9683,42462.3355,4.569,3.574
2024-01-01T00:26:28.250414,SOL,96.8917,96.9166,0.515,0.203
2024-01-01T00:26:28.500744,BTC,42462.955,42470.8603,5.24,1.468
2024-01-01T00:26:28.500744,ETH,2300.2645,2300.9179,1.213,2.141
2024-01-01T00:26:28.750860,BTC,42491.0739,42497.198,2.153,1.667
2024-01-01T00:26:29.000240,ETH,2299.3262,2299.7228,5.366,2.913
2024-01-01T00:26:29.250009,BTC,42484.687,42492.8815,12.034,6.296
2024-01-01T00:26:29.250009,ETH,2298.1147,2298.7233,0.81,6.294
2024-01-01T00:26:29.250009,SOL,96.9591,96.985,3.689,0.54
2024-01-01T00:26:29.500568,BTC,42502.9263,42514.4477,0.769,1.332
2024-01-01T00:26:29.500568,ETH,2299.2349,2299.5037,38.154,5.552
2024-01-01T00:26:29.750234,BTC,42494.1912,42504.6058,6.652,2.04
2024-01-01T00:26:31.000237,BTC,42505.3966,42515.72,5.146,4.021
2024-01-01T00:26:31.250327,ETH,2298.3797,2298.6838,0.912,33.883
2024-01-01T00:26:31.500720,BTC,42499.6927,42506.7257,4.633,2.041
2024-01-01T00:26:31.500720,SOL,96.9685,96.9922,2.032,3.305
2024-01-01T00:26:31.750460,BTC,42492.6343,42503.4285,14.657,4.663
2024-01-01T00:26:31.750460,SOL,96.9328,96.9559,1.413,1.773
2024-01-01T00:26:32.000437,ETH,2297.7744,2298.2406,2.761,2.494
2024-01-01T00:26:32.500682,BTC,42500.1264,42511.526,13.889,2.59
2024-01-01T00:26:32.750949,ETH,2298.3547,2298.9804,6.956,3.859
2024-01-01T00:26:33.000489,BTC,42520.4901,42528.6995,18.799,1.424
2024-01-01T00:26:33.000489,ETH,2298.3811,2298.662,12.0,4.408
2024-01-01T00:26:33.250466,BTC,42537.2642,42544.7976,2.82,14.781
2024-01-01T00:26:33.250466,ETH,2298.6034,2299.1565,3.196,3.71
2024-01-01T00:26:33.750110,BTC,42537.1425,42545.43,1.882,0.303
2024-01-01T00:26:33.750110,ETH,2297.837,2298.4763,5.702,11.749
2024-01-01T00:26:34.000390,BTC,42541.9997,42548.3651,0.15,5.609
2024-01-01T00:26:34.000390,ETH,2297.8376,2298.5153,3.741,0.865
2024-01-01T00:26:34.500089,BTC,42519.7135,42527.4672,2.62,1.475
2024-01-01T00:26:34.500089,ETH,2298.6933,2299.2257,13.068,0.596
2024-01-01T00:26:34.500089,SOL,96.9346,96.9611,4.912,3.462
2024-01-01T00:26:34.750315,BTC,42501.5955,42512.354,6.617,1.094
2024-01-01T00:26:34.750315,SOL,96.9215,96.9342,1.423,4.398
2024-01-01T00:26:35.000112,BTC,42516.4944,42521.0281,4.463,10.351
2024-01-01T00:26:35.000112,ETH,2298.0854,2298.7266,6.067,1.1
2024-01-01T00:26:35.000112,SOL,96.8611,96.8882,5.977,4.54
2024-01-01T00:26:35.250168,BTC,42527.6438,42536.9842,6.359,1.952
2024-01-01T00:26:35.250168,ETH,2299.8925,2300.4082,1.64,11.513
2024-01-01T00:26:35.500426,ETH,2301.5612,2301.9627,8.126,5.808
2024-01-01T00:26:35.750622,BTC,42533.2542,42541.8317,3.279,5.124
2024-01-01T00:26:36.000186,SOL,96.891,96.9099,1.84,3.321
2024-01-01T00:26:36.250011,BTC,42508.6658,42519.1738,1.073,20.289
2024-01-01T00:26:36.250011,ETH,2301.1444,2301.5702,0.624,6.566
2024-01-01T00:26:36.500657,BTC,42505.7791,42515.1087,8.742,11.149
2024-01-01T00:26:36.750859,BTC,42485.035,42497.7199,4.596,2.194
2024-01-01T00:26:36.750859,ETH,2301.2751,2301.7414,5.394,1.155
2024-01-01T00:26:37.250620,SOL,96.9191,96.9388,4.815,20.436
2024-01-01T00:26:37.500069,SOL,96.9523,96.979,0.261,8.717
2024-01-01T00:26:37.750775,BTC,42495.6605,42507.5347,8.565,0.19
2024-01-01T00:26:37.750775,SOL,96.9885,97.001,3.451,6.339
2024-01-01T00:26:38.250838,ETH,2301.1184,2301.721,0.693,1.618
2024-01-01T00:26:38.500549,BTC,42528.8003,42533.897,7.609,4.066
2024-01-01T00:26:38.500549,SOL,96.9608,96.9872,6.016,1.763
2024-01-01T00:26:38.750652,ETH,2300.9833,2301.4297,2.788,4.514
2024-01-01T00:26:39.000372,ETH,2300.8251,2301.4407,5.145,4.709
2024-01-01T00:26:39.000372,SOL,96.9941,97.0086,10.434,5.18
2024-01-01T00:26:39.250635,ETH,2301.9155,2302.2779,3.15,1.402
2024-01-01T00:26:39.500117,ETH,2302.0475,2302.6655,1.117,1.181
2024-01-01T00:26:39.500117,SOL,96.9396,96.9605,10.087,5.875
2024-01-01T00:26:39.750885,SOL,96.9108,96.9311,0.256,4.368
2024-01-01T00:26:40.000000,ETH,2303.0837,2303.6701,2.194,1.587
2024-01-01T00:26:40.250284,ETH,2303.7951,2304.3404,0.461,7.039
2024-01-01T00:26:40.250284,SOL,96.911,96.9331,13.691,13.438
2024-01-01T00:26:40.500673,SOL,96.9029,96.9265,0.453,16.929
2024-01-01T00:26:41.000876,ETH,2304.5698,2305.1421,4.348,1.738
2024-01-01T00:26:41.250264,SOL,96.9351,96.9547,0.746,4.531
2024-01-01T00:26:41.750285,ETH,2304.7146,2304.9579,0.72,0.576
2024-01-01T00:26:42.000705,ETH,2303.7675,2304.2552,4.502,4.411
2024-01-01T00:26:42.500223,BTC,42522.7984,42527.2479,5.554,3.88
2024-01-01T00:26:42.500223,ETH,2304.1894,2304.4795,0.638,2.016
2024-01-01T00:26:42.750715,BTC,42526.0098,42530.9469,5.017,0.762
2024-01-01T00:26:42.750715,SOL,96.9326,96.9476,21.921,1.846
2024-01-01T00:26:43.500528,SOL,97.042,97.0672,4.292,7.042
2024-01-01T00:26:44.000031,ETH,2302.5319,2302.9197,6.086,14.301
2024-01-01T00:26:44.000031,SOL,97.0481,97.0601,2.462,3.273
2024-01-01T00:26:44.500126,ETH,2301.7798,2302.4002,1.842,5.996
2024-01-01T00:26:44.500126,SOL,97.0177,97.0342,1.78,7.927
2024-01-01T00:26:44.750640,ETH,2302.0508,2302.612,4.738,0.46
2024-01-01T00:26:45.000310,BTC,42487.4387,42492.9248,0.278,2.933
2024-01-01T00:26:45.000310,ETH,2301.0723,2301.468,3.062,0.292
2024-01-01T00:26:45.000310,SOL,97.0047,97.0171,2.719,3.98
2024-01-01T00:26:46.250876,BTC,42488.1308,42496.0591,7.471,0.929
2024-01-01T00:26:46.500463,ETH,2300.5767,2301.1266,0.326,1.153
2024-01-01T00:26:46.750182,SOL,97.0681,97.085,1.94,5.864
2024-01-01T00:26:47.000079,BTC,42487.7115,42496.708,2.634,8.531
2024-01-01T00:26:47.250987,SOL,97.0559,97.0843,0.519,1.357
2024-01-01T00:26:47.500995,BTC,42488.18,42499.362,1.667,11.916
2024-01-01T00:26:47.750434,ETH,2300.2986,2300.6224,4.841,10.422
2024-01-01T00:26:48.000548,SOL,96.9979,97.0253,5.666,2.316
2024-01-01T00:26:48.500059,SOL,96.9455,96.9639,4.958,4.058
2024-01-01T00:26:48.750934,BTC,42492.7801,42497.2613,1.21,2.424
2024-01-01T00:26:48.750934,ETH,2301.1701,2301.4281,4.054,21.992
2024-01-01T00:26:49.000848,ETH,2302.0083,2302.4371,8.979,9.623
2024-01-01T00:26:49.250638,BTC,42500.0004,42507.2545,14.123,3.125
2024-01-01T00:26:49.250638,ETH,2302.0941,2302.5541,0.114,3.926
2024-01-01T00:26:49.500084,BTC,42501.5902,42508.7231,0.722,3.104
2024-01-01T00:26:49.750467,ETH,2301.2399,2301.6124,1.388,2.447
2024-01-01T00:26:50.000358,SOL,96.9122,96.9388,0.77,12.57
2024-01-01T00:26:50.250389,SOL,96.9666,96.9914,43.47,2.07
2024-01-01T00:26:51.000873,ETH,2301.9009,2302.3978,8.613,4.554
2024-01-01T00:26:51.250245,SOL,97.0045,97.022,1.668,0.586
2024-01-01T00:26:51.750168,SOL,97.0269,97.0471,10.936,1.84
2024-01-01T00:26:52.000785,BTC,42470.1068,42478.7287,10.941,3.53
2024-01-01T00:26:52.250015,SOL,97.0153,97.0378,6.602,6.126
2024-01-01T00:26:52.500093,BTC,42465.2506,42476.5081,1.815,0.409
2024-01-01T00:26:52.500093,ETH,2301.3446,2301.853,0.71,0.653
2024-01-01T00:26:53.000830,ETH,2301.5956,2301.8318,0.322,1.313
2024-01-01T00:26:53.500828,BTC,42454.6686,42464.8207,0.92,1.898
2024-01-01T00:26:53.750358,ETH,2302.356,2302.8822,0.457,1.823
2024-01-01T00:26:54.000632,ETH,2303.063,2303.4769,4.541,0.869
2024-01-01T00:26:54.000632,SOL,97.0232,97.0401,4.642,1.904
2024-01-01T00:26:54.250212,BTC,42467.8874,42478.4516,8.357,8.788
2024-01-01T00:26:54.250212,ETH,2303.0183,2303.529,5.276,14.206
2024-01-01T00:26:54.500551,SOL,97.0899,97.1096,4.889,1.566
2024-01-01T00:26:54.750054,SOL,97.1503,97.174,7.225,0.087
2024-01-01T00:26:55.000200,BTC,42454.2208,42459.4025,0.359,0.747
2024-01-01T00:26:55.000200,ETH,2302.1713,2302.539,2.621,2.695
2024-01-01T00:26:55.000200,SOL,97.1381,97.1671,6.643,0.667
2024-01-01T00:26:55.500934,ETH,2301.6908,2302.0442,1.356,7.78
2024-01-01T00:26:55.750741,SOL,97.1876,97.21,6.287,0.07
2024-01-01T00:26:56.000630,ETH,2302.3266,2302.9207,0.47,2.066
2024-01-01T00:26:56.250312,BTC,42478.6546,42486.5395,7.135,19.229
2024-01-01T00:26:56.250312,ETH,2301.4029,2301.6979,1.846,28.72
2024-01-01T00:26:56.500630,ETH,2300.7236,2301.2513,5.367,5.026
2024-01-01T00:26:56.500630,SOL,97.1496,97.1781,1.568,2.821
2024-01-01T00:26:57.500969,SOL,97.151,97.1739,1.335,0.166
2024-01-01T00:26:57.750606,BTC,42461.7319,42473.0159,3.576,7.478
2024-01-01T00:26:57.750606,SOL,97.2008,97.211,4.405,1.674
2024-01-01T00:26:58.000898,ETH,2301.1785,2301.6829,2.862,11.458
2024-01-01T00:26:58.500386,ETH,2301.6721,2301.9618,8.202,3.176
2024-01-01T00:26:58.750669,BTC,42486.2852,42495.0754,10.1,0.311
2024-01-01T00:26:58.750669,ETH,2301.174,2301.6773,0.324,8.425
2024-01-01T00:26:59.000075,SOL,97.1372,97.1574,4.712,14.273
2024-01-01T00:26:59.250758,BTC,42491.6734,42503.4702,12.061,2.753
2024-01-01T00:26:59.250758,SOL,97.113,97.1414,19.367,1.904
2024-01-01T00:27:00.250267,BTC,42505.3427,42511.6659,4.461,6.173
2024-01-01T00:27:00.500492,BTC,42492.6219,42496.8953,0.364,0.531
2024-01-01T00:27:01.000386,BTC,42484.4512,42495.8253,4.852,12.649
2024-01-01T00:27:01.000386,ETH,2303.6779,2303.9779,8.682,24.524
2024-01-01T00:27:01.250355,BTC,42469.7878,42476.1298,2.998,1.327
2024-01-01T00:27:01.250355,SOL,97.1449,97.1561,7.958,4.529
2024-01-01T00:27:01.500728,SOL,97.1789,97.1958,0.445,5.349
2024-01-01T00:27:02.000496,BTC,42465.7292,42476.2431,5.133,8.493
2024-01-01T00:27:02.750734,BTC,42482.5906,42487.1867,2.052,0.977
2024-01-01T00:27:02.750734,ETH,2303.2391,2303.5522,2.02,6.404
2024-01-01T00:27:03.000325,BTC,42443.6173,42451.4851,5.971,5.958
2024-01-01T00:27:03.000325,SOL,97.1832,97.1959,7.366,2.382
2024-01-01T00:27:03.250561,BTC,42434.1192,42440.6924,10.407,12.952
2024-01-01T00:27:03.250561,ETH,2303.2105,2303.8617,3.957,0.763
2024-01-01T00:27:03.500697,SOL,97.188,97.2075,4.3,10.461
2024-01-01T00:27:04.500027,SOL,97.1407,97.1551,1.853,2.951
2024-01-01T00:27:04.750829,BTC,42440.6937,42449.5886,2.201,3.923
2024-01-01T00:27:04.750829,ETH,2303.7218,2304.3926,3.771,1.166
2024-01-01T00:27:04.750829,SOL,97.1831,97.1948,1.404,0.497
2024-01-01T00:27:05.000589,BTC,42411.7433,42423.736,2.55,11.315
2024-01-01T00:27:05.250023,ETH,2305.0754,2305.3213,0.186,1.958
2024-01-01T00:27:05.500089,ETH,2304.3911,2304.8555,1.641,2.66
2024-01-01T00:27:05.500089,SOL,97.2329,97.2455,1.792,8.663
2024-01-01T00:27:05.750114,SOL,97.2568,97.277,1.123,1.367
2024-01-01T00:27:06.250247,ETH,2303.0696,2303.6215,0.836,0.691
2024-01-01T00:27:06.500028,BTC,42421.373,42430.2913,7.549,8.594
2024-01-01T00:27:06.500028,ETH,2302.1386,2302.4525,4.466,3.949
2024-01-01T00:27:06.750712,BTC,42401.0046,42409.9157,2.251,0.171
2024-01-01T00:27:06.750712,ETH,2301.6238,2302.0366,1.466,6.768
2024-01-01T00:27:07.000923,BTC,42418.2428,42422.9034,3.987,2.054
2024-01-01T00:27:07.000923,SOL,97.295,97.3196,2.817,1.422
2024-01-01T00:27:07.250174,BTC,42404.9045,42415.6594,1.992,2.121
2024-01-01T00:27:07.250174,ETH,2301.54,2301.8579,0.692,1.9
2024-01-01T00:27:08.000817,BTC,42396.0935,42401.7113,6.202,0.57
2024-01-01T00:27:08.250780,ETH,2300.2782,2300.9046,0.184,1.608
2024-01-01T00:27:08.250780,SOL,97.3434,97.3565,0.231,12.784
2024-01-01T00:27:08.500674,ETH,2300.1412,2300.7502,10.613,2.784
2024-01-01T00:27:09.250429,BTC,42378.9087,42389.5796,2.15,10.872
2024-01-01T00:27:09.250429,ETH,2298.9862,2299.279,0.053,7.54
2024-01-01T00:27:09.500223,ETH,2299.1364,2299.3885,0.802,12.542
2024-01-01T00:27:09.750991,ETH,2297.9342,2298.5703,12.239,2.857
2024-01-01T00:27:10.000311,BTC,42382.365,42391.2731,2.948,0.936
2024-01-01T00:27:10.250560,BTC,42328.7574,42338.4304,0.061,2.195
2024-01-01T00:27:10.250560,ETH,2298.3266,2298.6342,16.404,11.7
2024-01-01T00:27:10.250560,SOL,97.3214,97.3325,0.833,0.969
2024-01-01T00:27:10.500202,BTC,42306.0415,42312.5199,12.636,7.869
2024-01-01T00:27:10.500202,ETH,2298.622,2299.2306,26.243,12.025
2024-01-01T00:27:10.750694,SOL,97.3277,97.3486,2.267,4.524
2024-01-01T00:27:11.250988,BTC,42287.8529,42292.2905,3.531,7.223
2024-01-01T00:27:11.500517,BTC,42301.1537,42312.1758,1.619,7.19
2024-01-01T00:27:11.500517,ETH,2297.5153,2297.8932,9.865,10.702
2024-01-01T00:27:11.750714,ETH,2296.9513,2297.5482,1.874,27.019
2024-01-01T00:27:11.750714,SOL,97.3389,97.3566,9.557,0.759
2024-01-01T00:27:12.250639,BTC,42304.8901,42311.6446,2.861,5.632
2024-01-01T00:27:12.250639,ETH,2296.2802,2296.7119,0.205,3.186
2024-01-01T00:27:12.250639,SOL,97.3285,97.3472,1.584,0.652
2024-01-01T00:27:12.500177,BTC,42317.5971,42328.0136,1.997,6.741
2024-01-01T00:27:12.750087,BTC,42312.5548,42323.8055,5.965,4.676
2024-01-01T00:27:12.750087,ETH,2295.4437,2295.9139,2.741,4.154
2024-01-01T00:27:13.000964,BTC,42305.475,42317.9669,13.85,16.638
2024-01-01T00:27:13.000964,ETH,2296.4062,2297.0121,6.518,0.778
2024-01-01T00:27:13.000964,SOL,97.3497,97.3641,0.704,9.248
2024-01-01T00:27:13.500190,SOL,97.2815,97.3029,8.132,6.48
2024-01-01T00:27:13.750860,ETH,2297.4427,2297.805,8.934,9.743
2024-01-01T00:27:14.500808,BTC,42311.7369,42319.045,7.179,4.285
2024-01-01T00:27:14.500808,ETH,2296.9786,2297.4697,21.331,3.806
2024-01-01T00:27:14.750636,BTC,42304.9043,42312.046,3.473,9.207
2024-01-01T00:27:15.250694,ETH,2297.0689,2297.6437,1.612,6.123
2024-01-01T00:27:15.750315,SOL,97.2906,97.3066,1.906,0.119
2024-01-01T00:27:16.250521,SOL,97.2287,97.2483,2.647,0.225
2024-01-01T00:27:16.500402,BTC,42334.5572,42344.2326,1.879,4.862
2024-01-01T00:27:16.500402,ETH,2298.0737,2298.453,0.893,0.444
2024-01-01T00:27:16.750041,BTC,42348.6646,42356.0912,0.635,2.34
2024-01-01T00:27:17.000545,SOL,97.1293,97.158,8.963,0.792
2024-01-01T00:27:17.250039,ETH,2297.7743,2298.3115,18.201,13.085
2024-01-01T00:27:19.000450,SOL,97.1714,97.1863,0.596,21.672
2024-01-01T00:27:19.250204,BTC,42352.1021,42358.5846,0.607,6.329
2024-01-01T00:27:19.250204,ETH,2297.817,2298.4447,0.855,0.254
2024-01-01T00:27:19.250204,SOL,97.2207,97.2306,3.314,1.754
2024-01-01T00:27:19.500927,ETH,2300.1627,2300.7328,3.761,4.984
2024-01-01T00:27:19.500927,SOL,97.2145,97.2293,0.811,13.533
2024-01-01T00:27:19.750446,BTC,42350.2774,42358.4695,27.417,1.832
2024-01-01T00:27:19.750446,SOL,97.1698,97.1981,4.692,1.888
2024-01-01T00:27:20.250524,BTC,42354.9497,42361.9153,0.854,6.737
2024-01-01T00:27:20.500327,ETH,2298.6607,2298.9004,1.412,2.372
2024-01-01T00:27:20.500327,SOL,97.1073,97.1202,0.431,4.168
2024-01-01T00:27:20.750641,ETH,2298.6487,2298.9247,3.098,5.535
2024-01-01T00:27:20.750641,SOL,97.1121,97.1324,2.066,1.224
2024-01-01T00:27:21.000704,BTC,42357.73,42366.2973,1.097,5.038
2024-01-01T00:27:21.000704,ETH,2298.115,2298.6167,8.738,20.322
2024-01-01T00:27:21.500442,SOL,97.1296,97.1509,2.396,4.682
2024-01-01T00:27:22.000350,ETH,2298.041,2298.3732,11.57,1.546
2024-01-01T00:27:22.250587,BTC,42345.634,42357.5962,6.362,2.294
2024-01-01T00:27:22.250587,SOL,97.1945,97.215,0.104,5.406
2024-01-01T00:27:22.500491,SOL,97.2631,97.2771,0.433,5.053
2024-01-01T00:27:22.750505,ETH,2299.1223,2299.6866,5.727,5.496
2024-01-01T00:27:23.000157,SOL,97.2438,97.2545,4.917,0.41
2024-01-01T00:27:23.500232,SOL,97.2517,97.2616,0.366,2.052
2024-01-01T00:27:23.750159,BTC,42360.1144,42372.6287,4.489,4.933
2024-01-01T00:27:23.750159,ETH,2297.1686,2297.7135,16.333,2.209
2024-01-01T00:27:24.250008,ETH,2295.9373,2296.186,0.253,3.748
2024-01-01T00:27:24.500032,BTC,42380.2837,42386.1426,3.398,4.143
2024-01-01T00:27:24.500032,ETH,2296.0346,2296.3416,4.358,0.009
2024-01-01T00:27:24.750293,SOL,97.239,97.2529,4.309,1.38
2024-01-01T00:27:25.000850,SOL,97.2269,97.2533,0.01,3.405
2024-01-01T00:27:25.500163,BTC,42366.6615,42376.5549,20.755,7.803
2024-01-01T00:27:25.750304,ETH,2296.1061,2296.3837,0.347,10.499
2024-01-01T00:27:26.000140,ETH,2296.1276,2296.6706,0.918,1.413
2024-01-01T00:27:26.000140,SOL,97.1293,97.1539,2.137,3.801
2024-01-01T00:27:26.250128,SOL,97.1926,97.2088,4.841,0.608
2024-01-01T00:27:26.750633,ETH,2297.0666,2297.3033,16.838,0.633
2024-01-01T00:27:27.000305,BTC,42383.161,42388.0742,8.737,9.005
2024-01-01T00:27:27.000305,SOL,97.2224,97.2469,11.255,0.593
2024-01-01T00:27:27.250948,SOL,97.2188,97.2305,1.405,5.377
2024-01-01T00:27:27.750950,BTC,42383.7866,42390.4033,12.313,6.375
2024-01-01T00:27:27.750950,ETH,2297.2598,2297.6415,0.425,13.238
2024-01-01T00:27:27.750950,SOL,97.2112,97.2362,4.564,4.651
2024-01-01T00:27:28.000401,BTC,42358.9691,42369.2333,17.637,1.131
2024-01-01T00:27:28.000401,SOL,97.2433,97.2701,5.829,0.068
2024-01-01T00:27:28.250103,ETH,2296.3395,2296.9324,4.745,2.594
2024-01-01T00:27:28.750860,ETH,2295.727,2296.2817,0.809,0.307
2024-01-01T00:27:28.750860,SOL,97.2628,97.28,3.8,1.128
2024-01-01T00:27:29.000686,ETH,2294.2412,2294.6624,5.689,3.337
2024-01-01T00:27:29.250258,BTC,42376.427,42381.6916,3.897,3.078
2024-01-01T00:27:29.750996,ETH,2291.1846,2291.8213,2.066,2.36
2024-01-01T00:27:30.000283,SOL,97.3171,97.3313,0.74,3.961
2024-01-01T00:27:30.250128,ETH,2293.0901,2293.425,1.624,0.99
2024-01-01T00:27:30.750602,ETH,2293.1859,2293.5789,2.336,3.534
2024-01-01T00:27:30.750602,SOL,97.2858,97.3002,6.673,0.223
2024-01-01T00:27:31.250716,BTC,42399.0169,42410.196,4.4,4.178
2024-01-01T00:27:31.250716,ETH,2293.9078,2294.2518,13.271,2.432
2024-01-01T00:27:31.500888,SOL,97.2433,97.2686,8.361,0.346
2024-01-01T00:27:31.750900,BTC,42406.9623,42415.765,2.013,6.32
2024-01-01T00:27:31.750900,ETH,2293.6054,2294.0687,23.343,4.401
2024-01-01T00:27:31.750900,SOL,97.2954,97.3194,12.959,10.289
2024-01-01T00:27:32.250136,ETH,2294.1023,2294.4695,0.59,10.6
2024-01-01T00:27:32.500576,ETH,2293.7824,2294.3609,2.995,23.14
2024-01-01T00:27:32.500576,SOL,97.2777,97.3002,10.017,7.726
2024-01-01T00:27:32.750899,SOL,97.2771,97.2985,4.403,3.041
2024-01-01T00:27:33.000299,ETH,2294.2465,2294.6941,0.242,2.602
2024-01-01T00:27:33.250517,SOL,97.2557,97.2737,8.092,8.449
2024-01-01T00:27:33.500675,BTC,42404.8936,42414.1887,3.435,6.184
2024-01-01T00:27:33.500675,SOL,97.3001,97.3124,14.195,0.473
2024-01-01T00:27:34.000764,SOL,97.3633,97.3915,0.217,5.965
2024-01-01T00:27:34.500122,ETH,2294.1635,2294.3977,0.034,4.778
2024-01-01T00:27:34.750384,SOL,97.3923,97.4155,2.773,4.444
2024-01-01T00:27:35.000702,ETH,2294.6814,2295.1541,7.27,6.315
2024-01-01T00:27:35.000702,SOL,97.387,97.4118,1.025,7.792
2024-01-01T00:27:35.750597,ETH,2293.3093,2293.6623,13.171,3.792
2024-01-01T00:27:35.750597,SOL,97.3621,97.3755,3.889,13.675
2024-01-01T00:27:36.000304,BTC,42416.8972,42425.5546,4.046,5.54
2024-01-01T00:27:36.500297,SOL,97.3793,97.4026,2.253,3.806
2024-01-01T00:27:36.750910,BTC,42415.9597,42428.6053,6.775,2.216
2024-01-01T00:27:36.750910,SOL,97.3648,97.3746,10.821,2.057
2024-01-01T00:27:37.000795,BTC,42432.5163,42442.825,1.034,1.188
2024-01-01T00:27:37.000795,ETH,2294.7348,2295.0792,7.49,2.93
2024-01-01T00:27:37.250224,BTC,42433.9343,42439.0581,2.003,4.268
2024-01-01T00:27:37.750141,SOL,97.3452,97.3686,2.319,1.835
2024-01-01T00:27:38.000435,BTC,42422.6147,42427.1416,1.098,2.074
2024-01-01T00:27:38.000435,ETH,2295.9234,2296.5793,1.063,3.53
2024-01-01T00:27:38.000435,SOL,97.3463,97.3706,9.955,2.725
2024-01-01T00:27:38.250881,SOL,97.3471,97.37,8.691,2.869
2024-01-01T00:27:38.500709,BTC,42387.721,42393.0092,0.096,3.494
2024-01-01T00:27:38.750710,BTC,42380.1549,42391.5136,4.151,1.064
2024-01-01T00:27:39.000567,SOL,97.4499,97.4625,2.354,0.364
2024-01-01T00:27:39.250847,SOL,97.4752,97.485,5.086,16.065
2024-01-01T00:27:39.500363,BTC,42373.0209,42378.9828,2.661,0.148
2024-01-01T00:27:39.500363,SOL,97.4869,97.5001,2.454,2.141
2024-01-01T00:27:40.000787,ETH,2295.9518,2296.4118,7.22,1.074
2024-01-01T00:27:40.000787,SOL,97.5196,97.5416,5.186,4.047
2024-01-01T00:27:40.250911,BTC,42384.1608,42392.4817,5.304,0.17
2024-01-01T00:27:40.750846,BTC,42399.4233,42411.2136,4.058,9.478
2024-01-01T00:27:41.250905,BTC,42406.3046,42413.1712,15.128,9.53
2024-01-01T00:27:41.250905,ETH,2295.766,2296.3667,2.258,2.716
2024-01-01T00:27:41.250905,SOL,97.4218,97.4354,0.73,0.449
2024-01-01T00:27:41.500989,BTC,42384.1661,42396.4769,4.056,2.99
2024-01-01T00:27:41.750504,BTC,42401.1957,42410.3363,13.719,4.821
2024-01-01T00:27:41.750504,ETH,2295.2722,2295.9412,0.032,0.625
2024-01-01T00:27:42.000702,ETH,2295.2518,2295.8073,17.853,4.176
2024-01-01T00:27:42.500133,BTC,42371.9571,42383.8392,0.623,1.718
2024-01-01T00:27:42.750795,BTC,42395.3482,42403.6067,6.373,22.988
2024-01-01T00:27:43.000690,BTC,42386.7521,42396.1195,1.177,0.977
2024-01-01T00:27:43.000690,ETH,2294.9424,2295.3978,5.482,0.183
2024-01-01T00:27:43.000690,SOL,97.4847,97.503,2.239,2.354
2024-01-01T00:27:43.500868,ETH,2295.2279,2295.7027,1.026,0.243
2024-01-01T00:27:43.500868,SOL,97.4646,97.4887,5.022,1.106
2024-01-01T00:27:44.000594,ETH,2295.6838,2296.2183,3.846,1.444
2024-01-01T00:27:44.250978,ETH,2294.124,2294.8059,0.203,0.574
2024-01-01T00:27:44.500175,SOL,97.5164,97.5442,2.216,7.954
2024-01-01T00:27:44.750702,BTC,42402.7941,42414.038,1.8,3.905
2024-01-01T00:27:44.750702,SOL,97.4945,97.5106,2.591,4.363
2024-01-01T00:27:45.500973,ETH,2294.6331,2294.9557,2.126,1.162
2024-01-01T00:27:46.000582,ETH,2293.7942,2294.4595,1.414,1.614
2024-01-01T00:27:46.000582,SOL,97.4194,97.439,6.619,4.618
2024-01-01T00:27:46.250325,BTC,42424.0047,42431.2106,1.949,1.623
2024-01-01T00:27:46.500746,ETH,2292.1566,2292.567,4.918,5.462
2024-01-01T00:27:46.500746,SOL,97.4301,97.4486,18.65,1.543
2024-01-01T00:27:46.750376,SOL,97.3866,97.4065,0.14,0.338
2024-01-01T00:27:47.250220,BTC,42434.417,42443.7902,0.506,10.291
2024-01-01T00:27:47.750786,BTC,42463.4459,42468.1007,0.983,4.878
2024-01-01T00:27:47.750786,SOL,97.4042,97.4265,23.031,19.227
2024-01-01T00:27:48.000962,ETH,2291.5488,2291.8682,0.426,18.666
2024-01-01T00:27:48.500316,SOL,97.3928,97.4217,3.184,3.359
2024-01-01T00:27:48.750754,ETH,2292.6505,2293.2954,1.649,4.733
2024-01-01T00:27:49.250377,BTC,42483.7014,42487.9959,2.084,4.422
2024-01-01T00:27:49.250377,ETH,2294.2792,2294.6555,2.72,7.197
2024-01-01T00:27:49.250377,SOL,97.3919,97.4139,12.902,2.691
2024-01-01T00:27:49.500231,BTC,42487.3347,42492.7751,3.721,0.176
2024-01-01T00:27:49.500231,ETH,2293.6111,2294.2511,4.775,3.463
2024-01-01T00:27:49.500231,SOL,97.4102,97.4363,6.196,3.988
2024-01-01T00:27:49.750115,SOL,97.4423,97.4664,4.735,11.499
2024-01-01T00:27:51.250495,ETH,2292.7284,2293.1061,12.732,9.268
2024-01-01T00:27:51.250495,SOL,97.4111,97.4398,8.686,3.409
2024-01-01T00:27:51.750860,BTC,42483.8289,42493.6799,0.482,5.197
2024-01-01T00:27:51.750860,ETH,2293.1506,2293.6464,3.702,0.211
2024-01-01T00:27:51.750860,SOL,97.3445,97.3668,1.697,1.142
2024-01-01T00:27:52.000879,ETH,2291.4052,2292.0571,8.728,0.886
2024-01-01T00:27:52.250791,SOL,97.3184,97.336,1.126,3.09
2024-01-01T00:27:52.500780,ETH,2291.2445,2291.644,0.952,4.132
2024-01-01T00:27:53.000325,ETH,2291.476,2291.8743,0.349,5.229
2024-01-01T00:27:53.000325,SOL,97.362,97.384,6.547,6.742
2024-01-01T00:27:53.250808,BTC,42483.5547,42495.951,1.445,5.44
2024-01-01T00:27:53.250808,ETH,2290.1684,2290.563,1.844,2.425
2024-01-01T00:27:53.250808,SOL,97.3805,97.3968,1.882,2.714
2024-01-01T00:27:53.500886,SOL,97.4214,97.4434,4.3,1.756
2024-01-01T00:27:53.750885,BTC,42516.7624,42528.3939,9.193,2.178
2024-01-01T00:27:53.750885,SOL,97.4862,97.5067,2.939,2.15
2024-01-01T00:27:54.250566,ETH,2290.065,2290.4709,10.942,1.148
2024-01-01T00:27:55.000237,BTC,42496.3142,42507.3774,11.286,2.071
2024-01-01T00:27:55.000237,ETH,2290.4109,2290.9225,3.692,4.562
2024-01-01T00:27:55.000237,SOL,97.4957,97.5218,0.736,1.479
2024-01-01T00:27:55.250201,SOL,97.4801,97.4927,6.551,0.156
2024-01-01T00:27:55.500219,SOL,97.4827,97.5081,1.676,3.956
2024-01-01T00:27:55.750275,SOL,97.4462,97.4629,1.472,12.262
2024-01-01T00:27:56.000886,BTC,42494.0112,42499.565,4.27,9.433
2024-01-01T00:27:56.000886,ETH,2291.7911,2292.2582,0.882,1.11
2024-01-01T00:27:56.250089,BTC,42482.7191,42494.6762,0.917,10.219
2024-01-01T00:27:56.750451,BTC,42489.0332,42498.8565,7.477,17.503
2024-01-01T00:27:56.750451,SOL,97.4493,97.4747,3.348,11.026
2024-01-01T00:27:57.250736,ETH,2291.4736,2292.1396,7.997,3.104
2024-01-01T00:27:57.750433,BTC,42483.746,42492.9038,4.936,4.647
2024-01-01T00:27:57.750433,SOL,97.4493,97.474,0.23,3.745
2024-01-01T00:27:58.000106,ETH,2289.5897,2290.2535,2.621,0.708
2024-01-01T00:27:58.250540,ETH,2291.9319,2292.2884,3.665,0.867
2024-01-01T00:27:59.000475,BTC,42509.6014,42514.1094,4.353,0.229
2024-01-01T00:27:59.250184,ETH,2291.022,2291.6535,4.035,4.137
2024-01-01T00:27:59.500070,SOL,97.4316,97.4416,8.085,2.795
2024-01-01T00:27:59.750335,ETH,2289.8156,2290.4001,2.992,5.771
2024-01-01T00:28:00.500189,ETH,2290.0231,2290.354,8.06,5.979
2024-01-01T00:28:00.750105,ETH,2291.1157,2291.7693,0.577,4.247
2024-01-01T00:28:01.500575,BTC,42504.6195,42513.2263,0.424,0.951
2024-01-01T00:28:01.500575,SOL,97.4353,97.4642,0.145,10.786
2024-01-01T00:28:01.750921,BTC,42504.2289,42510.0053,15.86,4.142
2024-01-01T00:28:02.250157,ETH,2291.7893,2292.0914,0.375,0.822
2024-01-01T00:28:02.500869,SOL,97.5111,97.5217,0.293,1.918
2024-01-01T00:28:02.750209,SOL,97.4518,97.4643,0.218,20.18
2024-01-01T00:28:03.000787,BTC,42485.5547,42490.2291,7.947,1.854
2024-01-01T00:28:03.250764,BTC,42479.6583,42491.7861,16.685,2.072
2024-01-01T00:28:03.250764,ETH,2292.1609,2292.6419,2.633,5.497
2024-01-01T00:28:03.500369,ETH,2292.9617,2293.352,1.912,0.665
2024-01-01T00:28:03.500369,SOL,97.4276,97.4432,4.477,2.314
2024-01-01T00:28:03.750251,BTC,42483.9562,42493.1671,4.552,2.384
2024-01-01T00:28:03.750251,ETH,2293.5366,2293.7937,2.755,7.913
2024-01-01T00:28:04.000009,BTC,42488.2823,42499.014,0.13,13.815
2024-01-01T00:28:04.000009,ETH,2294.6113,2295.0529,0.705,31.224
2024-01-01T00:28:04.250628,ETH,2293.5253,2294.183,5.81,0.592
2024-01-01T00:28:04.250628,SOL,97.4498,97.4723,6.798,3.325
2024-01-01T00:28:04.500479,BTC,42505.022,42516.1666,3.374,19.211
2024-01-01T00:28:04.500479,ETH,2294.162,2294.4454,6.017,0.465
2024-01-01T00:28:04.750455,BTC,42473.5938,42484.7948,1.505,3.386
2024-01-01T00:28:04.750455,ETH,2293.3255,2293.6542,0.411,0.799
2024-01-01T00:28:05.250292,BTC,42476.9624,42486.476,10.705,0.811
2024-01-01T00:28:05.250292,ETH,2292.7747,2293.1904,2.643,2.604
2024-01-01T00:28:05.250292,SOL,97.4013,97.419,5.906,8.348
2024-01-01T00:28:05.500380,SOL,97.3787,97.4036,2.294,1.221
2024-01-01T00:28:05.750928,SOL,97.4322,97.4489,2.579,1.018
2024-01-01T00:28:06.000518,BTC,42462.86,42469.4488,16.964,1.244
2024-01-01T00:28:06.250780,ETH,2290.8866,2291.4563,13.379,20.447
2024-01-01T00:28:06.500775,SOL,97.4013,97.4224,0.643,2.276
2024-01-01T00:28:06.750406,SOL,97.4644,97.4881,2.052,22.279
2024-01-01T00:28:07.000822,ETH,2291.2478,2291.6624,1.497,8.183
2024-01-01T00:28:07.250886,SOL,97.4633,97.4775,9.691,0.594
2024-01-01T00:28:07.500046,BTC,42461.2395,42465.672,0.477,7.297
2024-01-01T00:28:07.500046,ETH,2291.7115,2292.0701,1.763,14.189
2024-01-01T00:28:07.500046,SOL,97.4271,97.4394,0.696,3.066
2024-01-01T00:28:07.750833,BTC,42475.0576,42484.289,14.466,5.369
2024-01-01T00:28:07.750833,ETH,2292.0347,2292.3565,0.301,2.541
2024-01-01T00:28:07.750833,SOL,97.3838,97.4048,2.006,2.052
2024-01-01T00:28:08.000845,BTC,42475.6081,42483.1789,14.366,5.525
2024-01-01T00:28:08.000845,SOL,97.4308,97.4423,4.248,3.519
2024-01-01T00:28:08.250930,BTC,42492.0223,42500.1584,6.589,1.776
2024-01-01T00:28:08.250930,ETH,2292.7724,2293.1311,11.881,3.539
2024-01-01T00:28:08.500070,ETH,2293.1491,2293.677,5.312,15.189
2024-01-01T00:28:08.750125,SOL,97.4636,97.4819,1.05,0.57
2024-01-01T00:28:09.000347,BTC,42492.0627,42499.4978,4.154,1.539
2024-01-01T00:28:09.000347,SOL,97.4566,97.4701,1.042,10.763
2024-01-01T00:28:09.500847,ETH,2293.1179,2293.372,11.656,0.713
2024-01-01T00:28:09.500847,SOL,97.402,97.4145,3.054,2.539
2024-01-01T00:28:09.750653,ETH,2294.2344,2294.5137,1.692,0.236
2024-01-01T00:28:10.000761,SOL,97.3549,97.3709,0.098,0.619
2024-01-01T00:28:10.250232,BTC,42504.1311,42510.5101,1.296,24.807
2024-01-01T00:28:10.500446,BTC,42495.9704,42500.8915,0.049,5.51
2024-01-01T00:28:10.500446,ETH,2295.4338,2295.9234,2.508,2.948
2024-01-01T00:28:10.750555,ETH,2293.8566,2294.3946,4.403,0.831
2024-01-01T00:28:10.750555,SOL,97.3575,97.385,5.534,6.239
2024-01-01T00:28:11.000483,SOL,97.3837,97.4117,0.427,5.747
2024-01-01T00:28:11.250038,BTC,42492.2282,42500.504,2.654,23.677
2024-01-01T00:28:11.250038,SOL,97.381,97.3967,0.084,2.56
2024-01-01T00:28:11.500218,BTC,42484.1925,42496.9097,9.265,6.357
2024-01-01T00:28:11.500218,SOL,97.4121,97.4407,5.871,4.581
2024-01-01T00:28:11.750979,ETH,2294.5563,2295.028,11.237,3.679
2024-01-01T00:28:12.000367,SOL,97.3815,97.4067,1.051,1.269
2024-01-01T00:28:12.250965,ETH,2294.4729,2294.976,2.01,1.995
2024-01-01T00:28:12.750714,ETH,2295.8068,2296.0671,0.571,2.858
2024-01-01T00:28:13.000191,ETH,2293.2948,2293.9253,6.15,5.338
2024-01-01T00:28:13.500867,ETH,2294.6967,2295.077,0.344,0.878
2024-01-01T00:28:13.750710,BTC,42456.3954,42462.0522,10.11,3.312
2024-01-01T00:28:14.000465,BTC,42428.0486,42438.2136,0.645,0.712
2024-01-01T00:28:14.250596,ETH,2296.1585,2296.527,0.019,4.95
2024-01-01T00:28:14.500906,BTC,42435.9113,42442.1091,2.458,0.51
2024-01-01T00:28:14.500906,SOL,97.3978,97.4158,16.374,0.659
2024-01-01T00:28:14.750663,ETH,2297.1896,2297.4401,12.461,5.759
2024-01-01T00:28:14.750663,SOL,97.3793,97.3969,16.674,5.896
2024-01-01T00:28:15.000562,SOL,97.3666,97.3923,0.733,4.552
2024-01-01T00:28:15.250917,BTC,42433.7924,42439.6838,22.516,3.915
2024-01-01T00:28:15.250917,ETH,2296.34,2296.8815,0.167,8.019
2024-01-01T00:28:15.500095,ETH,2297.3203,2297.7383,9.816,1.462
2024-01-01T00:28:16.500539,ETH,2297.7634,2298.167,0.754,0.704
2024-01-01T00:28:16.750978,BTC,42417.8594,42429.5815,4.499,4.511
2024-01-01T00:28:17.250507,BTC,42436.2698,42447.8888,4.402,5.995
2024-01-01T00:28:17.250507,ETH,2297.0776,2297.6611,7.782,0.413
2024-01-01T00:28:17.500580,ETH,2298.2886,2298.8473,9.883,1.1
2024-01-01T00:28:17.750398,SOL,97.3869,97.4138,1.811,33.378
2024-01-01T00:28:18.000901,SOL,97.4222,97.4368,2.992,5.069
2024-01-01T00:28:18.250231,BTC,42437.2774,42447.5898,1.126,0.52
2024-01-01T00:28:18.250231,ETH,2297.5087,2297.9832,11.853,3.412
2024-01-01T00:28:18.250231,SOL,97.4998,97.5132,2.331,3.271
2024-01-01T00:28:19.000849,BTC,42438.3056,42449.1451,2.02,7.977
2024-01-01T00:28:19.000849,ETH,2298.2853,2298.6294,23.929,4.585
2024-01-01T00:28:19.250718,ETH,2296.8422,2297.3888,4.602,8.842
2024-01-01T00:28:19.250718,SOL,97.4684,97.4793,2.611,25.967
2024-01-01T00:28:19.500894,BTC,42432.0207,42440.4365,0.445,1.928
2024-01-01T00:28:19.750856,ETH,2299.3188,2299.5931,0.607,0.689
2024-01-01T00:28:20.250289,ETH,2298.4754,2298.7999,7.115,0.193
2024-01-01T00:28:20.500155,ETH,2297.973,2298.4679,1.57,1.259
2024-01-01T00:28:20.500155,SOL,97.4212,97.4372,5.232,2.74
2024-01-01T00:28:20.750914,SOL,97.443,97.4669,4.222,5.907
2024-01-01T00:28:21.000638,ETH,2298.298,2298.8163,4.043,0.958
2024-01-01T00:28:21.250990,BTC,42420.3655,42433.022,2.064,3.187
2024-01-01T00:28:21.250990,SOL,97.5353,97.5514,8.822,0.834
2024-01-01T00:28:21.500909,BTC,42428.4824,42440.3638,1.805,2.738
2024-01-01T00:28:21.500909,SOL,97.5102,97.5331,9.329,11.649
2024-01-01T00:28:21.750564,SOL,97.4438,97.4722,0.374,24.74
2024-01-01T00:28:22.000870,ETH,2298.235,2298.7068,11.695,0.092
2024-01-01T00:28:22.250689,BTC,42438.0707,42447.112,3.569,7.528
2024-01-01T00:28:22.500845,SOL,97.52,97.5336,21.681,12.923
2024-01-01T00:28:22.750960,SOL,97.4999,97.5235,2.164,1.553
2024-01-01T00:28:23.000652,BTC,42462.2305,42470.4254,1.712,4.964
2024-01-01T00:28:23.250166,ETH,2298.6326,2299.2388,4.649,1.436
2024-01-01T00:28:23.500627,ETH,2298.6737,2298.9376,3.59,3.126
2024-01-01T00:28:23.500627,SOL,97.4934,97.515,15.321,12.79
2024-01-01T00:28:23.750529,ETH,2297.8499,2298.2265,1.543,4.131
2024-01-01T00:28:23.750529,SOL,97.5202,97.5348,2.789,9.573
2024-01-01T00:28:24.000460,BTC,42459.5804,42471.633,0.038,4.893
2024-01-01T00:28:24.000460,ETH,2299.7042,2300.2315,3.174,3.45
2024-01-01T00:28:24.000460,SOL,97.4432,97.4604,35.845,15.105
2024-01-01T00:28:24.250992,ETH,2299.7731,2300.0615,1.312,1.315
2024-01-01T00:28:24.500323,SOL,97.386,97.411,1.72,8.384
2024-01-01T00:28:24.750178,ETH,2300.9743,2301.4213,7.599,2.775
2024-01-01T00:28:25.000349,BTC,42464.6792,42474.4417,1.954,0.84
2024-01-01T00:28:25.000349,ETH,2302.5131,2302.7672,0.416,3.454
2024-01-01T00:28:25.250907,SOL,97.3812,97.3913,6.898,11.007
2024-01-01T00:28:25.500141,BTC,42455.5435,42463.6098,4.9,3.157
2024-01-01T00:28:25.750768,ETH,2302.9052,2303.1792,3.129,7.246
2024-01-01T00:28:26.000992,BTC,42482.374,42491.3894,3.167,4.319
2024-01-01T00:28:26.500896,ETH,2303.5641,2304.009,8.404,0.886
2024-01-01T00:28:26.750573,ETH,2302.4084,2302.9052,5.412,13.606
2024-01-01T00:28:27.250885,BTC,42451.0666,42461.3415,0.283,4.066
2024-01-01T00:28:27.500536,ETH,2301.1328,2301.7107,2.84,14.571
2024-01-01T00:28:27.500536,SOL,97.415,97.4426,8.202,5.618
2024-01-01T00:28:27.750977,ETH,2301.7874,2302.4487,0.196,3.502
2024-01-01T00:28:28.000359,BTC,42462.5551,42468.979,6.19,0.774
2024-01-01T00:28:28.000359,ETH,2302.8579,2303.2588,5.377,1.234
2024-01-01T00:28:28.500111,BTC,42462.2589,42470.2727,6.357,3.645
2024-01-01T00:28:28.500111,SOL,97.3729,97.3962,4.294,2.568
2024-01-01T00:28:28.750795,BTC,42455.5983,42465.3672,5.9,3.583
2024-01-01T00:28:28.750795,SOL,97.4111,97.4303,2.847,0.58
2024-01-01T00:28:29.250412,SOL,97.431,97.4514,0.474,2.647
2024-01-01T00:28:29.500358,BTC,42468.6982,42480.9383,0.444,3.317
2024-01-01T00:28:29.500358,ETH,2301.9155,2302.5123,8.843,0.451
2024-01-01T00:28:29.500358,SOL,97.4932,97.5193,25.142,5.106
2024-01-01T00:28:30.000919,SOL,97.3684,97.3819,0.022,14.403
2024-01-01T00:28:30.250529,SOL,97.3544,97.3665,12.375,1.975
2024-01-01T00:28:30.500457,BTC,42470.0167,42476.0532,1.338,14.776
2024-01-01T00:28:30.500457,SOL,97.3993,97.4167,3.356,0.674
2024-01-01T00:28:31.000399,SOL,97.3907,97.4029,5.913,16.307
2024-01-01T00:28:31.250444,ETH,2303.6336,2304.2012,2.288,8.056
2024-01-01T00:28:31.500697,ETH,2304.249,2304.9173,7.61,5.047
2024-01-01T00:28:31.750509,BTC,42444.3558,42451.777,1.299,17.273
2024-01-01T00:28:32.000200,BTC,42464.3496,42475.2622,8.518,8.743
2024-01-01T00:28:32.000200,ETH,2303.0342,2303.5258,6.091,3.189
2024-01-01T00:28:32.250932,BTC,42456.9419,42468.8454,4.153,10.387
2024-01-01T00:28:32.250932,ETH,2302.5714,2303.1608,11.398,0.706
2024-01-01T00:28:32.500858,SOL,97.44,97.4673,3.155,1.464
2024-01-01T00:28:33.250523,ETH,2304.591,2305.1986,2.801,3.308
2024-01-01T00:28:33.250523,SOL,97.4033,97.4241,10.488,8.898
2024-01-01T00:28:34.000685,ETH,2304.7204,2305.2106,11.673,8.985
2024-01-01T00:28:34.250166,SOL,97.3869,97.3978,1.56,0.804
2024-01-01T00:28:34.500872,ETH,2303.968,2304.5912,13.108,2.059
2024-01-01T00:28:34.750526,ETH,2304.5678,2304.9313,0.773,1.196
2024-01-01T00:28:35.000877,SOL,97.3862,97.4153,29.093,2.673
2024-01-01T00:28:35.250566,BTC,42441.1471,42447.5491,4.644,2.686
2024-01-01T00:28:35.500481,BTC,42454.623,42466.9496,7.588,3.095
2024-01-01T00:28:35.750996,ETH,2304.825,2305.285,25.737,2.82
2024-01-01T00:28:36.000288,ETH,2303.5173,2303.8238,0.138,0.247
2024-01-01T00:28:36.250936,BTC,42437.8966,42450.496,0.021,0.5
2024-01-01T00:28:36.250936,SOL,97.428,97.4481,0.892,0.974
2024-01-01T00:28:36.500573,BTC,42453.0598,42465.0951,0.694,4.418
2024-01-01T00:28:36.500573,SOL,97.5005,97.5229,1.412,3.785
2024-01-01T00:28:36.750345,BTC,42435.4698,42448.099,4.124,2.726
2024-01-01T00:28:36.750345,SOL,97.3729,97.3871,8.128,4.305
2024-01-01T00:28:37.000694,SOL,97.4269,97.4535,0.498,2.073
2024-01-01T00:28:37.250367,BTC,42430.6451,42442.7858,8.067,9.705
2024-01-01T00:28:37.250367,ETH,2303.9618,2304.2393,1.928,4.144
2024-01-01T00:28:37.500970,BTC,42436.396,42441.773,27.356,0.164
2024-01-01T00:28:38.000612,SOL,97.4705,97.4963,3.026,7.331
2024-01-01T00:28:38.250121,ETH,2305.2871,2305.769,7.505,9.411
2024-01-01T00:28:38.750809,BTC,42454.8138,42467.301,0.828,8.666
2024-01-01T00:28:38.750809,ETH,2303.3695,2303.9506,4.887,1.096
2024-01-01T00:28:39.000465,BTC,42452.5883,42463.9719,0.08,1.414
2024-01-01T00:28:39.250240,BTC,42479.3194,42486.5337,6.437,8.561
2024-01-01T00:28:39.500534,ETH,2303.0395,2303.5959,1.202,0.477
2024-01-01T00:28:39.500534,SOL,97.5389,97.5653,3.415,0.801
2024-01-01T00:28:40.000711,SOL,97.5731,97.5912,0.582,1.225
2024-01-01T00:28:40.250047,BTC,42468.7263,42477.2025,1.832,7.832
2024-01-01T00:28:40.250047,ETH,2304.4839,2305.1689,8.934,2.586
2024-01-01T00:28:40.500601,SOL,97.5617,97.5745,5.948,1.763
2024-01-01T00:28:40.750277,BTC,42459.5863,42466.7001,2.654,5.162
2024-01-01T00:28:40.750277,SOL,97.5816,97.5926,3.195,10.005
2024-01-01T00:28:41.000302,SOL,97.5927,97.6042,5.146,2.102
2024-01-01T00:28:41.250350,SOL,97.5525,97.5696,5.315,2.375
2024-01-01T00:28:41.500567,ETH,2303.1008,2303.5242,3.833,6.459
2024-01-01T00:28:42.000280,SOL,97.6196,97.6377,0.997,1.07
2024-01-01T00:28:42.250157,BTC,42450.0534,42458.9848,3.294,1.685
2024-01-01T00:28:42.250157,ETH,2304.0022,2304.5141,0.622,1.637
2024-01-01T00:28:42.250157,SOL,97.6632,97.6921,3.14,14.921
2024-01-01T00:28:42.500691,ETH,2303.4072,2303.7529,1.629,5.071
2024-01-01T00:28:42.500691,SOL,97.6974,97.7241,2.775,6.253
2024-01-01T00:28:43.000394,BTC,42449.9307,42456.4312,3.535,8.117
2024-01-01T00:28:43.000394,ETH,2304.4623,2304.7232,0.563,8.808
2024-01-01T00:28:43.250448,ETH,2305.4573,2306.0964,8.934,0.117
2024-01-01T00:28:43.500537,SOL,97.7351,97.7546,8.038,7.406
2024-01-01T00:28:43.750940,ETH,2306.4303,2307.0951,0.963,1.001
2024-01-01T00:28:44.250763,SOL,97.6958,97.7062,2.329,8.246
2024-01-01T00:28:44.500945,BTC,42449.5012,42457.6946,11.97,0.392
2024-01-01T00:28:44.500945,SOL,97.6755,97.6986,6.146,0.039
2024-01-01T00:28:44.750871,BTC,42431.3754,42442.0657,5.26,2.197
2024-01-01T00:28:44.750871,ETH,2306.8819,2307.4241,4.215,1.448
2024-01-01T00:28:44.750871,SOL,97.6817,97.7097,2.679,1.203
2024-01-01T00:28:45.000466,SOL,97.7151,97.7299,6.311,6.384
2024-01-01T00:28:45.250148,ETH,2305.6526,2306.3095,0.284,22.539
2024-01-01T00:28:45.250148,SOL,97.7597,97.7779,6.918,0.944
2024-01-01T00:28:46.000788,ETH,2304.9668,2305.2592,1.672,5.613
2024-01-01T00:28:46.000788,SOL,97.7382,97.756,4.027,2.826
2024-01-01T00:28:46.500280,ETH,2304.6234,2305.3015,12.259,1.642
2024-01-01T00:28:46.500280,SOL,97.6948,97.7232,3.797,2.153
2024-01-01T00:28:47.000502,ETH,2305.7528,2306.0873,3.133,1.52
2024-01-01T00:28:47.000502,SOL,97.6765,97.6898,9.044,2.626
2024-01-01T00:28:47.250950,BTC,42412.858,42421.2856,5.464,5.089
2024-01-01T00:28:47.500379,BTC,42423.7837,42435.4356,5.774,1.72
2024-01-01T00:28:48.250710,BTC,42407.951,42419.2631,14.635,0.902
2024-01-01T00:28:48.250710,SOL,97.7007,97.716,1.538,4.723
2024-01-01T00:28:48.500836,SOL,97.7181,97.7301,2.482,3.675
2024-01-01T00:28:48.750896,ETH,2305.9694,2306.6436,4.819,0.073
2024-01-01T00:28:48.750896,SOL,97.7254,97.7498,2.109,16.407
2024-01-01T00:28:49.250504,BTC,42425.6007,42431.5814,10.934,4.975
2024-01-01T00:28:49.750387,ETH,2306.5053,2307.0177,7.415,6.06
2024-01-01T00:28:50.000642,SOL,97.7379,97.7535,1.056,6.259
2024-01-01T00:28:50.500537,BTC,42441.6605,42449.6588,8.575,4.386
2024-01-01T00:28:50.500537,SOL,97.7158,97.7318,7.954,4.341
2024-01-01T00:28:50.750982,ETH,2305.791,2306.1157,7.635,1.502
2024-01-01T00:28:51.250367,ETH,2306.4241,2306.9568,2.323,9.376
2024-01-01T00:28:51.500704,ETH,2307.7228,2308.1639,0.695,3.648
2024-01-01T00:28:51.750704,BTC,42432.5667,42437.6526,8.101,32.868
2024-01-01T00:28:52.750153,ETH,2307.4025,2308.0525,3.499,0.446
2024-01-01T00:28:53.000552,BTC,42440.0153,42448.3142,0.397,1.153
2024-01-01T00:28:53.250537,BTC,42426.4344,42435.1527,0.943,6.179
2024-01-01T00:28:53.250537,SOL,97.6502,97.6741,6.391,5.437
2024-01-01T00:28:53.750818,ETH,2307.4392,2307.9126,5.076,0.444
2024-01-01T00:28:53.750818,SOL,97.6146,97.6432,6.213,0.697
2024-01-01T00:28:54.000884,ETH,2308.0644,2308.3646,9.898,6.203
2024-01-01T00:28:54.500156,BTC,42407.0817,42416.186,10.409,2.456
2024-01-01T00:28:54.500156,SOL,97.5735,97.5903,3.518,26.853
2024-01-01T00:28:54.750804,ETH,2308.1762,2308.4099,4.486,1.38
2024-01-01T00:28:54.750804,SOL,97.548,97.577,4.165,7.872
2024-01-01T00:28:55.000827,BTC,42413.8388,42419.6243,0.809,9.211
2024-01-01T00:28:55.250793,BTC,42409.6096,42417.2109,10.536,13.282
2024-01-01T00:28:55.250793,SOL,97.5735,97.5855,7.344,8.836
2024-01-01T00:28:55.500027,BTC,42390.599,42400.1627,0.642,27.178
2024-01-01T00:28:55.500027,ETH,2305.4484,2305.7559,1.333,12.213
2024-01-01T00:28:55.500027,SOL,97.6135,97.6297,4.086,1.026
2024-01-01T00:28:55.750293,BTC,42397.2512,42404.2469,0.268,0.515
2024-01-01T00:28:55.750293,ETH,2304.5012,2304.9573,8.114,1.137
2024-01-01T00:28:56.000848,BTC,42398.541,42406.9502,0.983,8.982
2024-01-01T00:28:56.000848,SOL,97.6214,97.6395,5.261,0.217
2024-01-01T00:28:56.250998,SOL,97.5765,97.5953,7.749,9.222
2024-01-01T00:28:56.500255,SOL,97.6111,97.6331,0.895,0.966
2024-01-01T00:28:57.000757,ETH,2305.1088,2305.6204,7.277,0.097
2024-01-01T00:28:57.250522,ETH,2304.4281,2304.7989,10.934,7.69
2024-01-01T00:28:57.750670,BTC,42437.994,42442.8815,1.508,9.329
2024-01-01T00:28:57.750670,ETH,2303.9311,2304.1909,5.271,1.69
2024-01-01T00:28:58.000600,ETH,2303.6958,2304.0707,1.361,4.153
2024-01-01T00:28:58.250665,ETH,2303.0604,2303.5624,2.301,36.108
2024-01-01T00:28:58.500198,BTC,42451.0788,42458.0768,7.193,3.379
2024-01-01T00:28:58.500198,SOL,97.5988,97.6188,7.066,3.094
2024-01-01T00:28:58.750150,SOL,97.5729,97.5917,0.122,4.101
2024-01-01T00:28:59.000233,ETH,2302.6601,2303.0423,3.076,16.698
2024-01-01T00:28:59.000233,SOL,97.4903,97.5083,2.016,2.214
2024-01-01T00:28:59.250018,BTC,42445.8324,42457.1645,15.15,1.745
2024-01-01T00:28:59.250018,SOL,97.4778,97.4922,1.609,1.886
2024-01-01T00:28:59.500918,ETH,2302.852,2303.1997,4.815,3.278
2024-01-01T00:28:59.750924,ETH,2304.2396,2304.6591,2.795,1.122
2024-01-01T00:29:00.750029,SOL,97.4986,97.5247,11.624,4.488
2024-01-01T00:29:01.250905,BTC,42443.1184,42455.6701,0.164,0.954
2024-01-01T00:29:01.250905,SOL,97.498,97.5188,7.213,8.685
2024-01-01T00:29:01.500364,SOL,97.5225,97.5353,15.954,8.206
2024-01-01T00:29:01.750229,BTC,42486.4135,42497.9452,15.549,3.012
2024-01-01T00:29:02.000723,BTC,42495.9822,42500.9213,0.414,0.407
2024-01-01T00:29:02.250477,ETH,2303.4129,2303.8559,3.664,7.656
2024-01-01T00:29:03.000880,BTC,42482.4565,42494.6691,13.411,7.907
2024-01-01T00:29:03.500740,ETH,2305.0425,2305.32,3.056,1.55
2024-01-01T00:29:03.750155,SOL,97.5494,97.5634,15.056,4.252
2024-01-01T00:29:04.000016,BTC,42481.3199,42486.6251,0.257,0.311
2024-01-01T00:29:04.000016,SOL,97.5232,97.5385,4.913,2.877
2024-01-01T00:29:04.750836,BTC,42448.0175,42458.3226,1.887,4.336
2024-01-01T00:29:04.750836,ETH,2304.2448,2304.6982,3.593,0.998
2024-01-01T00:29:05.250318,ETH,2304.4387,2305.1291,5.951,2.677
2024-01-01T00:29:05.750080,ETH,2304.2646,2304.8276,7.876,3.587
2024-01-01T00:29:06.000793,ETH,2306.3948,2306.9409,10.696,1.102
2024-01-01T00:29:06.250632,ETH,2306.7796,2307.3703,2.982,1.094
2024-01-01T00:29:06.750164,SOL,97.5128,97.526,5.14,3.366
2024-01-01T00:29:07.000581,ETH,2306.7091,2306.9818,0.74,1.785
2024-01-01T00:29:07.250848,ETH,2307.9333,2308.2352,14.491,4.698
2024-01-01T00:29:07.500423,ETH,2306.9051,2307.153,6.492,9.211
2024-01-01T00:29:07.500423,SOL,97.4967,97.5203,6.192,0.799
2024-01-01T00:29:07.750715,BTC,42413.9047,42421.1835,0.49,2.013
2024-01-01T00:29:07.750715,ETH,2308.1862,2308.7547,2.61,13.654
2024-01-01T00:29:08.000622,BTC,42389.6324,42400.3461,9.554,0.815
2024-01-01T00:29:08.000622,ETH,2307.7172,2307.9988,7.763,8.357
2024-01-01T00:29:08.250663,BTC,42390.1638,42396.0454,3.42,5.393
2024-01-01T00:29:08.250663,ETH,2307.6077,2307.853,9.679,20.648
2024-01-01T00:29:08.250663,SOL,97.5619,97.5804,0.308,1.659
2024-01-01T00:29:08.500133,ETH,2308.4445,2308.8762,1.495,4.251
2024-01-01T00:29:08.750333,BTC,42412.895,42423.0888,8.773,8.036
2024-01-01T00:29:09.000612,BTC,42406.5981,42412.5271,4.152,4.01
2024-01-01T00:29:09.500456,ETH,2308.9385,2309.2241,3.626,6.889
2024-01-01T00:29:09.500456,SOL,97.4753,97.4937,1.5,9.082
2024-01-01T00:29:09.750761,ETH,2309.45,2309.681,6.018,2.884
2024-01-01T00:29:10.000778,BTC,42376.27,42387.3559,0.59,7.557
2024-01-01T00:29:10.000778,SOL,97.463,97.4743,0.527,1.48
2024-01-01T00:29:10.250498,BTC,42384.1775,42396.4216,3.311,2.635
2024-01-01T00:29:10.750525,SOL,97.4391,97.4496,18.977,0.472
2024-01-01T00:29:11.000832,SOL,97.3885,97.4084,3.593,0.681
2024-01-01T00:29:11.250575,SOL,97.4182,97.4306,7.283,2.561
2024-01-01T00:29:12.250519,SOL,97.5001,97.517,4.228,14.001
2024-01-01T00:29:12.500755,BTC,42405.2454,42417.6246,5.413,0.496
2024-01-01T00:29:12.500755,ETH,2309.3515,2309.9168,0.573,3.378
2024-01-01T00:29:12.500755,SOL,97.5125,97.5342,0.431,10.524
2024-01-01T00:29:13.000202,BTC,42423.2291,42428.481,8.437,7.84
2024-01-01T00:29:13.000202,ETH,2309.0062,2309.264,17.784,10.068
2024-01-01T00:29:13.500937,BTC,42398.4397,42403.4531,8.532,24.531
2024-01-01T00:29:13.750063,SOL,97.6225,97.6376,3.333,2.599
2024-01-01T00:29:14.250224,BTC,42416.2657,42428.717,0.667,2.575
2024-01-01T00:29:14.250224,SOL,97.6522,97.6779,12.402,9.997
2024-01-01T00:29:14.500391,ETH,2308.6706,2309.0329,2.438,7.235
2024-01-01T00:29:14.750292,ETH,2306.4561,2307.0732,1.29,11.922
2024-01-01T00:29:15.000964,ETH,2306.7422,2307.0684,0.462,0.908
2024-01-01T00:29:15.250564,BTC,42406.7952,42415.0227,0.926,1.669
2024-01-01T00:29:15.500794,SOL,97.6639,97.6823,6.239,7.494
2024-01-01T00:29:16.000853,BTC,42398.2546,42406.3413,0.555,2.689
2024-01-01T00:29:16.000853,SOL,97.6569,97.677,4.01,1.836
2024-01-01T00:29:16.500774,ETH,2307.1099,2307.5103,11.404,9.766
2024-01-01T00:29:16.500774,SOL,97.6797,97.7053,1.596,0.499
2024-01-01T00:29:16.750315,ETH,2306.3425,2306.8199,2.847,1.801
2024-01-01T00:29:16.750315,SOL,97.6592,97.6805,0.21,6.198
2024-01-01T00:29:17.000706,SOL,97.589,97.6176,2.889,12.361
2024-01-01T00:29:17.500420,SOL,97.6226,97.6505,6.611,9.576
2024-01-01T00:29:17.750185,ETH,2305.6811,2306.2985,9.802,0.77
2024-01-01T00:29:17.750185,SOL,97.621,97.6402,0.297,2.148
2024-01-01T00:29:18.250605,BTC,42408.5939,42413.9188,10.029,2.889
2024-01-01T00:29:18.250605,SOL,97.6501,97.675,7.367,2.429
2024-01-01T00:29:18.500062,BTC,42380.1454,42390.2407,3.923,6.121
2024-01-01T00:29:18.500062,SOL,97.649,97.6638,10.882,3.022
2024-01-01T00:29:18.750132,ETH,2307.3543,2307.984,7.373,4.83
2024-01-01T00:29:19.000762,BTC,42384.0816,42396.4417,3.633,0.735
2024-01-01T00:29:19.250941,BTC,42413.4925,42423.257,0.405,3.808
2024-01-01T00:29:19.250941,SOL,97.6337,97.6519,13.976,24.514
2024-01-01T00:29:19.500229,SOL,97.6027,97.6156,0.994,13.685
2024-01-01T00:29:19.750400,SOL,97.6037,97.6179,4.837,7.46
2024-01-01T00:29:20.000522,BTC,42420.5466,42425.8883,3.658,5.618
2024-01-01T00:29:20.000522,SOL,97.6526,97.6729,3.362,0.834
2024-01-01T00:29:20.250774,ETH,2308.2403,2308.7892,1.546,0.452
2024-01-01T00:29:20.500555,ETH,2308.2044,2308.889,15.676,18.716
2024-01-01T00:29:20.750287,SOL,97.7075,97.7253,10.718,1.907
2024-01-01T00:29:21.000351,BTC,42411.6309,42416.3267,0.005,0.675
2024-01-01T00:29:21.250041,SOL,97.6524,97.6795,1.535,3.211
2024-01-01T00:29:21.750709,ETH,2308.2898,2308.9341,3.687,2.875
2024-01-01T00:29:21.750709,SOL,97.715,97.7299,0.845,0.842
2024-01-01T00:29:22.250611,SOL,97.6969,97.7253,0.745,0.634
2024-01-01T00:29:22.500764,BTC,42407.9109,42418.9859,4.485,0.809
2024-01-01T00:29:22.750941,SOL,97.6878,97.7069,8.4,7.047
2024-01-01T00:29:23.000863,BTC,42420.8383,42429.7722,7.584,1.149
2024-01-01T00:29:23.000863,SOL,97.7023,97.7225,17.524,5.482
2024-01-01T00:29:23.250289,BTC,42382.1327,42390.57,4.057,22.843
2024-01-01T00:29:24.000662,ETH,2309.151,2309.5047,0.328,8.567
2024-01-01T00:29:24.250146,BTC,42383.0762,42395.0711,7.943,10.646
2024-01-01T00:29:25.000048,SOL,97.7169,97.7289,5.595,5.049
2024-01-01T00:29:25.250500,ETH,2308.4077,2308.9466,5.237,4.446
2024-01-01T00:29:25.500417,ETH,2308.8322,2309.1576,2.211,1.586
2024-01-01T00:29:25.500417,SOL,97.7573,97.7749,24.739,1.021
2024-01-01T00:29:25.750368,ETH,2307.7742,2308.3547,9.274,3.516
2024-01-01T00:29:26.000773,SOL,97.7669,97.7899,2.183,1.19
2024-01-01T00:29:26.500443,BTC,42388.8901,42397.5912,7.598,0.161
2024-01-01T00:29:26.750399,ETH,2306.2949,2306.672,0.479,11.44
2024-01-01T00:29:26.750399,SOL,97.7932,97.8048,4.546,3.473
2024-01-01T00:29:27.000204,BTC,42362.989,42372.8136,10.271,16.624
2024-01-01T00:29:27.000204,ETH,2305.2698,2305.6291,0.943,0.949
2024-01-01T00:29:27.000204,SOL,97.7733,97.7854,0.491,10.859
2024-01-01T00:29:27.500095,BTC,42349.2567,42361.7222,12.587,5.019
2024-01-01T00:29:28.000712,SOL,97.7675,97.7792,4.349,16.226
2024-01-01T00:29:28.250287,BTC,42310.064,42314.4379,8.893,3.444
2024-01-01T00:29:28.750085,ETH,2306.3438,2306.7041,9.647,0.271
2024-01-01T00:29:28.750085,SOL,97.797,97.8159,2.508,1.132
2024-01-01T00:29:29.000959,SOL,97.7919,97.8024,4.867,10.299
2024-01-01T00:29:29.250257,ETH,2305.7756,2306.0779,5.19,1.111
2024-01-01T00:29:29.500195,ETH,2305.5291,2306.058,2.859,0.886
2024-01-01T00:29:30.250212,BTC,42317.8187,42323.1109,8.936,8.59
2024-01-01T00:29:31.000652,ETH,2304.574,2305.0133,2.82,0.91
2024-01-01T00:29:31.500637,BTC,42345.977,42354.7686,0.766,10.932
2024-01-01T00:29:31.500637,ETH,2302.4485,2303.0833,3.071,0.593
2024-01-01T00:29:32.250987,BTC,42365.512,42377.3791,5.703,1.092
2024-01-01T00:29:33.000431,ETH,2303.4577,2304.1237,14.434,5.428
2024-01-01T00:29:33.000431,SOL,97.8023,97.821,1.272,3.802
2024-01-01T00:29:33.500230,SOL,97.769,97.7926,8.552,0.188
2024-01-01T00:29:34.000062,ETH,2306.5552,2306.9519,3.781,2.857
2024-01-01T00:29:34.000062,SOL,97.7562,97.7755,3.566,1.522
2024-01-01T00:29:34.250843,ETH,2305.687,2306.257,15.436,10.688
2024-01-01T00:29:35.000897,BTC,42357.0698,42367.6025,12.278,2.968
2024-01-01T00:29:35.000897,SOL,97.7393,97.7563,2.081,10.414
2024-01-01T00:29:35.500920,BTC,42351.1899,42356.5444,1.446,0.797
2024-01-01T00:29:35.750794,BTC,42361.7347,42366.0493,1.734,1.153
2024-01-01T00:29:35.750794,SOL,97.7284,97.7501,5.107,1.518
2024-01-01T00:29:36.000207,BTC,42337.0193,42345.0288,3.845,9.33
2024-01-01T00:29:36.000207,SOL,97.7684,97.7958,0.541,4.71
2024-01-01T00:29:36.750269,BTC,42358.38,42367.8685,5.653,0.576
2024-01-01T00:29:36.750269,ETH,2305.9646,2306.3094,0.331,14.201
2024-01-01T00:29:36.750269,SOL,97.7126,97.7349,0.367,0.649
2024-01-01T00:29:37.250661,BTC,42365.6655,42371.7462,2.04,8.645
2024-01-01T00:29:37.500089,BTC,42367.1105,42378.2431,7.308,6.545
2024-01-01T00:29:37.750659,SOL,97.7375,97.7562,4.034,1.339
2024-01-01T00:29:38.000903,BTC,42359.8175,42367.8548,10.461,1.433
2024-01-01T00:29:38.000903,SOL,97.7754,97.7905,9.809,9.411
2024-01-01T00:29:38.250894,BTC,42333.1983,42338.0744,20.362,9.702
2024-01-01T00:29:38.750758,SOL,97.7329,97.756,9.184,1.524
2024-01-01T00:29:39.500835,BTC,42325.1325,42331.6234,7.784,2.963
2024-01-01T00:29:39.750627,ETH,2307.1645,2307.8328,3.611,9.275
2024-01-01T00:29:40.500239,SOL,97.7641,97.7915,0.064,3.373
2024-01-01T00:29:41.000183,BTC,42313.676,42325.8922,0.463,8.276
2024-01-01T00:29:41.000183,ETH,2306.7626,2307.1198,5.492,3.101
2024-01-01T00:29:41.250131,BTC,42312.9471,42323.5629,10.417,0.629
2024-01-01T00:29:41.250131,ETH,2305.0209,2305.4923,0.601,6.265
2024-01-01T00:29:41.500206,SOL,97.6843,97.7067,13.148,7.469
2024-01-01T00:29:41.750371,BTC,42296.0033,42304.125,1.737,3.017
2024-01-01T00:29:41.750371,ETH,2304.2593,2304.7832,1.274,9.498
2024-01-01T00:29:42.000693,BTC,42307.2749,42318.2949,7.155,5.14
2024-01-01T00:29:42.250568,ETH,2305.055,2305.5525,1.166,2.345
2024-01-01T00:29:42.500866,BTC,42294.5833,42302.9116,3.968,3.694
2024-01-01T00:29:42.500866,SOL,97.7543,97.7797,8.105,9.434
2024-01-01T00:29:42.750941,BTC,42267.7112,42278.152,7.417,5.365
2024-01-01T00:29:43.000775,ETH,2303.5152,2304.0637,5.81,1.504
2024-01-01T00:29:43.000775,SOL,97.7198,97.7396,3.189,1.184
2024-01-01T00:29:43.250410,ETH,2304.836,2305.2694,8.371,1.355
2024-01-01T00:29:44.000975,SOL,97.6856,97.6967,15.412,0.901
2024-01-01T00:29:44.250922,BTC,42279.1832,42284.6575,1.263,4.09
2024-01-01T00:29:44.250922,ETH,2306.0516,2306.3505,9.634,6.52
2024-01-01T00:29:44.750311,SOL,97.664,97.6898,4.007,0.543
2024-01-01T00:29:45.250581,BTC,42263.8935,42269.4108,1.202,0.571
2024-01-01T00:29:45.250581,SOL,97.7461,97.7674,7.342,6.652
2024-01-01T00:29:45.750293,SOL,97.6955,97.7087,3.776,1.304
2024-01-01T00:29:46.000549,BTC,42255.985,42260.9046,0.863,3.329
2024-01-01T00:29:47.250814,BTC,42261.7616,42270.759,14.208,3.928
2024-01-01T00:29:47.250814,SOL,97.7162,97.7421,1.937,3.966
2024-01-01T00:29:47.500160,BTC,42272.7645,42280.5804,1.639,10.317
2024-01-01T00:29:47.500160,ETH,2306.3178,2306.6563,1.387,5.623
2024-01-01T00:29:47.500160,SOL,97.7268,97.7526,0.025,12.732
2024-01-01T00:29:47.750811,ETH,2307.6546,2307.8928,10.328,3.284
2024-01-01T00:29:48.000936,BTC,42296.2477,42303.8178,4.166,8.857
2024-01-01T00:29:48.000936,ETH,2306.1904,2306.596,2.873,2.522
2024-01-01T00:29:48.000936,SOL,97.7899,97.8181,2.226,0.075
2024-01-01T00:29:48.250636,BTC,42338.0204,42349.2422,4.114,1.639
2024-01-01T00:29:48.500565,SOL,97.8329,97.8429,2.004,7.586
2024-01-01T00:29:48.750880,ETH,2305.9832,2306.2864,0.453,3.401
2024-01-01T00:29:48.750880,SOL,97.8516,97.8631,0.45,14.09
2024-01-01T00:29:49.000865,BTC,42349.7037,42357.0157,2.81,1.041
2024-01-01T00:29:49.000865,SOL,97.7746,97.798,4.336,2.523
2024-01-01T00:29:49.500478,SOL,97.7758,97.7905,1.69,3.684
2024-01-01T00:29:50.000459,ETH,2305.3986,2306.06,2.951,0.058
2024-01-01T00:29:50.250472,SOL,97.7032,97.7135,0.577,5.114
2024-01-01T00:29:50.500402,BTC,42349.9728,42354.2648,6.353,0.669
2024-01-01T00:29:50.500402,SOL,97.6952,97.719,9.787,4.606
2024-01-01T00:29:50.750601,ETH,2306.1751,2306.7581,10.591,0.322
2024-01-01T00:29:51.250543,BTC,42350.1175,42360.2413,1.032,2.459
2024-01-01T00:29:52.000011,BTC,42350.6886,42362.3124,3.041,0.348
2024-01-01T00:29:52.000011,SOL,97.7145,97.7294,1.115,1.089
2024-01-01T00:29:52.250010,SOL,97.7579,97.786,17.81,4.46
2024-01-01T00:29:52.500089,SOL,97.7089,97.7351,6.761,2.943
2024-01-01T00:29:52.750805,ETH,2307.2703,2307.5035,10.052,0.374
2024-01-01T00:29:53.000633,ETH,2307.7989,2308.2536,0.101,6.685
2024-01-01T00:29:53.000633,SOL,97.7122,97.7397,3.422,4.883
2024-01-01T00:29:53.250546,BTC,42381.6058,42394.2311,0.827,1.744
2024-01-01T00:29:53.750059,BTC,42396.3053,42406.7077,13.473,3.731
2024-01-01T00:29:53.750059,SOL,97.7451,97.7675,6.597,2.453
2024-01-01T00:29:54.250253,ETH,2308.3863,2308.6948,2.357,0.944
2024-01-01T00:29:54.750602,ETH,2308.8234,2309.4559,0.718,0.661
2024-01-01T00:29:55.500245,SOL,97.7121,97.7274,4.711,0.155
2024-01-01T00:29:55.750690,BTC,42386.1308,42392.3128,6.768,0.178
2024-01-01T00:29:56.000315,SOL,97.6737,97.6885,4.35,3.301
2024-01-01T00:29:56.500755,SOL,97.7566,97.7711,8.601,0.813
2024-01-01T00:29:56.750770,ETH,2309.0775,2309.4416,0.214,2.177
2024-01-01T00:29:57.000666,ETH,2308.9996,2309.617,9.0,2.766
2024-01-01T00:29:57.250803,BTC,42402.9872,42414.8096,5.506,3.865
2024-01-01T00:29:57.250803,SOL,97.7419,97.7652,7.012,2.032
2024-01-01T00:29:57.500505,SOL,97.7751,97.8016,0.397,11.681
2024-01-01T00:29:57.750183,SOL,97.7815,97.8099,0.556,8.048
2024-01-01T00:29:58.000448,SOL,97.8308,97.8484,6.703,0.744
2024-01-01T00:29:58.500580,SOL,97.7594,97.7725,3.348,1.021
2024-01-01T00:29:58.750647,ETH,2308.6918,2308.9959,9.445,5.512
2024-01-01T00:29:59.000605,SOL,97.7372,97.7604,5.61,8.889
2024-01-01T00:29:59.250111,BTC,42408.0122,42414.953,13.241,0.577
