ts,symbol,price,size,side
2024-01-01T00:00:00.001154,ETH,2300.23,0.1766,buy
2024-01-01T00:00:00.500659,ETH,2299.1159,0.6604,buy
2024-01-01T00:00:00.750696,BTC,42004.1925,0.2278,buy
2024-01-01T00:00:01.751097,SOL,101.0638,3.7015,buy
2024-01-01T00:00:02.001041,BTC,41998.1544,0.9265,sell
2024-01-01T00:00:02.501043,ETH,2299.2238,2.8142,buy
2024-01-01T00:00:04.000694,ETH,2295.4125,0.5185,sell
2024-01-01T00:00:04.501069,ETH,2296.0576,0.0343,buy
2024-01-01T00:00:05.001035,SOL,101.0837,0.5519,sell
2024-01-01T00:00:05.250602,SOL,101.1153,0.2372,sell
2024-01-01T00:00:06.000651,BTC,42010.7049,1.8029,buy
2024-01-01T00:00:06.000651,ETH,2294.5451,0.7639,buy
2024-01-01T00:00:06.750921,SOL,101.1426,1.3041,sell
2024-01-01T00:00:07.501120,BTC,42015.8896,0.1405,sell
2024-01-01T00:00:07.750701,BTC,42015.8896,0.2672,sell
2024-01-01T00:00:09.500736,ETH,2296.3303,0.329,sell
2024-01-01T00:00:09.750520,ETH,2296.7896,0.9335,buy
2024-01-01T00:00:10.250997,ETH,2296.7896,0.554,buy
2024-01-01T00:00:10.250997,SOL,101.1336,0.1586,buy
2024-01-01T00:00:10.500834,ETH,2296.3303,0.1693,sell
2024-01-01T00:00:12.251029,BTC,41969.9372,0.447,sell
2024-01-01T00:00:13.001389,BTC,42000.2877,0.223,buy
2024-01-01T00:00:13.251382,ETH,2298.452,0.0367,sell
2024-01-01T00:00:13.501309,SOL,101.0084,0.0697,sell
2024-01-01T00:00:13.751281,BTC,42006.2745,0.6006,buy
2024-01-01T00:00:15.500923,ETH,2300.9338,1.0707,sell
2024-01-01T00:00:15.750514,BTC,41999.5204,1.6274,sell
2024-01-01T00:00:15.750514,ETH,2300.9338,0.4599,sell
2024-01-01T00:00:17.000537,ETH,2300.8276,0.2053,sell
2024-01-01T00:00:17.501443,ETH,2301.2878,0.2373,buy
2024-01-01T00:00:18.001193,BTC,41970.1581,2.9295,sell
2024-01-01T00:00:18.250609,ETH,2300.7515,0.4577,sell
2024-01-01T00:00:18.501318,SOL,101.0567,0.0939,buy
2024-01-01T00:00:19.000846,SOL,101.0316,0.2048,buy
2024-01-01T00:00:19.751217,BTC,41946.3062,0.0972,sell
2024-01-01T00:00:20.251461,BTC,41954.6963,0.3906,buy
2024-01-01T00:00:20.500907,ETH,2301.2289,2.9958,buy
2024-01-01T00:00:21.000526,BTC,41987.5493,0.0904,buy
2024-01-01T00:00:21.000526,ETH,2300.7833,0.3965,buy
2024-01-01T00:00:21.250962,ETH,2301.1664,0.3423,buy
2024-01-01T00:00:21.751111,ETH,2298.8986,1.2773,sell
2024-01-01T00:00:22.251247,BTC,41956.9046,0.0652,sell
2024-01-01T00:00:22.500625,SOL,101.029,0.2497,buy
2024-01-01T00:00:23.251210,ETH,2300.316,0.1615,sell
2024-01-01T00:00:23.751024,ETH,2300.7843,0.6097,buy
2024-01-01T00:00:23.751024,SOL,101.0217,0.1288,sell
2024-01-01T00:00:24.251259,SOL,101.042,0.2618,buy
2024-01-01T00:00:24.501320,SOL,101.042,0.3411,buy
2024-01-01T00:00:25.500569,SOL,101.0632,0.0256,buy
2024-01-01T00:00:25.750877,BTC,41937.8887,1.2887,sell
2024-01-01T00:00:26.001310,BTC,41937.8887,0.5652,sell
2024-01-01T00:00:26.501195,ETH,2300.976,0.7563,buy
2024-01-01T00:00:26.750841,ETH,2300.5158,0.6876,sell
2024-01-01T00:00:28.000928,SOL,100.8867,1.2699,sell
2024-01-01T00:00:28.750640,ETH,2302.0815,0.108,buy
2024-01-01T00:00:30.001158,ETH,2301.6962,0.4079,sell
2024-01-01T00:00:30.251056,BTC,41916.9712,0.2247,sell
2024-01-01T00:00:30.251056,ETH,2301.6962,0.2128,sell
2024-01-01T00:00:31.000954,BTC,41916.9712,0.2898,sell
2024-01-01T00:00:31.751042,SOL,101.0454,0.8117,sell
2024-01-01T00:00:32.751126,BTC,41928.2103,0.8414,buy
2024-01-01T00:00:34.501381,BTC,41903.9359,0.0871,buy
2024-01-01T00:00:35.000815,BTC,41903.9359,0.4074,buy
2024-01-01T00:00:39.500697,SOL,100.9735,0.2331,buy
2024-01-01T00:00:40.000588,BTC,41903.2378,0.4327,sell
2024-01-01T00:00:40.000588,ETH,2301.3605,0.3946,buy
2024-01-01T00:00:40.250868,BTC,41911.6193,0.2443,buy
2024-01-01T00:00:41.251234,BTC,41903.2378,1.1026,sell
2024-01-01T00:00:41.251234,SOL,100.9978,1.0964,buy
2024-01-01T00:00:41.501240,BTC,41879.7716,0.8035,buy
2024-01-01T00:00:41.501240,ETH,2301.8446,2.8524,sell
2024-01-01T00:00:42.000891,ETH,2301.8446,1.3839,sell
2024-01-01T00:00:43.750838,ETH,2304.0206,0.1409,sell
2024-01-01T00:00:45.250845,SOL,101.0283,1.2502,buy
2024-01-01T00:00:45.501467,BTC,41885.4515,0.0986,buy
2024-01-01T00:00:45.501467,ETH,2305.1513,0.1645,buy
2024-01-01T00:00:45.501467,SOL,101.0081,1.8111,sell
2024-01-01T00:00:45.751434,SOL,101.0081,0.7473,sell
2024-01-01T00:00:46.250970,SOL,101.0058,0.5364,buy
2024-01-01T00:00:46.751422,ETH,2304.8794,1.7321,buy
2024-01-01T00:00:47.750690,ETH,2303.6757,0.8291,buy
2024-01-01T00:00:48.000824,BTC,41851.2754,0.3922,sell
2024-01-01T00:00:48.000824,ETH,2303.6757,0.3759,buy
2024-01-01T00:00:48.250605,ETH,2303.215,1.5707,sell
2024-01-01T00:00:49.251490,SOL,100.9784,0.598,sell
2024-01-01T00:00:51.001329,BTC,41828.3338,0.0772,buy
2024-01-01T00:00:52.751003,ETH,2304.9286,0.9544,buy
2024-01-01T00:00:53.250723,BTC,41800.278,0.9278,sell
2024-01-01T00:00:54.751367,SOL,100.9137,0.1638,sell
2024-01-01T00:00:55.501455,BTC,41815.0652,0.0573,buy
2024-01-01T00:00:55.501455,SOL,100.8881,0.0541,buy
2024-01-01T00:00:56.000640,SOL,100.9037,0.6283,sell
2024-01-01T00:00:57.001265,SOL,100.8858,0.0081,sell
2024-01-01T00:00:59.000545,BTC,41780.2397,0.3017,buy
2024-01-01T00:00:59.000545,SOL,100.8715,0.8346,sell
2024-01-01T00:00:59.500547,BTC,41780.2397,0.2211,buy
2024-01-01T00:00:59.500547,SOL,100.9261,0.5531,buy
2024-01-01T00:01:02.001464,SOL,100.8358,0.1265,sell
2024-01-01T00:01:02.750867,ETH,2308.5321,0.0198,sell
2024-01-01T00:01:03.001328,SOL,100.8358,0.2066,sell
2024-01-01T00:01:04.001471,BTC,41801.9904,0.1646,buy
2024-01-01T00:01:04.001471,ETH,2308.5321,0.15,sell
2024-01-01T00:01:04.250522,BTC,41791.0361,0.7234,sell
2024-01-01T00:01:05.001081,SOL,100.8083,0.6794,sell
2024-01-01T00:01:05.500884,ETH,2310.5921,0.3138,buy
2024-01-01T00:01:07.251402,BTC,41803.9537,0.4849,sell
2024-01-01T00:01:08.500912,SOL,100.7429,0.2407,sell
2024-01-01T00:01:12.500705,ETH,2312.4965,0.1566,buy
2024-01-01T00:01:12.750662,ETH,2311.5108,0.3113,buy
2024-01-01T00:01:13.501440,BTC,41849.8422,2.7945,buy
2024-01-01T00:01:13.751138,BTC,41844.1959,0.3595,sell
2024-01-01T00:01:14.001211,BTC,41852.5655,0.071,buy
2024-01-01T00:01:15.001371,SOL,100.5101,0.4394,sell
2024-01-01T00:01:15.251082,SOL,100.4994,0.0314,buy
2024-01-01T00:01:15.500767,BTC,41842.2859,0.496,sell
2024-01-01T00:01:16.250823,BTC,41819.7676,0.6179,buy
2024-01-01T00:01:17.001487,ETH,2310.9368,0.4521,sell
2024-01-01T00:01:17.250919,ETH,2311.399,1.7415,buy
2024-01-01T00:01:17.501290,SOL,100.3489,0.5371,sell
2024-01-01T00:01:19.001361,ETH,2310.8426,0.3196,buy
2024-01-01T00:01:19.501303,ETH,2309.6445,0.3592,buy
2024-01-01T00:01:19.751489,BTC,41868.4178,0.646,buy
2024-01-01T00:01:20.751305,ETH,2309.6445,0.16,buy
2024-01-01T00:01:21.251437,BTC,41897.7933,0.8582,buy
2024-01-01T00:01:22.250764,SOL,100.141,0.8493,buy
2024-01-01T00:01:22.500564,ETH,2306.8058,0.0748,sell
2024-01-01T00:01:22.750588,BTC,41901.6063,0.1655,buy
2024-01-01T00:01:23.250812,SOL,100.0413,3.0752,sell
2024-01-01T00:01:23.501062,SOL,100.0413,1.5358,sell
2024-01-01T00:01:25.750965,BTC,41927.1595,0.0726,sell
2024-01-01T00:01:27.001444,BTC,41888.4482,0.7226,sell
2024-01-01T00:01:27.501110,ETH,2307.2112,1.3088,buy
2024-01-01T00:01:30.501215,BTC,41928.238,3.8333,buy
2024-01-01T00:01:30.751030,SOL,100.1106,0.4705,buy
2024-01-01T00:01:31.500861,BTC,41936.9792,0.1902,sell
2024-01-01T00:01:32.501268,BTC,41936.9792,0.4338,sell
2024-01-01T00:01:33.250942,SOL,100.0423,0.0963,buy
2024-01-01T00:01:34.500914,BTC,41932.7306,0.1727,buy
2024-01-01T00:01:35.000740,ETH,2305.3961,0.0725,buy
2024-01-01T00:01:35.000740,SOL,100.1938,0.1125,buy
2024-01-01T00:01:36.001276,ETH,2304.1324,1.9578,sell
2024-01-01T00:01:36.001276,SOL,100.2596,0.2311,buy
2024-01-01T00:01:37.750830,SOL,100.1998,2.4147,sell
2024-01-01T00:01:39.000831,SOL,100.3526,0.2337,buy
2024-01-01T00:01:40.501313,ETH,2303.7844,0.5057,sell
2024-01-01T00:01:41.250940,SOL,100.4144,0.2232,buy
2024-01-01T00:01:41.500516,ETH,2301.994,0.7802,sell
2024-01-01T00:01:42.001339,ETH,2302.3745,0.2851,sell
2024-01-01T00:01:43.500951,BTC,41955.7368,1.9832,buy
2024-01-01T00:01:43.500951,SOL,100.3973,0.0786,sell
2024-01-01T00:01:44.501111,SOL,100.4331,0.5025,buy
2024-01-01T00:01:45.000563,SOL,100.4025,2.1561,buy
2024-01-01T00:01:46.750707,BTC,41954.7755,2.8283,sell
2024-01-01T00:01:47.250539,ETH,2298.8845,0.4875,sell
2024-01-01T00:01:49.750868,BTC,41982.0342,0.3065,buy
2024-01-01T00:01:49.750868,ETH,2299.3531,0.533,buy
2024-01-01T00:01:50.001037,BTC,41975.1179,0.6189,sell
2024-01-01T00:01:52.001222,SOL,100.1912,1.0697,sell
2024-01-01T00:01:52.500646,BTC,41946.0533,0.484,sell
2024-01-01T00:01:53.000515,SOL,100.1206,1.5574,buy
2024-01-01T00:01:53.501497,ETH,2299.8498,0.7995,sell
2024-01-01T00:01:54.501497,BTC,42015.3878,0.7896,buy
2024-01-01T00:01:55.251339,ETH,2299.8498,1.4551,sell
2024-01-01T00:01:55.750710,SOL,100.0908,0.3452,sell
2024-01-01T00:01:56.000630,BTC,41997.9377,2.2926,sell
2024-01-01T00:01:57.001059,BTC,42000.7547,0.4402,buy
2024-01-01T00:01:57.001059,SOL,100.0006,0.4983,sell
2024-01-01T00:01:57.251379,ETH,2299.6065,0.0617,sell
2024-01-01T00:01:59.251042,BTC,41972.0465,0.6763,sell
2024-01-01T00:02:00.750682,BTC,41971.2985,0.3762,sell
2024-01-01T00:02:00.750682,ETH,2300.7551,0.1998,buy
2024-01-01T00:02:00.750682,SOL,100.1061,0.7054,buy
2024-01-01T00:02:01.251299,BTC,41979.6936,0.3235,buy
2024-01-01T00:02:01.751417,BTC,41972.4264,3.7482,buy
2024-01-01T00:02:02.001489,BTC,41972.4264,1.0334,buy
2024-01-01T00:02:03.001310,ETH,2298.191,0.0042,buy
2024-01-01T00:02:03.501126,SOL,100.1116,0.9546,buy
2024-01-01T00:02:04.001444,SOL,100.1034,0.852,sell
2024-01-01T00:02:05.750963,BTC,41973.0198,0.7876,sell
2024-01-01T00:02:06.750843,BTC,41968.1616,0.7486,sell
2024-01-01T00:02:06.750843,ETH,2298.1795,0.6435,buy
2024-01-01T00:02:08.001463,ETH,2298.1795,0.1313,buy
2024-01-01T00:02:08.001463,SOL,99.9595,0.0792,buy
2024-01-01T00:02:08.500954,BTC,41976.5561,0.0149,buy
2024-01-01T00:02:10.000642,BTC,41975.6832,0.6407,buy
2024-01-01T00:02:10.250585,ETH,2297.2606,0.1442,sell
2024-01-01T00:02:10.500651,ETH,2297.7201,0.2455,buy
2024-01-01T00:02:11.000588,SOL,99.9893,0.2129,sell
2024-01-01T00:02:12.001389,ETH,2297.7201,0.581,buy
2024-01-01T00:02:13.001274,ETH,2297.2366,0.0117,buy
2024-01-01T00:02:13.251035,ETH,2296.7772,0.1677,sell
2024-01-01T00:02:13.500732,BTC,41998.8752,0.3762,buy
2024-01-01T00:02:13.500732,SOL,99.9233,0.0069,buy
2024-01-01T00:02:16.001286,SOL,99.8634,1.1825,sell
2024-01-01T00:02:16.501285,ETH,2297.4262,3.1193,sell
2024-01-01T00:02:16.501285,SOL,99.8496,1.2776,buy
2024-01-01T00:02:16.750953,BTC,42009.244,1.3125,sell
2024-01-01T00:02:16.750953,SOL,99.8297,0.7194,sell
2024-01-01T00:02:17.501163,BTC,42030.3563,0.5154,buy
2024-01-01T00:02:17.501163,SOL,99.8101,0.7826,buy
2024-01-01T00:02:19.501162,ETH,2300.7355,1.0162,sell
2024-01-01T00:02:19.501162,SOL,99.803,1.5139,sell
2024-01-01T00:02:19.751187,BTC,42014.0853,0.8588,sell
2024-01-01T00:02:20.501459,BTC,42036.0527,1.0694,sell
2024-01-01T00:02:21.501397,BTC,42044.4607,0.2016,buy
2024-01-01T00:02:22.500924,SOL,99.9219,0.5451,buy
2024-01-01T00:02:23.500918,BTC,42033.3763,0.179,sell
2024-01-01T00:02:24.000597,BTC,42033.7016,0.4244,sell
2024-01-01T00:02:24.251226,BTC,42042.1092,0.6445,buy
2024-01-01T00:02:24.501398,BTC,42033.7016,0.3782,sell
2024-01-01T00:02:25.001449,SOL,99.8281,0.1068,sell
2024-01-01T00:02:25.501084,BTC,42055.1659,0.223,buy
2024-01-01T00:02:25.750608,ETH,2303.505,0.7117,sell
2024-01-01T00:02:28.001186,ETH,2304.8139,0.2001,sell
2024-01-01T00:02:29.001308,BTC,42023.7974,0.1069,sell
2024-01-01T00:02:29.001308,ETH,2304.8139,0.8949,sell
2024-01-01T00:02:29.501254,ETH,2303.692,0.4801,buy
2024-01-01T00:02:34.501188,ETH,2307.0032,0.0929,buy
2024-01-01T00:02:35.500623,ETH,2305.9414,0.3128,buy
2024-01-01T00:02:36.001421,ETH,2304.9078,0.6514,sell
2024-01-01T00:02:36.501224,ETH,2304.9078,0.5203,sell
2024-01-01T00:02:36.751034,BTC,41952.9554,0.1876,sell
2024-01-01T00:02:37.750519,SOL,99.5629,0.1516,sell
2024-01-01T00:02:38.251362,ETH,2305.8841,0.552,sell
2024-01-01T00:02:38.751150,ETH,2305.8841,0.6931,sell
2024-01-01T00:02:39.001416,ETH,2305.8841,0.7023,sell
2024-01-01T00:02:40.750544,SOL,99.666,0.1198,buy
2024-01-01T00:02:41.000818,BTC,41944.2043,1.8229,sell
2024-01-01T00:02:41.500566,BTC,41929.2513,0.0376,sell
2024-01-01T00:02:41.751385,SOL,99.7841,0.0466,sell
2024-01-01T00:02:42.500932,BTC,41943.0402,0.4305,buy
2024-01-01T00:02:43.250992,ETH,2304.2224,0.0816,buy
2024-01-01T00:02:43.250992,SOL,99.7848,0.147,buy
2024-01-01T00:02:47.751117,ETH,2303.3287,0.1257,sell
2024-01-01T00:02:50.250538,ETH,2303.935,0.185,sell
2024-01-01T00:02:51.001451,ETH,2305.4293,0.0677,sell
2024-01-01T00:02:51.500567,ETH,2305.736,0.353,sell
2024-01-01T00:02:52.751033,SOL,99.8062,2.9698,sell
2024-01-01T00:02:54.000813,ETH,2308.3569,0.4223,buy
2024-01-01T00:02:54.251462,SOL,99.8241,3.2595,sell
2024-01-01T00:02:54.751205,BTC,41840.2908,0.3678,buy
2024-01-01T00:02:55.501446,BTC,41808.077,0.9995,sell
2024-01-01T00:02:55.501446,SOL,99.8566,0.7945,buy
2024-01-01T00:02:55.751037,SOL,99.8885,0.1593,sell
2024-01-01T00:02:56.251099,ETH,2307.5647,1.0461,buy
2024-01-01T00:03:00.751194,ETH,2305.4759,0.2212,sell
2024-01-01T00:03:02.251165,ETH,2305.1026,0.0868,buy
2024-01-01T00:03:03.251271,ETH,2304.716,0.9324,buy
2024-01-01T00:03:04.001105,ETH,2304.716,0.3206,buy
2024-01-01T00:03:04.751306,BTC,41793.302,0.0538,sell
2024-01-01T00:03:05.001492,ETH,2305.6118,0.566,buy
2024-01-01T00:03:06.000938,SOL,99.8523,0.9815,buy
2024-01-01T00:03:08.250507,SOL,99.9041,1.219,buy
2024-01-01T00:03:09.251499,BTC,41835.5255,0.2211,buy
2024-01-01T00:03:09.251499,ETH,2304.5087,0.8048,buy
2024-01-01T00:03:10.000727,ETH,2304.4508,0.9104,buy
2024-01-01T00:03:11.000855,SOL,99.8452,0.7954,sell
2024-01-01T00:03:11.750725,ETH,2299.6354,3.0399,sell
2024-01-01T00:03:12.000832,SOL,99.8168,0.3208,sell
2024-01-01T00:03:12.500990,SOL,99.8368,0.1305,buy
2024-01-01T00:03:12.750903,SOL,99.8368,0.323,buy
2024-01-01T00:03:13.000612,ETH,2298.4427,0.0582,buy
2024-01-01T00:03:13.250608,ETH,2298.4427,0.9505,buy
2024-01-01T00:03:13.500814,SOL,99.8564,0.1063,buy
2024-01-01T00:03:14.000578,BTC,41887.1157,1.6828,sell
2024-01-01T00:03:15.250893,BTC,41875.4831,0.1515,buy
2024-01-01T00:03:16.751157,ETH,2302.0122,1.0058,buy
2024-01-01T00:03:17.000692,SOL,99.8867,1.9158,buy
2024-01-01T00:03:19.001439,SOL,99.9057,0.0392,sell
2024-01-01T00:03:19.751058,BTC,41909.3019,0.319,sell
2024-01-01T00:03:20.250804,SOL,99.8958,0.639,sell
2024-01-01T00:03:20.500831,SOL,99.8958,1.8102,sell
2024-01-01T00:03:20.751011,BTC,41930.6228,0.3477,sell
2024-01-01T00:03:20.751011,ETH,2302.3427,1.1912,buy
2024-01-01T00:03:21.000692,ETH,2301.2705,0.0109,sell
2024-01-01T00:03:21.751325,BTC,41940.3794,1.7971,buy
2024-01-01T00:03:22.250770,BTC,41947.0186,1.0421,buy
2024-01-01T00:03:23.000901,ETH,2303.1299,0.6608,buy
2024-01-01T00:03:23.000901,SOL,99.8692,1.6888,sell
2024-01-01T00:03:23.250580,BTC,41938.63,2.7328,sell
2024-01-01T00:03:23.500887,SOL,99.8209,0.299,buy
2024-01-01T00:03:24.251128,BTC,41944.3662,0.1958,sell
2024-01-01T00:03:24.750787,BTC,41971.3153,0.5905,sell
2024-01-01T00:03:25.501398,ETH,2302.0998,0.2597,buy
2024-01-01T00:03:25.750574,ETH,2302.4719,0.159,buy
2024-01-01T00:03:26.501490,ETH,2301.4653,0.048,sell
2024-01-01T00:03:29.000611,SOL,99.7828,0.6454,buy
2024-01-01T00:03:29.750842,ETH,2298.1602,0.7597,buy
2024-01-01T00:03:30.000602,ETH,2298.1602,0.8256,buy
2024-01-01T00:03:30.751258,ETH,2297.1551,0.6573,buy
2024-01-01T00:03:31.501492,SOL,99.7523,1.1976,buy
2024-01-01T00:03:33.000748,SOL,99.7854,0.0897,sell
2024-01-01T00:03:33.251186,SOL,99.7093,0.7481,sell
2024-01-01T00:03:33.751416,ETH,2297.0976,0.6172,buy
2024-01-01T00:03:34.750534,ETH,2296.1152,2.1942,sell
2024-01-01T00:03:35.751349,BTC,41945.2661,0.1156,sell
2024-01-01T00:03:36.001250,BTC,41945.2661,0.8684,sell
2024-01-01T00:03:36.001250,SOL,99.9115,0.0254,buy
2024-01-01T00:03:36.500758,SOL,99.9917,0.56,sell
2024-01-01T00:03:37.251394,SOL,99.9917,2.2971,sell
2024-01-01T00:03:38.500553,ETH,2295.8519,1.5592,sell
2024-01-01T00:03:39.751066,ETH,2296.3111,0.0229,buy
2024-01-01T00:03:40.001124,BTC,41972.8992,0.3913,buy
2024-01-01T00:03:42.750531,BTC,41990.0317,1.1003,sell
2024-01-01T00:03:44.751291,SOL,100.1581,1.1966,sell
2024-01-01T00:03:45.000524,SOL,100.1581,1.5242,sell
2024-01-01T00:03:45.251105,BTC,41979.5808,0.0511,sell
2024-01-01T00:03:45.501258,SOL,100.0915,0.6002,sell
2024-01-01T00:03:46.000792,ETH,2296.2057,0.0841,buy
2024-01-01T00:03:46.750612,SOL,100.0403,0.2723,buy
2024-01-01T00:03:47.501008,BTC,41977.6543,0.5439,buy
2024-01-01T00:03:48.751434,SOL,100.0637,0.629,sell
2024-01-01T00:03:49.000632,BTC,41957.5081,1.0811,sell
2024-01-01T00:03:49.500665,ETH,2297.1732,0.4423,buy
2024-01-01T00:03:50.750610,SOL,99.9587,0.1552,sell
2024-01-01T00:03:52.750653,SOL,100.0107,1.4323,sell
2024-01-01T00:03:53.751302,BTC,42021.7308,2.3342,buy
2024-01-01T00:03:54.750510,SOL,99.8761,0.6946,buy
2024-01-01T00:03:55.001157,BTC,41991.6792,0.1945,sell
2024-01-01T00:03:55.501058,BTC,42000.0784,1.4979,buy
2024-01-01T00:03:55.501058,ETH,2296.6008,0.0429,sell
2024-01-01T00:03:55.750517,ETH,2296.6008,0.359,sell
2024-01-01T00:03:55.750517,SOL,99.7956,0.955,buy
2024-01-01T00:03:56.000651,BTC,41983.1223,0.2149,buy
2024-01-01T00:03:56.250974,ETH,2295.3225,0.007,buy
2024-01-01T00:03:57.501025,ETH,2292.6671,0.7159,buy
2024-01-01T00:03:57.501025,SOL,99.6965,0.6619,sell
2024-01-01T00:03:59.751269,BTC,41974.8713,0.462,buy
2024-01-01T00:04:00.000907,ETH,2291.8515,0.0713,sell
2024-01-01T00:04:00.250512,BTC,41989.8287,0.7395,sell
2024-01-01T00:04:00.250512,ETH,2292.31,0.9034,buy
2024-01-01T00:04:01.501440,SOL,99.5386,0.1058,buy
2024-01-01T00:04:02.001168,BTC,41960.7394,2.238,sell
2024-01-01T00:04:02.500947,BTC,41956.8401,0.1333,buy
2024-01-01T00:04:03.250899,SOL,99.6263,0.1216,sell
2024-01-01T00:04:05.001468,BTC,41932.3635,1.0401,sell
2024-01-01T00:04:05.750750,SOL,99.6005,0.2008,buy
2024-01-01T00:04:06.751172,BTC,41909.2117,0.0513,sell
2024-01-01T00:04:07.750887,ETH,2295.7343,0.2794,sell
2024-01-01T00:04:08.250533,BTC,41931.5968,0.0464,buy
2024-01-01T00:04:08.751458,SOL,99.5454,0.4929,sell
2024-01-01T00:04:09.000562,BTC,41909.757,0.035,sell
2024-01-01T00:04:09.000562,ETH,2296.9258,0.3888,buy
2024-01-01T00:04:09.000562,SOL,99.5454,0.608,sell
2024-01-01T00:04:09.250807,ETH,2296.4665,1.0016,sell
2024-01-01T00:04:10.250611,SOL,99.5842,0.6269,buy
2024-01-01T00:04:11.000902,BTC,41888.0251,0.0379,sell
2024-01-01T00:04:11.751469,ETH,2295.2756,0.2154,sell
2024-01-01T00:04:12.750643,BTC,41845.9734,1.6278,sell
2024-01-01T00:04:12.750643,ETH,2295.7514,0.0217,buy
2024-01-01T00:04:14.501354,BTC,41873.6644,1.2836,sell
2024-01-01T00:04:15.001267,SOL,99.591,0.3632,buy
2024-01-01T00:04:16.000685,ETH,2295.9424,0.3446,buy
2024-01-01T00:04:18.001062,BTC,41821.2303,0.9606,sell
2024-01-01T00:04:18.501360,ETH,2296.2246,0.5169,sell
2024-01-01T00:04:18.750670,BTC,41829.5954,0.6707,buy
2024-01-01T00:04:19.250987,ETH,2295.563,0.5409,buy
2024-01-01T00:04:19.750710,ETH,2294.4904,0.2485,buy
2024-01-01T00:04:20.000965,ETH,2294.0315,0.1967,sell
2024-01-01T00:04:20.501180,ETH,2294.4904,0.9796,buy
2024-01-01T00:04:21.000884,ETH,2295.8285,1.2143,buy
2024-01-01T00:04:21.000884,SOL,99.7018,2.2687,buy
2024-01-01T00:04:21.750685,SOL,99.6591,3.1386,buy
2024-01-01T00:04:23.251365,SOL,99.6731,0.3896,sell
2024-01-01T00:04:24.751237,SOL,99.6841,0.0149,sell
2024-01-01T00:04:25.000959,BTC,41911.6139,1.3478,buy
2024-01-01T00:04:25.750622,BTC,41911.6139,0.356,buy
2024-01-01T00:04:25.750622,ETH,2291.9413,0.8696,sell
2024-01-01T00:04:26.250847,BTC,41911.6139,1.4096,buy
2024-01-01T00:04:26.250847,ETH,2290.8716,0.2438,buy
2024-01-01T00:04:27.001333,BTC,41911.6139,0.5142,buy
2024-01-01T00:04:28.500677,ETH,2288.7165,0.139,buy
2024-01-01T00:04:28.500677,SOL,99.8493,1.3794,sell
2024-01-01T00:04:29.250899,ETH,2288.7165,0.1884,buy
2024-01-01T00:04:30.001212,ETH,2288.7165,0.1154,buy
2024-01-01T00:04:30.001212,SOL,99.863,0.1221,sell
2024-01-01T00:04:30.500630,BTC,41927.644,0.0787,buy
2024-01-01T00:04:30.500630,ETH,2288.1326,0.309,buy
2024-01-01T00:04:31.251238,ETH,2287.0724,0.3517,sell
2024-01-01T00:04:31.500673,ETH,2288.6518,0.3268,buy
2024-01-01T00:04:35.000587,BTC,42015.2305,0.2379,buy
2024-01-01T00:04:35.751277,ETH,2282.7947,0.2404,sell
2024-01-01T00:04:37.250794,SOL,99.9501,0.2037,sell
2024-01-01T00:04:38.000788,BTC,41989.1389,0.2813,buy
2024-01-01T00:04:38.000788,SOL,99.9667,0.8394,sell
2024-01-01T00:04:39.500999,BTC,41979.2152,0.0462,sell
2024-01-01T00:04:40.501433,BTC,41968.9075,0.067,sell
2024-01-01T00:04:41.500651,SOL,100.0781,0.4322,buy
2024-01-01T00:04:41.750645,SOL,100.0781,0.5559,buy
2024-01-01T00:04:42.001082,SOL,100.0781,0.0481,buy
2024-01-01T00:04:42.500745,ETH,2285.7186,1.9967,sell
2024-01-01T00:04:42.750827,SOL,100.031,0.5809,sell
2024-01-01T00:04:43.251272,ETH,2284.8009,0.7026,sell
2024-01-01T00:04:44.251131,BTC,41927.7573,0.8698,buy
2024-01-01T00:04:44.251131,ETH,2284.6999,0.6919,buy
2024-01-01T00:04:45.500707,BTC,41927.7645,1.3704,buy
2024-01-01T00:04:46.251333,SOL,100.0606,0.0987,buy
2024-01-01T00:04:47.000905,BTC,41933.0541,0.0027,buy
2024-01-01T00:04:47.751233,ETH,2286.6213,0.0159,sell
2024-01-01T00:04:47.751233,SOL,100.1064,2.0108,buy
2024-01-01T00:04:48.251195,BTC,41959.1647,0.021,buy
2024-01-01T00:04:48.750889,SOL,100.1064,1.0009,buy
2024-01-01T00:04:49.001375,ETH,2284.2716,0.0477,sell
2024-01-01T00:04:49.751327,SOL,100.1328,0.789,sell
2024-01-01T00:04:50.001150,ETH,2286.3862,0.7285,sell
2024-01-01T00:04:51.000630,SOL,100.1972,0.6573,buy
2024-01-01T00:04:51.250923,SOL,100.1771,1.7803,sell
2024-01-01T00:04:51.751033,BTC,41931.3461,1.4816,buy
2024-01-01T00:04:52.251113,ETH,2287.6604,0.2794,buy
2024-01-01T00:04:53.251408,SOL,100.2064,1.8133,buy
2024-01-01T00:04:53.750772,BTC,41888.7347,0.2989,buy
2024-01-01T00:04:53.750772,ETH,2285.3618,0.2166,sell
2024-01-01T00:04:54.750503,BTC,41913.2499,0.8308,buy
2024-01-01T00:04:55.000889,SOL,100.1467,0.7665,sell
2024-01-01T00:04:55.500524,ETH,2289.864,0.0147,sell
2024-01-01T00:04:55.750520,ETH,2290.322,0.173,buy
2024-01-01T00:04:56.000990,BTC,41938.1432,0.0328,buy
2024-01-01T00:04:56.250690,BTC,41936.1087,0.7087,buy
2024-01-01T00:04:57.250973,ETH,2293.8409,0.0004,buy
2024-01-01T00:04:58.000917,ETH,2293.4697,0.925,buy
2024-01-01T00:04:59.000990,BTC,41933.8837,0.9093,buy
2024-01-01T00:04:59.000990,ETH,2293.0111,0.6641,sell
2024-01-01T00:04:59.250842,SOL,100.0304,0.8696,sell
2024-01-01T00:04:59.751280,BTC,41933.8837,0.3344,buy
2024-01-01T00:04:59.751280,SOL,100.1441,1.3052,buy
2024-01-01T00:05:02.000793,ETH,2294.3512,0.8915,buy
2024-01-01T00:05:02.500541,BTC,41937.8301,1.039,sell
2024-01-01T00:05:03.251313,ETH,2293.7276,0.3973,buy
2024-01-01T00:05:03.750809,ETH,2293.7276,0.1417,buy
2024-01-01T00:05:04.251174,BTC,41944.2662,2.057,sell
2024-01-01T00:05:04.501405,BTC,41933.0977,0.2983,buy
2024-01-01T00:05:05.251405,SOL,100.0977,0.3976,sell
2024-01-01T00:05:06.001058,BTC,41931.2587,0.2658,buy
2024-01-01T00:05:07.001492,BTC,41931.2587,0.1051,buy
2024-01-01T00:05:07.001492,SOL,100.1772,1.0489,sell
2024-01-01T00:05:07.250942,ETH,2290.6791,0.1714,sell
2024-01-01T00:05:07.501006,SOL,100.1772,0.3107,sell
2024-01-01T00:05:08.001064,ETH,2290.5486,0.2542,sell
2024-01-01T00:05:08.001064,SOL,100.182,2.2176,buy
2024-01-01T00:05:08.501498,BTC,41900.7075,0.2376,buy
2024-01-01T00:05:08.750597,ETH,2291.7219,0.2488,buy
2024-01-01T00:05:09.251065,BTC,41900.7075,1.7804,buy
2024-01-01T00:05:09.251065,ETH,2291.5552,0.0027,sell
2024-01-01T00:05:09.251065,SOL,100.162,0.3472,sell
2024-01-01T00:05:09.500609,BTC,41895.5708,0.697,buy
2024-01-01T00:05:09.500609,SOL,100.182,0.821,buy
2024-01-01T00:05:11.750943,BTC,41836.1077,0.041,sell
2024-01-01T00:05:12.501174,ETH,2292.307,0.0755,sell
2024-01-01T00:05:13.000687,SOL,100.2815,0.0765,buy
2024-01-01T00:05:13.751004,ETH,2291.7265,0.5302,sell
2024-01-01T00:05:14.250595,ETH,2291.7265,0.5192,sell
2024-01-01T00:05:14.500506,SOL,100.1986,0.1737,sell
2024-01-01T00:05:14.751089,ETH,2292.1849,0.6578,buy
2024-01-01T00:05:16.250593,BTC,41902.9626,1.5406,sell
2024-01-01T00:05:16.501255,BTC,41911.3441,1.3906,buy
2024-01-01T00:05:17.500585,BTC,41920.383,2.0397,buy
2024-01-01T00:05:17.750820,BTC,41911.9997,0.6916,sell
2024-01-01T00:05:18.001002,ETH,2288.1512,0.0177,buy
2024-01-01T00:05:18.001002,SOL,100.2,0.1879,buy
2024-01-01T00:05:18.250853,BTC,41911.9997,0.2145,sell
2024-01-01T00:05:18.500878,SOL,100.18,0.6539,sell
2024-01-01T00:05:19.250562,ETH,2287.0189,0.1995,sell
2024-01-01T00:05:20.251468,ETH,2288.2885,0.1734,buy
2024-01-01T00:05:21.250796,BTC,41902.8394,0.1819,sell
2024-01-01T00:05:22.001107,BTC,41883.6021,0.0236,buy
2024-01-01T00:05:22.500510,SOL,100.1274,0.2708,sell
2024-01-01T00:05:22.751152,SOL,100.1273,0.049,buy
2024-01-01T00:05:23.000626,ETH,2286.6519,0.1754,buy
2024-01-01T00:05:23.501121,SOL,100.1257,0.0143,buy
2024-01-01T00:05:23.751311,ETH,2286.057,3.0876,buy
2024-01-01T00:05:24.500687,BTC,41840.295,0.4427,sell
2024-01-01T00:05:25.001041,SOL,100.185,0.5541,buy
2024-01-01T00:05:27.251472,ETH,2285.8127,0.2234,sell
2024-01-01T00:05:27.751302,ETH,2284.3975,1.4263,sell
2024-01-01T00:05:28.501270,BTC,41901.9188,1.196,buy
2024-01-01T00:05:29.001096,ETH,2284.556,0.6765,buy
2024-01-01T00:05:29.751046,BTC,41903.7007,1.7862,buy
2024-01-01T00:05:30.250825,BTC,41873.4588,0.2347,sell
2024-01-01T00:05:31.500617,SOL,100.1849,0.5921,sell
2024-01-01T00:05:31.751236,ETH,2284.1286,0.042,buy
2024-01-01T00:05:32.251195,SOL,100.168,0.5618,buy
2024-01-01T00:05:33.501057,SOL,100.1581,2.4168,sell
2024-01-01T00:05:34.500890,ETH,2284.3144,0.1226,sell
2024-01-01T00:05:35.750878,ETH,2287.156,0.4878,sell
2024-01-01T00:05:36.001072,BTC,41808.1878,0.6507,buy
2024-01-01T00:05:36.001072,SOL,100.1581,1.6347,sell
2024-01-01T00:05:36.251113,BTC,41799.827,0.8131,sell
2024-01-01T00:05:36.500964,SOL,100.1153,0.3953,sell
2024-01-01T00:05:36.750824,ETH,2287.156,1.0483,sell
2024-01-01T00:05:38.001229,SOL,100.1436,0.7877,buy
2024-01-01T00:05:39.501160,BTC,41823.4425,0.1871,buy
2024-01-01T00:05:39.501160,SOL,100.143,1.0307,buy
2024-01-01T00:05:41.751381,BTC,41813.2127,0.3867,sell
2024-01-01T00:05:43.001450,BTC,41814.6238,0.5739,buy
2024-01-01T00:05:43.250524,SOL,100.2422,0.4619,sell
2024-01-01T00:05:43.501123,ETH,2288.2596,0.8035,sell
2024-01-01T00:05:43.751176,BTC,41832.0564,0.0285,sell
2024-01-01T00:05:43.751176,ETH,2288.7173,0.28,buy
2024-01-01T00:05:45.250527,BTC,41826.3608,0.635,buy
2024-01-01T00:05:46.250752,BTC,41831.3006,0.0841,buy
2024-01-01T00:05:46.750531,BTC,41831.3006,0.0418,buy
2024-01-01T00:05:46.750531,ETH,2290.94,0.2691,sell
2024-01-01T00:05:47.501410,ETH,2288.703,0.3439,sell
2024-01-01T00:05:47.750838,BTC,41831.3006,0.0826,buy
2024-01-01T00:05:48.000538,ETH,2288.8238,3.9903,buy
2024-01-01T00:05:48.751333,ETH,2288.3661,2.0741,sell
2024-01-01T00:05:49.250956,BTC,41816.4327,0.2045,sell
2024-01-01T00:05:50.251334,BTC,41838.4599,0.3394,sell
2024-01-01T00:05:50.751182,BTC,41856.1334,0.0585,sell
2024-01-01T00:05:51.250988,BTC,41864.5054,0.292,buy
2024-01-01T00:05:52.251458,BTC,41846.9659,0.2497,buy
2024-01-01T00:05:53.251155,SOL,100.2351,0.5417,buy
2024-01-01T00:05:53.751268,ETH,2286.7769,0.4414,sell
2024-01-01T00:05:54.001290,SOL,100.215,1.5874,sell
2024-01-01T00:05:54.250502,ETH,2287.2343,0.2106,buy
2024-01-01T00:05:54.750819,SOL,100.2046,0.4331,sell
2024-01-01T00:05:55.000869,BTC,41899.7774,0.366,buy
2024-01-01T00:05:56.500734,BTC,41898.7642,0.3695,sell
2024-01-01T00:05:56.500734,ETH,2283.8689,0.1331,buy
2024-01-01T00:05:57.000899,BTC,41911.4864,1.2727,sell
2024-01-01T00:05:57.501453,BTC,41928.652,0.3939,sell
2024-01-01T00:05:57.501453,SOL,100.2874,0.1732,sell
2024-01-01T00:05:59.250562,BTC,41955.3313,2.1857,sell
2024-01-01T00:05:59.751258,ETH,2282.9398,3.0005,buy
2024-01-01T00:06:00.750822,ETH,2283.8427,0.7618,sell
2024-01-01T00:06:01.500717,BTC,41979.8169,0.3251,sell
2024-01-01T00:06:01.500717,ETH,2283.8427,0.4727,sell
2024-01-01T00:06:02.501063,SOL,100.2284,0.3453,sell
2024-01-01T00:06:03.000575,BTC,41968.5968,1.2247,buy
2024-01-01T00:06:03.251290,BTC,41960.2039,0.3052,sell
2024-01-01T00:06:04.000996,BTC,41948.9981,1.0825,buy
2024-01-01T00:06:04.750642,SOL,100.2763,0.2291,buy
2024-01-01T00:06:09.000681,SOL,100.2386,0.6448,buy
2024-01-01T00:06:09.501473,BTC,41954.9357,0.233,buy
2024-01-01T00:06:10.000500,ETH,2289.6746,0.9502,sell
2024-01-01T00:06:10.000500,SOL,100.2996,0.2742,buy
2024-01-01T00:06:10.500765,ETH,2289.198,0.1415,buy
2024-01-01T00:06:11.000512,ETH,2288.9213,0.6336,buy
2024-01-01T00:06:11.501083,BTC,41958.6641,0.5645,buy
2024-01-01T00:06:11.501083,SOL,100.357,0.3856,buy
2024-01-01T00:06:12.001094,ETH,2288.9213,0.4089,buy
2024-01-01T00:06:12.250842,BTC,41942.7152,0.3181,buy
2024-01-01T00:06:12.250842,ETH,2289.3907,1.9586,buy
2024-01-01T00:06:12.750547,BTC,41927.9846,0.5192,sell
2024-01-01T00:06:13.250904,SOL,100.351,0.0007,sell
2024-01-01T00:06:14.250671,BTC,41962.7002,0.0303,sell
2024-01-01T00:06:15.000758,SOL,100.351,2.0909,sell
2024-01-01T00:06:15.251091,ETH,2289.9121,0.7936,sell
2024-01-01T00:06:15.500630,BTC,41983.5466,0.1438,buy
2024-01-01T00:06:16.000925,ETH,2290.977,1.3359,buy
2024-01-01T00:06:16.251466,SOL,100.3856,0.118,buy
2024-01-01T00:06:17.000586,ETH,2290.5189,1.0058,sell
2024-01-01T00:06:18.001151,BTC,41999.171,1.9858,sell
2024-01-01T00:06:20.500753,ETH,2288.6192,1.4485,sell
2024-01-01T00:06:20.500753,SOL,100.3949,1.56,sell
2024-01-01T00:06:21.250971,BTC,42011.7311,0.6863,buy
2024-01-01T00:06:22.000564,SOL,100.3807,0.4146,buy
2024-01-01T00:06:22.251367,BTC,42000.6657,0.2389,buy
2024-01-01T00:06:22.500588,SOL,100.3467,0.5714,sell
2024-01-01T00:06:23.250727,ETH,2286.9636,0.0311,sell
2024-01-01T00:06:24.751481,BTC,42025.0733,1.4621,buy
2024-01-01T00:06:24.751481,SOL,100.4381,1.1936,buy
2024-01-01T00:06:25.001150,ETH,2287.4758,0.5056,sell
2024-01-01T00:06:25.251377,ETH,2286.5026,0.1279,sell
2024-01-01T00:06:25.500793,SOL,100.3991,1.0428,sell
2024-01-01T00:06:26.001083,BTC,42016.6691,0.5984,sell
2024-01-01T00:06:26.001083,ETH,2287.0507,0.195,buy
2024-01-01T00:06:28.000816,BTC,42054.7552,0.3248,sell
2024-01-01T00:06:28.000816,ETH,2287.989,0.2903,buy
2024-01-01T00:06:29.501088,ETH,2285.212,0.3633,buy
2024-01-01T00:06:29.751457,SOL,100.5172,1.3128,buy
2024-01-01T00:06:30.251099,ETH,2284.755,0.1686,sell
2024-01-01T00:06:30.251099,SOL,100.4862,0.1521,sell
2024-01-01T00:06:30.751096,BTC,42092.8484,0.1643,sell
2024-01-01T00:06:32.251276,ETH,2285.3677,0.1465,buy
2024-01-01T00:06:32.501251,SOL,100.3866,0.1021,sell
2024-01-01T00:06:33.001157,BTC,42076.0581,0.1267,sell
2024-01-01T00:06:33.251469,SOL,100.3749,2.1073,sell
2024-01-01T00:06:33.501177,ETH,2284.994,0.8539,sell
2024-01-01T00:06:34.500650,SOL,100.3631,0.0928,buy
2024-01-01T00:06:34.750588,BTC,42138.0468,0.4804,buy
2024-01-01T00:06:35.001412,BTC,42129.62,1.325,sell
2024-01-01T00:06:36.001370,ETH,2287.5698,0.145,sell
2024-01-01T00:06:36.250953,SOL,100.3631,0.7661,buy
2024-01-01T00:06:36.750906,SOL,100.2775,0.3398,buy
2024-01-01T00:06:37.501282,BTC,42177.1607,0.2722,buy
2024-01-01T00:06:37.501282,ETH,2289.8854,0.0754,buy
2024-01-01T00:06:37.750541,ETH,2288.6264,0.4774,sell
2024-01-01T00:06:37.750541,SOL,100.2978,0.1112,buy
2024-01-01T00:06:38.250812,ETH,2289.0842,0.5627,buy
2024-01-01T00:06:39.501216,BTC,42131.1758,0.3943,sell
2024-01-01T00:06:40.501078,BTC,42126.2679,0.509,buy
2024-01-01T00:06:41.251486,SOL,100.307,0.2423,buy
2024-01-01T00:06:41.501295,ETH,2288.6264,0.473,sell
2024-01-01T00:06:42.251095,ETH,2287.0262,0.7912,sell
2024-01-01T00:06:44.250609,ETH,2287.3898,0.0066,buy
2024-01-01T00:06:44.751116,BTC,42060.1552,0.2103,sell
2024-01-01T00:06:45.001395,BTC,42068.5681,0.7326,buy
2024-01-01T00:06:45.251353,SOL,100.2659,0.395,sell
2024-01-01T00:06:45.500879,BTC,42068.5681,0.7589,buy
2024-01-01T00:06:46.500531,ETH,2290.8019,0.7296,buy
2024-01-01T00:06:47.000688,SOL,100.3006,0.4365,buy
2024-01-01T00:06:47.501000,SOL,100.2806,0.3343,sell
2024-01-01T00:06:50.251494,BTC,42110.9787,0.5877,sell
2024-01-01T00:06:50.251494,ETH,2293.2595,1.1918,sell
2024-01-01T00:06:51.751366,BTC,42119.4017,0.5017,buy
2024-01-01T00:06:52.501003,BTC,42115.8541,0.2735,sell
2024-01-01T00:06:53.250826,SOL,100.0241,1.1671,sell
2024-01-01T00:06:53.501316,BTC,42111.0533,0.159,buy
2024-01-01T00:06:53.751314,SOL,100.0241,0.4751,sell
2024-01-01T00:06:54.501340,SOL,100.0801,0.1883,buy
2024-01-01T00:06:54.751479,BTC,42111.0533,0.4729,buy
2024-01-01T00:06:57.500739,BTC,42120.4719,1.629,buy
2024-01-01T00:06:57.750929,ETH,2294.7483,0.7099,buy
2024-01-01T00:06:58.000507,SOL,100.189,0.8359,sell
2024-01-01T00:06:58.501262,SOL,100.1021,0.7892,sell
2024-01-01T00:06:58.751189,BTC,42144.8539,0.3215,buy
2024-01-01T00:06:59.000655,BTC,42144.8539,1.0482,buy
2024-01-01T00:06:59.000655,SOL,100.0996,0.3509,buy
2024-01-01T00:06:59.251056,BTC,42144.8539,0.6191,buy
2024-01-01T00:06:59.251056,SOL,100.0996,0.6369,buy
2024-01-01T00:06:59.500591,SOL,100.0996,0.1025,buy
2024-01-01T00:06:59.750622,SOL,100.0996,1.0993,buy
2024-01-01T00:07:00.001487,SOL,100.0996,0.1037,buy
2024-01-01T00:07:01.500923,ETH,2293.8398,0.497,buy
2024-01-01T00:07:01.751070,ETH,2294.5859,0.8903,buy
2024-01-01T00:07:02.251304,ETH,2294.5859,0.1691,buy
2024-01-01T00:07:02.751244,ETH,2296.5596,0.4879,buy
2024-01-01T00:07:03.000613,BTC,42076.8201,0.9744,sell
2024-01-01T00:07:03.000613,ETH,2296.5596,0.3475,buy
2024-01-01T00:07:03.501132,BTC,42090.852,1.6034,sell
2024-01-01T00:07:03.501132,SOL,100.042,0.6054,buy
2024-01-01T00:07:03.751361,SOL,100.046,1.4269,buy
2024-01-01T00:07:04.000825,SOL,100.0109,0.9588,buy
2024-01-01T00:07:04.250784,BTC,42080.0246,1.9151,buy
2024-01-01T00:07:04.501383,ETH,2296.1003,0.2071,sell
2024-01-01T00:07:04.501383,SOL,100.0109,0.9798,buy
2024-01-01T00:07:08.000864,SOL,100.0481,0.7403,buy
2024-01-01T00:07:08.251127,SOL,100.028,0.1773,sell
2024-01-01T00:07:08.500730,BTC,42062.3449,0.589,sell
2024-01-01T00:07:08.500730,ETH,2295.8556,0.2004,buy
2024-01-01T00:07:09.001261,SOL,100.032,0.1187,buy
2024-01-01T00:07:09.251215,BTC,42044.72,0.022,sell
2024-01-01T00:07:09.500601,SOL,100.012,0.3273,sell
2024-01-01T00:07:10.001443,SOL,100.032,0.4207,buy
2024-01-01T00:07:10.750732,SOL,100.0513,0.1979,buy
2024-01-01T00:07:11.001388,ETH,2293.9019,0.615,sell
2024-01-01T00:07:12.001300,ETH,2292.8885,0.8944,sell
2024-01-01T00:07:13.751255,ETH,2293.1386,0.4116,buy
2024-01-01T00:07:15.251355,BTC,42101.8837,0.7896,sell
2024-01-01T00:07:16.501365,BTC,42114.5501,1.918,buy
2024-01-01T00:07:19.000872,ETH,2291.5844,1.2405,sell
2024-01-01T00:07:19.500660,ETH,2291.5844,1.5754,sell
2024-01-01T00:07:20.000752,ETH,2290.5824,0.2839,sell
2024-01-01T00:07:22.251055,BTC,42086.9595,0.3211,buy
2024-01-01T00:07:22.501103,SOL,100.1496,0.8402,buy
2024-01-01T00:07:24.250908,BTC,42102.647,0.3751,sell
2024-01-01T00:07:24.250908,ETH,2285.9591,0.5703,sell
2024-01-01T00:07:24.501356,BTC,42102.647,0.3212,sell
2024-01-01T00:07:24.501356,ETH,2288.6849,0.3408,buy
2024-01-01T00:07:24.751350,SOL,100.1616,0.4145,buy
2024-01-01T00:07:25.000704,SOL,100.1416,0.6402,sell
2024-01-01T00:07:25.250789,SOL,100.1416,0.4105,sell
2024-01-01T00:07:27.250678,ETH,2289.1461,0.4321,sell
2024-01-01T00:07:27.250678,SOL,100.1823,0.4691,buy
2024-01-01T00:07:28.000634,ETH,2288.8876,1.4262,sell
2024-01-01T00:07:31.500565,ETH,2292.3112,0.6231,buy
2024-01-01T00:07:32.001449,ETH,2293.8093,0.1941,sell
2024-01-01T00:07:32.251173,ETH,2294.2681,1.8422,buy
2024-01-01T00:07:32.500805,ETH,2294.2681,0.1085,buy
2024-01-01T00:07:33.001162,ETH,2293.5545,1.4984,sell
2024-01-01T00:07:34.250754,ETH,2293.0677,0.698,sell
2024-01-01T00:07:34.501272,SOL,100.038,0.3861,sell
2024-01-01T00:07:36.251027,SOL,100.102,0.1961,buy
2024-01-01T00:07:36.500676,SOL,100.082,0.3433,sell
2024-01-01T00:07:37.750996,ETH,2293.3458,0.5454,sell
2024-01-01T00:07:38.001460,SOL,99.9907,0.308,sell
2024-01-01T00:07:38.500991,ETH,2293.8045,1.8687,buy
2024-01-01T00:07:38.750667,BTC,42232.1555,0.4491,buy
2024-01-01T00:07:38.750667,ETH,2293.5066,0.9447,buy
2024-01-01T00:07:39.250781,SOL,100.039,0.5098,sell
2024-01-01T00:07:40.001107,ETH,2296.167,0.9032,buy
2024-01-01T00:07:40.501413,BTC,42226.0747,1.4886,buy
2024-01-01T00:07:41.251122,BTC,42192.8982,0.2213,sell
2024-01-01T00:07:42.250690,BTC,42192.8982,0.0219,sell
2024-01-01T00:07:42.751440,ETH,2302.1409,0.0508,buy
2024-01-01T00:07:43.250917,BTC,42199.2632,0.0091,buy
2024-01-01T00:07:43.250917,ETH,2301.6805,0.0111,sell
2024-01-01T00:07:43.501428,SOL,100.1048,0.8752,buy
2024-01-01T00:07:44.501492,BTC,42196.9806,0.3752,sell
2024-01-01T00:07:45.251280,ETH,2302.1959,0.3186,sell
2024-01-01T00:07:45.501054,SOL,100.079,0.0184,sell
2024-01-01T00:07:47.000905,BTC,42207.4594,0.0336,sell
2024-01-01T00:07:48.001136,SOL,100.1472,0.1342,buy
2024-01-01T00:07:48.251089,ETH,2302.4675,0.1078,sell
2024-01-01T00:07:49.000631,SOL,100.0415,0.0359,sell
2024-01-01T00:07:49.250887,SOL,100.0615,0.8208,buy
2024-01-01T00:07:49.751448,BTC,42213.3891,0.1412,sell
2024-01-01T00:07:51.251432,BTC,42191.9298,0.3829,sell
2024-01-01T00:07:52.000569,BTC,42203.1808,2.9187,sell
2024-01-01T00:07:52.501054,BTC,42226.6932,0.0408,sell
2024-01-01T00:07:53.000908,ETH,2303.4118,0.4946,buy
2024-01-01T00:07:54.000728,ETH,2303.6545,0.6774,sell
2024-01-01T00:07:55.251043,ETH,2303.7798,0.9087,buy
2024-01-01T00:07:55.501045,SOL,99.8345,0.8925,sell
2024-01-01T00:07:57.001061,BTC,42290.2142,0.1105,buy
2024-01-01T00:07:57.500977,ETH,2303.5893,0.364,sell
2024-01-01T00:07:57.751057,SOL,99.8282,0.2575,sell
2024-01-01T00:07:58.251482,BTC,42260.7622,0.7349,sell
2024-01-01T00:07:59.000647,SOL,99.8363,0.0302,sell
2024-01-01T00:08:00.001270,BTC,42262.0737,3.1029,buy
2024-01-01T00:08:00.001270,ETH,2303.6003,1.4044,sell
2024-01-01T00:08:01.750680,SOL,99.8905,0.002,buy
2024-01-01T00:08:03.250923,BTC,42302.2044,0.2507,buy
2024-01-01T00:08:03.500636,SOL,99.8695,0.6351,sell
2024-01-01T00:08:05.001046,SOL,99.9006,0.2306,sell
2024-01-01T00:08:05.500637,BTC,42283.0846,0.2593,buy
2024-01-01T00:08:05.500637,SOL,99.9006,0.5118,sell
2024-01-01T00:08:06.500913,SOL,99.8444,0.0249,buy
2024-01-01T00:08:07.000881,ETH,2300.3072,0.1972,sell
2024-01-01T00:08:09.751173,ETH,2300.9095,0.4283,sell
2024-01-01T00:08:11.501291,BTC,42237.7718,0.189,sell
2024-01-01T00:08:12.250585,BTC,42227.0396,1.5281,buy
2024-01-01T00:08:12.500913,ETH,2303.29,0.0269,sell
2024-01-01T00:08:12.751066,BTC,42249.6936,0.4335,buy
2024-01-01T00:08:12.751066,ETH,2303.29,1.7554,sell
2024-01-01T00:08:13.000588,BTC,42241.2445,1.0176,sell
2024-01-01T00:08:14.000852,ETH,2301.5793,0.2218,sell
2024-01-01T00:08:14.000852,SOL,99.8505,0.5843,sell
2024-01-01T00:08:15.001394,ETH,2302.6119,2.8865,buy
2024-01-01T00:08:15.501113,ETH,2302.3056,0.1423,buy
2024-01-01T00:08:16.751036,BTC,42201.9407,0.6487,buy
2024-01-01T00:08:17.251143,ETH,2301.5674,0.2814,buy
2024-01-01T00:08:18.001303,ETH,2299.6274,0.1377,sell
2024-01-01T00:08:18.001303,SOL,99.9009,2.2302,buy
2024-01-01T00:08:19.251321,BTC,42227.9991,0.1357,buy
2024-01-01T00:08:19.251321,SOL,99.8867,0.2453,sell
2024-01-01T00:08:19.501237,SOL,99.9879,0.3069,buy
2024-01-01T00:08:20.001426,SOL,99.9786,0.4158,buy
2024-01-01T00:08:21.001361,BTC,42222.9215,0.2912,sell
2024-01-01T00:08:21.001361,ETH,2300.4014,3.9946,buy
2024-01-01T00:08:21.751228,BTC,42209.6634,0.4244,buy
2024-01-01T00:08:22.250952,SOL,99.8749,1.1385,buy
2024-01-01T00:08:22.501029,SOL,99.8549,0.6214,sell
2024-01-01T00:08:24.751284,SOL,99.8703,0.2389,sell
2024-01-01T00:08:25.751210,SOL,99.8903,0.6631,buy
2024-01-01T00:08:27.250616,SOL,99.7802,0.2688,buy
2024-01-01T00:08:28.000695,ETH,2302.5231,0.0725,sell
2024-01-01T00:08:29.251021,ETH,2303.9027,1.1227,buy
2024-01-01T00:08:30.251077,ETH,2305.1032,1.176,buy
2024-01-01T00:08:30.500670,SOL,99.8007,0.4638,sell
2024-01-01T00:08:32.500584,ETH,2304.0967,0.8226,buy
2024-01-01T00:08:33.000711,ETH,2302.7864,0.4258,sell
2024-01-01T00:08:34.501418,BTC,42166.8482,1.146,buy
2024-01-01T00:08:34.501418,ETH,2304.0753,0.0807,buy
2024-01-01T00:08:35.250643,ETH,2303.6145,1.3361,sell
2024-01-01T00:08:35.501415,ETH,2304.0753,0.8434,buy
2024-01-01T00:08:35.751061,ETH,2303.6145,0.4584,sell
2024-01-01T00:08:36.000815,ETH,2303.6145,0.3467,sell
2024-01-01T00:08:36.501182,BTC,42135.7898,1.4085,sell
2024-01-01T00:08:37.001472,ETH,2302.8221,0.5843,buy
2024-01-01T00:08:37.250608,SOL,99.663,1.6213,sell
2024-01-01T00:08:37.500878,ETH,2304.1953,0.3268,sell
2024-01-01T00:08:38.001163,BTC,42131.885,0.1353,sell
2024-01-01T00:08:38.250974,SOL,99.683,1.3981,buy
2024-01-01T00:08:38.500848,BTC,42131.885,1.2037,sell
2024-01-01T00:08:38.751371,BTC,42161.9909,0.0285,buy
2024-01-01T00:08:40.751164,ETH,2303.6025,0.0216,sell
2024-01-01T00:08:40.751164,SOL,99.747,0.2193,buy
2024-01-01T00:08:41.251307,ETH,2304.5947,0.0193,sell
2024-01-01T00:08:41.500859,BTC,42182.5637,0.0156,sell
2024-01-01T00:08:42.001336,BTC,42160.345,0.3012,buy
2024-01-01T00:08:42.251274,BTC,42151.9138,1.5969,sell
2024-01-01T00:08:43.000663,BTC,42173.8452,0.1834,sell
2024-01-01T00:08:43.500602,SOL,99.7909,1.1282,buy
2024-01-01T00:08:43.750910,SOL,99.7909,0.5952,buy
2024-01-01T00:08:44.001266,SOL,99.7909,0.706,buy
2024-01-01T00:08:45.750701,ETH,2304.1753,1.8771,buy
2024-01-01T00:08:46.500957,BTC,42252.704,0.1075,buy
2024-01-01T00:08:46.751241,ETH,2303.2375,0.7529,sell
2024-01-01T00:08:47.001218,ETH,2303.2375,0.5985,sell
2024-01-01T00:08:47.001218,SOL,99.79,0.198,buy
2024-01-01T00:08:47.251234,ETH,2303.2375,0.5078,sell
2024-01-01T00:08:47.251234,SOL,99.79,0.0043,buy
2024-01-01T00:08:48.001268,SOL,99.7583,1.274,sell
2024-01-01T00:08:48.751297,BTC,42267.2428,0.506,buy
2024-01-01T00:08:49.501477,ETH,2302.5003,0.0341,sell
2024-01-01T00:08:51.000605,SOL,99.6337,1.4815,sell
2024-01-01T00:08:52.250723,SOL,99.5422,0.0482,sell
2024-01-01T00:08:52.751424,SOL,99.6098,0.3352,sell
2024-01-01T00:08:53.251033,ETH,2302.3339,0.7933,sell
2024-01-01T00:08:54.251239,ETH,2301.7941,0.6976,sell
2024-01-01T00:08:55.000605,BTC,42327.9841,0.6743,buy
2024-01-01T00:08:55.000605,ETH,2302.8246,0.1316,sell
2024-01-01T00:08:55.251341,BTC,42327.9841,0.3223,buy
2024-01-01T00:08:55.750933,SOL,99.6427,1.2003,buy
2024-01-01T00:08:57.000791,BTC,42312.5768,0.277,buy
2024-01-01T00:08:58.250587,ETH,2299.9272,0.1613,sell
2024-01-01T00:08:58.751178,ETH,2299.4406,1.739,sell
2024-01-01T00:08:59.750750,ETH,2296.5923,0.2601,buy
2024-01-01T00:08:59.750750,SOL,99.5953,0.0147,sell
2024-01-01T00:09:00.250877,ETH,2296.5923,0.2645,buy
2024-01-01T00:09:01.751485,SOL,99.5872,0.0152,sell
2024-01-01T00:09:02.251136,ETH,2296.1562,0.8941,sell
2024-01-01T00:09:02.750874,SOL,99.5661,0.2009,sell
2024-01-01T00:09:03.751379,SOL,99.5798,0.0468,sell
2024-01-01T00:09:04.500847,BTC,42355.7179,0.203,buy
2024-01-01T00:09:06.001135,SOL,99.6473,0.3243,buy
2024-01-01T00:09:06.500747,SOL,99.6593,0.0615,sell
2024-01-01T00:09:06.750755,BTC,42349.4471,0.1686,buy
2024-01-01T00:09:06.750755,ETH,2292.5597,5.7352,buy
2024-01-01T00:09:08.251459,ETH,2291.9025,0.4149,sell
2024-01-01T00:09:08.750858,SOL,99.6803,1.632,sell
2024-01-01T00:09:09.001470,BTC,42341.2563,0.2265,buy
2024-01-01T00:09:09.251323,ETH,2292.3466,0.1982,sell
2024-01-01T00:09:11.750662,ETH,2291.3602,0.499,sell
2024-01-01T00:09:13.250825,BTC,42354.0333,0.5025,buy
2024-01-01T00:09:13.250825,SOL,99.6673,1.0225,buy
2024-01-01T00:09:13.750890,BTC,42325.1746,0.9691,sell
2024-01-01T00:09:14.001395,BTC,42333.6405,0.1521,buy
2024-01-01T00:09:14.500779,BTC,42333.6405,0.1117,buy
2024-01-01T00:09:15.500827,BTC,42313.2157,0.1342,buy
2024-01-01T00:09:15.751352,SOL,99.6165,0.3084,buy
2024-01-01T00:09:16.751225,BTC,42305.1222,1.0753,sell
2024-01-01T00:09:16.751225,SOL,99.6165,1.99,buy
2024-01-01T00:09:17.501149,BTC,42346.2853,1.3892,sell
2024-01-01T00:09:18.250620,ETH,2291.2976,0.341,buy
2024-01-01T00:09:18.751340,ETH,2289.5044,0.4612,sell
2024-01-01T00:09:19.000519,BTC,42327.0579,0.9234,buy
2024-01-01T00:09:19.750917,SOL,99.4941,1.2979,buy
2024-01-01T00:09:20.250821,SOL,99.4742,0.4895,sell
2024-01-01T00:09:21.250606,ETH,2290.3046,0.6846,buy
2024-01-01T00:09:22.500766,ETH,2292.9916,0.136,buy
2024-01-01T00:09:22.751399,SOL,99.4837,0.7291,buy
2024-01-01T00:09:23.000945,SOL,99.4453,1.2453,sell
2024-01-01T00:09:23.500611,BTC,42343.2129,0.8437,buy
2024-01-01T00:09:23.751433,BTC,42344.5097,0.2733,buy
2024-01-01T00:09:23.751433,ETH,2291.6101,0.3993,sell
2024-01-01T00:09:24.250907,ETH,2292.0625,1.7655,sell
2024-01-01T00:09:27.001461,SOL,99.4567,0.4412,buy
2024-01-01T00:09:27.500972,ETH,2294.4377,2.0921,sell
2024-01-01T00:09:28.750571,BTC,42300.3029,0.9494,sell
2024-01-01T00:09:29.000691,BTC,42300.3029,1.5418,sell
2024-01-01T00:09:29.750643,BTC,42300.3029,0.1851,sell
2024-01-01T00:09:29.750643,ETH,2292.2708,1.3179,sell
2024-01-01T00:09:30.501063,ETH,2291.2042,0.1731,buy
2024-01-01T00:09:30.750625,BTC,42327.2729,1.5593,sell
2024-01-01T00:09:31.251406,ETH,2290.746,1.0918,sell
2024-01-01T00:09:31.500677,BTC,42327.2729,0.5743,sell
2024-01-01T00:09:31.500677,ETH,2291.2933,0.2612,buy
2024-01-01T00:09:32.001010,ETH,2290.8351,0.347,sell
2024-01-01T00:09:32.001010,SOL,99.3192,0.7616,buy
2024-01-01T00:09:32.251084,SOL,99.2993,0.9712,sell
2024-01-01T00:09:33.000936,ETH,2291.2079,0.0047,sell
2024-01-01T00:09:35.501281,ETH,2290.0677,0.2312,buy
2024-01-01T00:09:35.750551,ETH,2290.0677,0.8004,buy
2024-01-01T00:09:36.000630,SOL,99.3139,1.7089,sell
2024-01-01T00:09:37.501298,BTC,42382.1011,0.0381,sell
2024-01-01T00:09:38.000813,ETH,2290.2951,0.1588,buy
2024-01-01T00:09:39.000747,SOL,99.1791,2.2613,sell
2024-01-01T00:09:39.251149,BTC,42403.3567,1.5048,buy
2024-01-01T00:09:39.500572,SOL,99.1989,0.1913,buy
2024-01-01T00:09:40.250637,BTC,42376.6518,0.5126,sell
2024-01-01T00:09:40.500509,BTC,42385.128,0.0506,buy
2024-01-01T00:09:40.750930,ETH,2291.3056,0.0258,sell
2024-01-01T00:09:40.750930,SOL,99.2258,0.1627,buy
2024-01-01T00:09:41.000652,ETH,2291.3056,0.026,sell
2024-01-01T00:09:43.001281,BTC,42405.1011,0.2916,buy
2024-01-01T00:09:43.250650,ETH,2292.8795,0.3171,buy
2024-01-01T00:09:43.501106,SOL,99.1812,0.2791,buy
2024-01-01T00:09:43.751104,ETH,2291.7638,1.6706,sell
2024-01-01T00:09:44.250788,SOL,99.2008,0.5571,sell
2024-01-01T00:09:44.750699,SOL,99.1869,2.0516,buy
2024-01-01T00:09:45.750997,BTC,42413.7158,1.0718,sell
2024-01-01T00:09:46.750754,ETH,2293.8909,1.0171,buy
2024-01-01T00:09:47.500571,BTC,42413.7158,1.2869,sell
2024-01-01T00:09:48.000781,SOL,99.2265,1.1048,buy
2024-01-01T00:09:48.500960,SOL,99.2963,0.9489,buy
2024-01-01T00:09:51.751136,BTC,42333.6101,0.1842,sell
2024-01-01T00:09:52.001123,SOL,99.3174,1.1611,sell
2024-01-01T00:09:52.250973,BTC,42333.6101,0.328,sell
2024-01-01T00:09:52.500902,SOL,99.3174,0.6097,sell
2024-01-01T00:09:54.251143,ETH,2293.7499,2.939,buy
2024-01-01T00:09:54.500639,BTC,42344.0119,0.0568,buy
2024-01-01T00:09:54.500639,SOL,99.323,0.2024,buy
2024-01-01T00:09:56.251124,BTC,42307.6098,2.0605,sell
2024-01-01T00:09:57.251040,SOL,99.3707,1.972,buy
2024-01-01T00:09:57.750670,SOL,99.323,0.8395,buy
2024-01-01T00:09:59.000548,ETH,2296.8418,0.7384,sell
2024-01-01T00:09:59.251155,BTC,42300.3988,0.5675,buy
2024-01-01T00:09:59.251155,SOL,99.3189,0.3366,buy
2024-01-01T00:09:59.750812,BTC,42300.6444,0.3306,buy
2024-01-01T00:09:59.750812,ETH,2296.8418,0.2259,sell
2024-01-01T00:10:00.000528,SOL,99.32,1.0934,sell
2024-01-01T00:10:02.001400,ETH,2297.407,1.0255,sell
2024-01-01T00:10:02.250728,SOL,99.3674,0.0004,sell
2024-01-01T00:10:02.501083,SOL,99.3674,1.4036,sell
2024-01-01T00:10:03.250787,BTC,42316.4181,0.1886,buy
2024-01-01T00:10:04.000906,BTC,42307.9556,0.1991,sell
2024-01-01T00:10:04.000906,ETH,2297.9772,0.1805,buy
2024-01-01T00:10:04.751081,SOL,99.3572,0.8117,sell
2024-01-01T00:10:05.751380,ETH,2297.7821,0.3504,sell
2024-01-01T00:10:06.251328,SOL,99.3745,0.025,sell
2024-01-01T00:10:07.001427,BTC,42271.0215,0.222,buy
2024-01-01T00:10:07.500998,SOL,99.3077,0.353,sell
2024-01-01T00:10:11.000639,SOL,99.2787,1.3384,buy
2024-01-01T00:10:12.500953,ETH,2298.2486,1.7282,sell
2024-01-01T00:10:12.750528,BTC,42247.6174,0.2852,buy
2024-01-01T00:10:13.501185,BTC,42247.6174,0.2229,buy
2024-01-01T00:10:14.001269,SOL,99.3328,0.3152,sell
2024-01-01T00:10:14.750764,ETH,2294.1509,0.039,sell
2024-01-01T00:10:15.001209,SOL,99.3309,0.5734,buy
2024-01-01T00:10:15.501209,ETH,2293.7481,0.7127,buy
2024-01-01T00:10:15.751130,ETH,2293.2894,0.2345,sell
2024-01-01T00:10:18.750690,ETH,2296.8904,0.0538,buy
2024-01-01T00:10:22.750948,SOL,99.292,0.2601,sell
2024-01-01T00:10:23.250934,BTC,42196.0671,0.5296,sell
2024-01-01T00:10:23.250934,ETH,2294.4871,1.9539,sell
2024-01-01T00:10:24.751160,SOL,99.374,0.3125,sell
2024-01-01T00:10:25.251473,SOL,99.4413,0.5827,sell
2024-01-01T00:10:25.501291,SOL,99.4413,0.0618,sell
2024-01-01T00:10:26.001081,ETH,2296.9964,0.0607,sell
2024-01-01T00:10:26.001081,SOL,99.4413,0.9007,sell
2024-01-01T00:10:27.000619,BTC,42162.8738,0.5945,sell
2024-01-01T00:10:27.000619,ETH,2297.9408,0.258,buy
2024-01-01T00:10:27.500570,BTC,42153.8331,0.1636,sell
2024-01-01T00:10:27.751312,SOL,99.4407,0.1972,buy
2024-01-01T00:10:28.751390,BTC,42166.7716,0.2199,sell
2024-01-01T00:10:29.001119,SOL,99.3913,0.5465,sell
2024-01-01T00:10:31.501398,SOL,99.3279,0.6125,buy
2024-01-01T00:10:32.500530,ETH,2292.288,1.0848,buy
2024-01-01T00:10:32.751271,BTC,42230.57,0.5001,buy
2024-01-01T00:10:34.000547,BTC,42241.4385,0.6503,sell
2024-01-01T00:10:34.000547,SOL,99.2859,0.0279,sell
2024-01-01T00:10:35.750618,BTC,42241.1458,0.342,buy
2024-01-01T00:10:35.750618,SOL,99.2613,0.3009,sell
2024-01-01T00:10:36.250689,SOL,99.2613,1.4557,sell
2024-01-01T00:10:36.501147,SOL,99.317,0.3471,buy
2024-01-01T00:10:37.000611,BTC,42196.0894,0.7656,buy
2024-01-01T00:10:37.000611,ETH,2294.6446,0.6005,sell
2024-01-01T00:10:37.500537,ETH,2294.6446,1.4722,sell
2024-01-01T00:10:39.000732,SOL,99.2461,0.2956,sell
2024-01-01T00:10:40.751193,BTC,42162.9841,0.6589,sell
2024-01-01T00:10:41.000727,ETH,2293.6752,0.1048,buy
2024-01-01T00:10:42.001317,BTC,42162.9841,0.0202,sell
2024-01-01T00:10:42.750591,BTC,42162.9841,0.1365,sell
2024-01-01T00:10:43.251306,SOL,99.2075,0.4497,buy
2024-01-01T00:10:45.251403,BTC,42186.6707,0.3827,buy
2024-01-01T00:10:45.251403,ETH,2293.5243,0.5211,buy
2024-01-01T00:10:45.500953,SOL,99.1536,0.6903,sell
2024-01-01T00:10:46.751218,SOL,99.1698,0.4833,sell
2024-01-01T00:10:47.000823,SOL,99.1698,1.1094,sell
2024-01-01T00:10:48.001232,ETH,2290.3694,0.8071,sell
2024-01-01T00:10:48.001232,SOL,99.1792,0.1656,sell
2024-01-01T00:10:49.001438,BTC,42101.1474,0.7468,buy
2024-01-01T00:10:49.500686,ETH,2290.3759,0.1666,sell
2024-01-01T00:10:50.001366,BTC,42098.766,0.0209,buy
2024-01-01T00:10:50.500787,ETH,2288.3977,1.2632,sell
2024-01-01T00:10:51.500642,ETH,2288.5801,2.1789,sell
2024-01-01T00:10:51.750956,BTC,42125.4952,0.3262,sell
2024-01-01T00:10:52.500661,SOL,99.1958,0.9113,sell
2024-01-01T00:10:52.751035,ETH,2290.5601,0.2996,buy
2024-01-01T00:10:53.750727,SOL,99.2016,1.7538,buy
2024-01-01T00:10:54.751005,SOL,99.1683,0.2734,buy
2024-01-01T00:10:55.501233,ETH,2291.2689,0.8238,sell
2024-01-01T00:10:55.501233,SOL,99.1588,0.4369,sell
2024-01-01T00:10:55.750802,ETH,2291.8888,0.2928,sell
2024-01-01T00:10:56.000891,SOL,99.1708,1.2705,buy
2024-01-01T00:10:56.250732,ETH,2291.8888,0.9144,sell
2024-01-01T00:10:57.001328,BTC,42170.1077,0.1111,sell
2024-01-01T00:10:57.751316,SOL,99.1708,0.3435,buy
2024-01-01T00:10:58.000920,ETH,2291.1946,0.3977,sell
2024-01-01T00:10:59.000670,BTC,42196.8545,0.7195,buy
2024-01-01T00:10:59.751472,BTC,42195.6908,0.275,buy
2024-01-01T00:11:00.501109,BTC,42170.0111,0.5241,sell
2024-01-01T00:11:00.750872,BTC,42178.446,0.169,buy
2024-01-01T00:11:02.251353,ETH,2289.2739,0.3678,sell
2024-01-01T00:11:02.251353,SOL,99.3036,0.4945,sell
2024-01-01T00:11:04.751499,BTC,42183.4375,1.1122,sell
2024-01-01T00:11:04.751499,ETH,2287.7459,0.1643,sell
2024-01-01T00:11:05.250710,SOL,99.2999,1.2971,buy
2024-01-01T00:11:05.751089,BTC,42192.7079,0.0778,sell
2024-01-01T00:11:06.751381,ETH,2287.9258,1.2478,buy
2024-01-01T00:11:08.501129,SOL,99.308,0.4883,buy
2024-01-01T00:11:09.500890,SOL,99.3175,0.5996,sell
2024-01-01T00:11:12.750981,BTC,42233.025,0.2237,buy
2024-01-01T00:11:13.001417,SOL,99.2267,0.399,buy
2024-01-01T00:11:13.500564,SOL,99.2186,2.1523,buy
2024-01-01T00:11:14.251282,SOL,99.2425,0.9079,sell
2024-01-01T00:11:14.500593,BTC,42192.4472,1.6106,buy
2024-01-01T00:11:14.500593,SOL,99.2425,0.4068,sell
2024-01-01T00:11:15.001404,SOL,99.2624,0.9583,buy
2024-01-01T00:11:15.250701,BTC,42159.3642,0.1526,buy
2024-01-01T00:11:15.500722,ETH,2289.0335,0.7305,sell
2024-01-01T00:11:18.000772,ETH,2290.1707,0.8306,buy
2024-01-01T00:11:20.501297,SOL,99.1976,0.4271,sell
2024-01-01T00:11:21.001236,ETH,2290.9427,1.5161,sell
2024-01-01T00:11:21.001236,SOL,99.1976,0.4056,sell
2024-01-01T00:11:22.000821,SOL,99.2254,0.2563,sell
2024-01-01T00:11:22.501314,BTC,42159.9724,0.2122,sell
2024-01-01T00:11:23.001143,ETH,2291.3693,0.5241,sell
2024-01-01T00:11:26.001358,BTC,42092.4814,0.7069,sell
2024-01-01T00:11:26.001358,ETH,2293.1924,1.0806,sell
2024-01-01T00:11:26.250976,ETH,2293.1924,0.4159,sell
2024-01-01T00:11:26.501402,BTC,42100.9008,0.6951,buy
2024-01-01T00:11:28.251362,ETH,2290.1002,0.3634,buy
2024-01-01T00:11:28.500878,ETH,2289.6423,0.5039,sell
2024-01-01T00:11:31.001442,BTC,42138.7492,0.0491,sell
2024-01-01T00:11:32.500765,BTC,42145.7645,0.3598,sell
2024-01-01T00:11:33.500949,BTC,42193.6011,0.4276,buy
2024-01-01T00:11:33.500949,ETH,2291.1632,0.0823,sell
2024-01-01T00:11:33.750663,ETH,2291.4626,2.171,sell
2024-01-01T00:11:34.750779,SOL,98.8421,0.0985,buy
2024-01-01T00:11:35.751459,ETH,2293.0997,0.6434,sell
2024-01-01T00:11:36.251225,SOL,98.8779,0.8003,sell
2024-01-01T00:11:38.500743,BTC,42151.0285,0.5764,buy
2024-01-01T00:11:38.750603,SOL,98.8843,0.4593,sell
2024-01-01T00:11:39.250645,SOL,98.9233,1.4334,sell
2024-01-01T00:11:39.501345,ETH,2294.5428,0.3882,sell
2024-01-01T00:11:40.251412,BTC,42137.8526,1.227,buy
2024-01-01T00:11:41.250688,SOL,98.9433,2.1915,sell
2024-01-01T00:11:42.000633,ETH,2296.6176,0.9634,sell
2024-01-01T00:11:43.750821,ETH,2295.6137,0.4091,buy
2024-01-01T00:11:44.501495,SOL,98.8932,1.0083,buy
2024-01-01T00:11:45.250918,SOL,98.9925,0.0833,buy
2024-01-01T00:11:45.500974,BTC,42093.7548,0.2633,buy
2024-01-01T00:11:46.000558,SOL,98.995,0.0861,sell
2024-01-01T00:11:47.000641,BTC,42114.9896,0.0771,buy
2024-01-01T00:11:47.000641,SOL,98.9464,0.1295,sell
2024-01-01T00:11:47.500823,BTC,42123.9073,0.0767,sell
2024-01-01T00:11:48.251210,ETH,2291.3775,1.0928,buy
2024-01-01T00:11:49.750702,BTC,42160.8002,0.0416,sell
2024-01-01T00:11:50.001362,SOL,99.0272,0.1498,buy
2024-01-01T00:11:50.251202,BTC,42169.2332,0.0403,buy
2024-01-01T00:11:51.251320,SOL,98.9954,1.1275,buy
2024-01-01T00:11:51.751235,BTC,42113.9404,0.2302,sell
2024-01-01T00:11:53.000870,ETH,2289.5443,0.4313,buy
2024-01-01T00:11:53.500527,ETH,2289.5443,0.1089,buy
2024-01-01T00:11:54.001332,ETH,2289.5443,1.039,buy
2024-01-01T00:11:56.001355,SOL,99.1299,1.1108,buy
2024-01-01T00:11:56.501168,SOL,99.1299,0.5704,buy
2024-01-01T00:11:57.000776,SOL,99.1101,0.395,sell
2024-01-01T00:11:58.000857,BTC,42097.674,0.8153,buy
2024-01-01T00:11:58.000857,SOL,99.1124,1.6583,sell
2024-01-01T00:11:59.001254,BTC,42097.674,0.4604,buy
2024-01-01T00:11:59.001254,ETH,2289.3482,0.1826,buy
2024-01-01T00:11:59.001254,SOL,99.158,0.2169,buy
2024-01-01T00:12:00.251076,BTC,42125.4562,0.0874,sell
2024-01-01T00:12:01.750572,BTC,42118.0026,0.5138,sell
2024-01-01T00:12:04.501104,SOL,99.0186,0.0026,sell
2024-01-01T00:12:04.751170,ETH,2289.0141,0.7589,sell
2024-01-01T00:12:06.001039,BTC,42172.065,0.1159,buy
2024-01-01T00:12:06.250717,SOL,99.0831,0.0026,buy
2024-01-01T00:12:06.501450,BTC,42163.6314,0.0081,sell
2024-01-01T00:12:07.251090,ETH,2289.4035,0.6842,buy
2024-01-01T00:12:08.250586,BTC,42163.6314,0.138,sell
2024-01-01T00:12:09.001442,ETH,2289.0837,0.1642,sell
2024-01-01T00:12:10.500835,BTC,42114.6903,0.6821,sell
2024-01-01T00:12:11.250779,ETH,2289.3025,1.0407,buy
2024-01-01T00:12:11.500818,SOL,99.067,0.7466,sell
2024-01-01T00:12:12.251269,ETH,2288.8446,0.4698,sell
2024-01-01T00:12:13.251339,ETH,2288.8446,0.4201,sell
2024-01-01T00:12:14.751488,SOL,99.0941,0.4637,buy
2024-01-01T00:12:15.250687,SOL,99.0614,0.4436,sell
2024-01-01T00:12:15.500827,ETH,2291.8208,0.0741,buy
2024-01-01T00:12:16.000616,BTC,41993.9484,0.4526,buy
2024-01-01T00:12:16.000616,ETH,2291.8208,0.6563,buy
2024-01-01T00:12:16.250963,BTC,42005.509,0.0318,buy
2024-01-01T00:12:16.500616,BTC,42004.0402,0.6114,buy
2024-01-01T00:12:16.750642,ETH,2292.7634,0.3826,buy
2024-01-01T00:12:19.250950,SOL,99.0266,1.0261,sell
2024-01-01T00:12:19.500760,ETH,2290.7065,0.5221,sell
2024-01-01T00:12:19.500760,SOL,99.0292,1.2408,sell
2024-01-01T00:12:22.001040,ETH,2293.5297,0.7045,sell
2024-01-01T00:12:22.001040,SOL,99.0215,0.2054,buy
2024-01-01T00:12:22.500887,BTC,42049.0095,0.3494,sell
2024-01-01T00:12:23.500526,BTC,42076.2307,2.5978,buy
2024-01-01T00:12:23.751345,ETH,2294.8076,0.9069,buy
2024-01-01T00:12:24.750992,ETH,2294.4355,0.5386,buy
2024-01-01T00:12:25.251132,SOL,98.9689,0.0978,sell
2024-01-01T00:12:28.251380,BTC,42025.7943,0.2679,buy
2024-01-01T00:12:28.251380,SOL,98.9747,0.2617,buy
2024-01-01T00:12:28.751139,SOL,98.9658,0.1691,buy
2024-01-01T00:12:29.501023,BTC,42042.6827,0.1525,sell
2024-01-01T00:12:29.501023,ETH,2292.7101,0.4597,sell
2024-01-01T00:12:30.501200,BTC,42082.4616,0.358,buy
2024-01-01T00:12:31.000856,ETH,2291.8938,0.1003,sell
2024-01-01T00:12:31.250880,SOL,98.9493,0.9115,buy
2024-01-01T00:12:32.000761,SOL,99.0077,0.0368,sell
2024-01-01T00:12:32.251080,BTC,42091.1634,1.065,buy
2024-01-01T00:12:32.501072,BTC,42082.746,1.1706,sell
2024-01-01T00:12:32.750584,ETH,2291.2349,0.5847,sell
2024-01-01T00:12:33.000757,ETH,2291.6932,2.3059,buy
2024-01-01T00:12:33.751429,BTC,42044.6252,0.247,sell
2024-01-01T00:12:34.501482,BTC,42040.6079,0.3309,sell
2024-01-01T00:12:34.501482,ETH,2291.7753,0.4209,buy
2024-01-01T00:12:34.750925,BTC,42049.0169,0.5468,buy
2024-01-01T00:12:35.001154,BTC,42034.3205,0.2712,buy
2024-01-01T00:12:35.750918,BTC,42062.6416,0.1695,buy
2024-01-01T00:12:37.251312,ETH,2293.3983,2.4753,buy
2024-01-01T00:12:37.751165,ETH,2292.9396,0.4655,sell
2024-01-01T00:12:38.751148,SOL,99.1347,1.0206,sell
2024-01-01T00:12:39.251314,BTC,42046.9906,1.0707,buy
2024-01-01T00:12:40.001171,BTC,42053.3697,0.0936,sell
2024-01-01T00:12:41.750954,ETH,2294.856,0.5772,sell
2024-01-01T00:12:42.751103,SOL,99.1826,0.0354,buy
2024-01-01T00:12:45.251274,SOL,99.1874,0.3207,buy
2024-01-01T00:12:45.501022,ETH,2291.4082,1.3455,buy
2024-01-01T00:12:46.501111,SOL,99.0925,0.2207,sell
2024-01-01T00:12:46.751361,ETH,2290.95,0.2535,sell
2024-01-01T00:12:47.500549,ETH,2290.95,1.1393,sell
2024-01-01T00:12:47.750852,BTC,42129.9981,1.3382,buy
2024-01-01T00:12:47.750852,ETH,2290.95,0.1507,sell
2024-01-01T00:12:49.250992,SOL,99.1452,0.2816,sell
2024-01-01T00:12:49.500785,SOL,99.1452,0.1398,sell
2024-01-01T00:12:50.250781,ETH,2290.7728,0.035,sell
2024-01-01T00:12:50.500654,SOL,99.2022,0.4671,sell
2024-01-01T00:12:53.000581,ETH,2291.1306,0.0118,buy
2024-01-01T00:12:53.500981,SOL,99.1561,0.7665,buy
2024-01-01T00:12:54.000514,ETH,2291.1306,0.1255,buy
2024-01-01T00:12:54.000514,SOL,99.1561,0.7168,buy
2024-01-01T00:12:54.500624,BTC,42115.6588,0.9524,buy
2024-01-01T00:12:56.001007,ETH,2289.9726,0.1946,buy
2024-01-01T00:12:56.001007,SOL,98.8979,1.8718,buy
2024-01-01T00:12:56.251374,BTC,42054.3518,0.2939,sell
2024-01-01T00:12:56.751247,BTC,42078.9168,0.0744,buy
2024-01-01T00:12:57.001140,BTC,42087.7185,0.336,buy
2024-01-01T00:12:57.251206,SOL,98.8865,0.4456,buy
2024-01-01T00:12:57.751034,ETH,2287.6157,0.644,buy
2024-01-01T00:12:58.250974,ETH,2287.6157,1.154,buy
2024-01-01T00:12:58.501088,ETH,2287.1583,0.7258,sell
2024-01-01T00:12:58.750851,SOL,98.8347,1.3362,buy
2024-01-01T00:12:59.000520,ETH,2288.0288,0.7197,sell
2024-01-01T00:12:59.501069,ETH,2286.2678,0.2647,buy
2024-01-01T00:13:00.500913,BTC,42076.7215,0.3809,sell
2024-01-01T00:13:01.251311,SOL,98.8207,1.6813,sell
2024-01-01T00:13:02.001262,ETH,2288.0072,1.0953,buy
2024-01-01T00:13:02.250699,BTC,42059.9266,0.4302,sell
2024-01-01T00:13:02.500547,ETH,2288.0072,0.1129,buy
2024-01-01T00:13:02.751252,BTC,42070.6764,0.9014,buy
2024-01-01T00:13:03.750827,SOL,98.6306,1.0499,buy
2024-01-01T00:13:04.251218,SOL,98.6015,0.1694,buy
2024-01-01T00:13:05.250825,SOL,98.5863,0.2717,sell
2024-01-01T00:13:06.750809,SOL,98.5448,0.3426,buy
2024-01-01T00:13:10.500819,BTC,42112.5601,0.211,buy
2024-01-01T00:13:11.500533,ETH,2289.9109,0.0561,buy
2024-01-01T00:13:13.001105,ETH,2288.4106,0.716,sell
2024-01-01T00:13:14.000957,BTC,42092.6722,0.8061,buy
2024-01-01T00:13:14.750924,BTC,42086.5013,0.5692,buy
2024-01-01T00:13:15.501482,SOL,98.3736,0.0877,sell
2024-01-01T00:13:17.000549,BTC,42096.8075,0.052,sell
2024-01-01T00:13:17.000549,SOL,98.3658,0.0595,sell
2024-01-01T00:13:19.250516,BTC,42115.4748,0.2962,sell
2024-01-01T00:13:19.501359,BTC,42123.8987,0.7076,buy
2024-01-01T00:13:20.501048,SOL,98.4611,2.932,buy
2024-01-01T00:13:21.750859,ETH,2295.8088,0.6843,sell
2024-01-01T00:13:23.000633,BTC,42072.3996,1.599,buy
2024-01-01T00:13:24.500892,BTC,42041.8131,0.6465,sell
2024-01-01T00:13:24.750882,SOL,98.3559,0.5931,buy
2024-01-01T00:13:26.250527,SOL,98.3631,0.2166,sell
2024-01-01T00:13:26.500872,SOL,98.3828,0.1754,buy
2024-01-01T00:13:27.251152,ETH,2291.0953,0.4632,sell
2024-01-01T00:13:27.500901,ETH,2291.5536,0.7987,buy
2024-01-01T00:13:27.500901,SOL,98.4445,0.0753,buy
2024-01-01T00:13:29.250512,SOL,98.423,0.2266,buy
2024-01-01T00:13:29.500616,SOL,98.4176,0.3046,buy
2024-01-01T00:13:29.750891,BTC,42115.0569,0.0112,sell
2024-01-01T00:13:30.501018,SOL,98.4072,0.1792,sell
2024-01-01T00:13:31.501063,SOL,98.4258,1.9363,sell
2024-01-01T00:13:31.750715,BTC,42136.5426,0.3476,buy
2024-01-01T00:13:32.000598,BTC,42136.5426,0.2017,buy
2024-01-01T00:13:33.000977,SOL,98.5032,0.9798,sell
2024-01-01T00:13:33.501110,ETH,2293.0835,0.8736,buy
2024-01-01T00:13:33.501110,SOL,98.4706,0.4425,sell
2024-01-01T00:13:34.750949,BTC,42171.0244,0.7125,sell
2024-01-01T00:13:35.000949,SOL,98.4135,0.2837,buy
2024-01-01T00:13:36.500573,BTC,42194.3833,0.2008,buy
2024-01-01T00:13:37.001445,BTC,42182.5791,3.3204,sell
2024-01-01T00:13:37.250561,BTC,42191.0165,0.436,buy
2024-01-01T00:13:37.250561,SOL,98.4263,0.6366,buy
2024-01-01T00:13:37.751046,BTC,42159.3248,2.0501,buy
2024-01-01T00:13:38.251309,ETH,2291.7397,0.1301,buy
2024-01-01T00:13:39.250774,BTC,42133.9571,0.6613,buy
2024-01-01T00:13:40.251223,ETH,2293.3639,0.3469,buy
2024-01-01T00:13:40.750888,BTC,42163.4659,0.6143,buy
2024-01-01T00:13:41.750745,BTC,42161.9325,1.0942,sell
2024-01-01T00:13:43.001246,ETH,2292.0692,0.0802,sell
2024-01-01T00:13:43.501231,ETH,2291.6063,1.4886,buy
2024-01-01T00:13:44.001165,ETH,2292.0294,0.044,buy
2024-01-01T00:13:44.500797,ETH,2293.8699,1.4054,buy
2024-01-01T00:13:45.001403,SOL,98.4478,0.6335,sell
2024-01-01T00:13:46.001200,ETH,2292.598,0.4989,sell
2024-01-01T00:13:48.001171,BTC,42046.8218,0.2692,sell
2024-01-01T00:13:49.501319,SOL,98.321,1.0244,sell
2024-01-01T00:13:50.750950,SOL,98.356,0.8996,sell
2024-01-01T00:13:51.000690,BTC,42047.1889,0.1759,buy
2024-01-01T00:13:52.001029,BTC,42058.519,0.8708,sell
2024-01-01T00:13:52.751213,SOL,98.2909,0.9914,buy
2024-01-01T00:13:53.751354,SOL,98.2909,0.3989,buy
2024-01-01T00:13:54.251442,BTC,42048.7454,1.0804,sell
2024-01-01T00:13:55.000509,ETH,2292.5655,0.0495,sell
2024-01-01T00:13:55.500778,ETH,2293.0241,0.0274,buy
2024-01-01T00:13:56.000645,SOL,98.3328,0.1247,sell
2024-01-01T00:13:56.251413,ETH,2292.2617,0.6136,sell
2024-01-01T00:13:56.751288,BTC,42122.3992,2.1875,buy
2024-01-01T00:13:57.250757,BTC,42113.9756,0.1725,sell
2024-01-01T00:13:58.501324,SOL,98.3234,0.0872,sell
2024-01-01T00:14:00.250556,ETH,2289.2108,0.6467,sell
2024-01-01T00:14:02.500701,BTC,42118.1229,0.6161,sell
2024-01-01T00:14:02.500701,ETH,2289.6962,0.4336,buy
2024-01-01T00:14:02.751038,BTC,42125.1405,0.7604,buy
2024-01-01T00:14:02.751038,ETH,2289.2383,0.4242,sell
2024-01-01T00:14:03.000857,ETH,2289.3376,1.2646,buy
2024-01-01T00:14:04.251012,SOL,98.2788,0.1317,sell
2024-01-01T00:14:05.000746,SOL,98.2599,0.4985,buy
2024-01-01T00:14:05.750687,SOL,98.2187,0.5577,sell
2024-01-01T00:14:06.500730,BTC,42148.4729,0.0395,buy
2024-01-01T00:14:06.500730,ETH,2290.7903,0.297,sell
2024-01-01T00:14:07.500675,ETH,2292.0913,0.4245,buy
2024-01-01T00:14:07.500675,SOL,98.1304,0.9146,sell
2024-01-01T00:14:08.000654,SOL,98.15,1.6261,buy
2024-01-01T00:14:08.751278,SOL,98.1532,2.2257,buy
2024-01-01T00:14:10.250891,BTC,42114.5831,0.0301,sell
2024-01-01T00:14:10.501266,ETH,2292.1857,0.1932,buy
2024-01-01T00:14:11.501348,ETH,2291.5409,0.5724,sell
2024-01-01T00:14:11.751399,SOL,98.2007,0.1204,sell
2024-01-01T00:14:12.251052,BTC,42093.0494,0.6979,buy
2024-01-01T00:14:14.001225,SOL,98.2269,1.4337,buy
2024-01-01T00:14:14.500663,SOL,98.296,1.7505,sell
2024-01-01T00:14:14.750835,SOL,98.3157,0.442,buy
2024-01-01T00:14:15.250729,BTC,42067.0577,1.5242,sell
2024-01-01T00:14:18.751042,ETH,2291.6119,0.0653,buy
2024-01-01T00:14:19.501057,ETH,2291.4609,0.4441,sell
2024-01-01T00:14:20.001436,ETH,2291.8651,1.9397,sell
2024-01-01T00:14:20.501265,ETH,2291.11,0.541,buy
2024-01-01T00:14:21.751326,SOL,98.21,0.2324,buy
2024-01-01T00:14:22.001493,BTC,42045.8544,0.4434,sell
2024-01-01T00:14:22.500544,BTC,42054.2644,0.9901,buy
2024-01-01T00:14:22.751268,SOL,98.2655,0.3422,buy
2024-01-01T00:14:23.500537,ETH,2291.521,0.3744,sell
2024-01-01T00:14:24.500608,ETH,2291.521,0.1943,sell
2024-01-01T00:14:25.001281,SOL,98.2941,0.1425,buy
2024-01-01T00:14:27.000716,ETH,2293.409,1.5211,buy
2024-01-01T00:14:27.000716,SOL,98.2773,0.5662,buy
2024-01-01T00:14:30.001179,SOL,98.2611,0.2996,sell
2024-01-01T00:14:30.500650,BTC,41977.2325,1.6669,buy
2024-01-01T00:14:31.001312,SOL,98.2611,0.9227,sell
2024-01-01T00:14:31.251379,ETH,2289.3833,0.3679,buy
2024-01-01T00:14:31.500865,SOL,98.2807,0.0857,buy
2024-01-01T00:14:31.750628,ETH,2288.9255,0.3652,sell
2024-01-01T00:14:33.251185,ETH,2289.3833,1.2815,buy
2024-01-01T00:14:33.750988,BTC,41955.8953,0.9027,buy
2024-01-01T00:14:35.251056,ETH,2291.7531,0.3607,sell
2024-01-01T00:14:35.251056,SOL,98.3607,0.6986,sell
2024-01-01T00:14:35.500614,BTC,41969.1642,1.2311,buy
2024-01-01T00:14:35.751367,BTC,41960.7712,0.2091,sell
2024-01-01T00:14:36.000606,ETH,2290.1694,0.3265,sell
2024-01-01T00:14:37.001244,BTC,41976.5748,0.3938,buy
2024-01-01T00:14:37.251123,ETH,2290.3011,0.0554,buy
2024-01-01T00:14:37.251123,SOL,98.2797,0.6809,buy
2024-01-01T00:14:38.000768,SOL,98.274,0.6556,sell
2024-01-01T00:14:38.250574,SOL,98.274,3.3536,sell
2024-01-01T00:14:38.750815,SOL,98.274,0.7698,sell
2024-01-01T00:14:39.001355,ETH,2290.7581,0.9085,sell
2024-01-01T00:14:39.501032,BTC,41993.3725,0.5449,buy
2024-01-01T00:14:39.751148,ETH,2291.2163,2.24,buy
2024-01-01T00:14:39.751148,SOL,98.469,1.3165,buy
2024-01-01T00:14:40.000913,SOL,98.469,0.2435,buy
2024-01-01T00:14:40.500879,BTC,41972.2589,0.9593,sell
2024-01-01T00:14:42.250971,BTC,42011.6871,0.1471,buy
2024-01-01T00:14:42.250971,ETH,2291.9149,0.2242,sell
2024-01-01T00:14:42.750591,BTC,42001.6117,1.1029,buy
2024-01-01T00:14:44.000634,SOL,98.4656,0.5631,sell
2024-01-01T00:14:44.500515,BTC,42009.4839,0.141,buy
2024-01-01T00:14:45.001458,BTC,42009.4839,1.4384,buy
2024-01-01T00:14:45.001458,ETH,2296.4459,0.3563,sell
2024-01-01T00:14:46.251209,BTC,42028.4641,0.3257,buy
2024-01-01T00:14:46.500634,BTC,42028.4641,0.5003,buy
2024-01-01T00:14:46.500634,SOL,98.5611,0.2546,buy
2024-01-01T00:14:46.751331,SOL,98.5646,1.2172,sell
2024-01-01T00:14:47.001275,BTC,41992.832,2.0672,sell
2024-01-01T00:14:48.000931,BTC,41996.5919,1.4052,buy
2024-01-01T00:14:48.000931,ETH,2297.3961,0.2749,sell
2024-01-01T00:14:48.750726,ETH,2297.8556,1.0578,buy
2024-01-01T00:14:49.501235,SOL,98.6123,0.0015,buy
2024-01-01T00:14:49.750884,BTC,41988.2044,1.7855,sell
2024-01-01T00:14:51.001094,BTC,41998.0917,0.0348,sell
2024-01-01T00:14:51.251107,SOL,98.6321,0.3612,sell
2024-01-01T00:14:51.500950,ETH,2295.5813,3.4057,buy
2024-01-01T00:14:51.750854,BTC,42060.9347,2.5387,buy
2024-01-01T00:14:52.500765,SOL,98.5685,1.4459,sell
2024-01-01T00:14:52.750813,BTC,42100.2043,1.4369,sell
2024-01-01T00:14:52.750813,ETH,2296.7654,0.2814,buy
2024-01-01T00:14:54.750723,SOL,98.4722,0.0433,sell
2024-01-01T00:14:55.000739,SOL,98.4722,0.3764,sell
2024-01-01T00:14:56.500680,ETH,2296.9125,0.6944,sell
2024-01-01T00:14:56.751061,BTC,42180.7427,0.3789,buy
2024-01-01T00:14:57.500768,BTC,42172.3074,0.5251,sell
2024-01-01T00:14:58.750704,BTC,42180.7427,0.1817,buy
2024-01-01T00:14:58.750704,ETH,2298.0427,0.9493,sell
2024-01-01T00:14:58.750704,SOL,98.4217,0.2472,sell
2024-01-01T00:14:59.000514,SOL,98.4217,0.1902,sell
2024-01-01T00:14:59.751161,BTC,42180.7427,0.2855,buy
2024-01-01T00:15:00.250736,SOL,98.4204,0.0537,sell
2024-01-01T00:15:00.750957,SOL,98.5037,0.9461,buy
2024-01-01T00:15:02.250775,SOL,98.5088,0.0765,buy
2024-01-01T00:15:02.500503,SOL,98.4891,0.4728,sell
2024-01-01T00:15:02.751339,BTC,42206.757,0.1967,buy
2024-01-01T00:15:03.000509,ETH,2294.4473,0.4139,sell
2024-01-01T00:15:03.500867,BTC,42198.3165,0.3117,sell
2024-01-01T00:15:03.751201,ETH,2294.9062,0.0408,buy
2024-01-01T00:15:04.000990,BTC,42200.872,0.3766,buy
2024-01-01T00:15:04.000990,ETH,2294.4473,1.0867,sell
2024-01-01T00:15:05.750960,SOL,98.4959,1.0439,buy
2024-01-01T00:15:06.000781,ETH,2292.0992,0.3417,buy
2024-01-01T00:15:07.000962,BTC,42200.872,1.2113,buy
2024-01-01T00:15:08.250991,BTC,42210.9167,0.1941,sell
2024-01-01T00:15:08.500967,ETH,2290.6906,0.1229,buy
2024-01-01T00:15:09.000980,BTC,42206.7365,0.7439,sell
2024-01-01T00:15:10.000810,ETH,2290.5109,0.3367,buy
2024-01-01T00:15:10.250998,SOL,98.4854,0.0213,sell
2024-01-01T00:15:11.000829,SOL,98.4756,2.037,buy
2024-01-01T00:15:11.251450,ETH,2289.367,0.4364,sell
2024-01-01T00:15:12.750788,BTC,42204.8841,1.0737,sell
2024-01-01T00:15:14.250911,ETH,2289.3188,1.0163,sell
2024-01-01T00:15:14.501309,SOL,98.4758,1.0083,sell
2024-01-01T00:15:14.751248,BTC,42253.9436,1.7257,buy
2024-01-01T00:15:16.000955,SOL,98.5113,0.5486,sell
2024-01-01T00:15:16.501274,SOL,98.5101,0.679,sell
2024-01-01T00:15:17.001178,BTC,42253.9436,1.4976,buy
2024-01-01T00:15:17.750685,BTC,42250.7141,1.0914,buy
2024-01-01T00:15:18.251476,ETH,2290.7495,0.8892,buy
2024-01-01T00:15:18.501082,BTC,42242.2648,0.2332,sell
2024-01-01T00:15:19.001356,ETH,2290.4112,0.3333,buy
2024-01-01T00:15:20.000873,BTC,42240.5684,0.8766,buy
2024-01-01T00:15:21.001324,SOL,98.4805,0.2861,sell
2024-01-01T00:15:21.501153,SOL,98.4541,0.0755,buy
2024-01-01T00:15:21.750914,BTC,42170.8544,0.0664,sell
2024-01-01T00:15:22.000939,ETH,2291.4436,0.0044,buy
2024-01-01T00:15:23.001184,ETH,2291.4436,0.8594,buy
2024-01-01T00:15:24.251495,SOL,98.6006,0.8709,sell
2024-01-01T00:15:24.751144,ETH,2290.6565,0.327,buy
2024-01-01T00:15:25.001117,SOL,98.5372,0.6781,sell
2024-01-01T00:15:25.251097,BTC,42188.2949,0.5475,sell
2024-01-01T00:15:28.251274,ETH,2288.9268,0.3285,sell
2024-01-01T00:15:28.751068,ETH,2289.9512,0.0055,buy
2024-01-01T00:15:28.751068,SOL,98.4067,1.3252,sell
2024-01-01T00:15:29.001286,BTC,42258.0609,0.0,sell
2024-01-01T00:15:29.250664,ETH,2290.5029,0.141,sell
2024-01-01T00:15:29.250664,SOL,98.4067,0.043,sell
2024-01-01T00:15:29.751467,ETH,2290.5029,0.7956,sell
2024-01-01T00:15:31.000768,SOL,98.376,0.2873,sell
2024-01-01T00:15:31.751299,ETH,2291.0005,0.2037,buy
2024-01-01T00:15:32.501070,BTC,42299.2971,0.0139,buy
2024-01-01T00:15:33.251161,ETH,2292.0025,1.6143,buy
2024-01-01T00:15:34.251410,BTC,42317.1893,0.1444,buy
2024-01-01T00:15:35.500966,BTC,42330.3466,0.3248,sell
2024-01-01T00:15:36.500777,SOL,98.3802,0.0634,sell
2024-01-01T00:15:37.250537,BTC,42364.4076,0.7256,buy
2024-01-01T00:15:37.751155,BTC,42351.6937,0.7803,sell
2024-01-01T00:15:38.001234,ETH,2290.4237,0.3222,buy
2024-01-01T00:15:38.001234,SOL,98.3628,0.6058,sell
2024-01-01T00:15:38.251026,ETH,2290.4237,0.4166,buy
2024-01-01T00:15:38.500632,BTC,42358.953,0.0019,sell
2024-01-01T00:15:38.751407,SOL,98.3746,1.3909,sell
2024-01-01T00:15:39.501170,SOL,98.3943,0.0533,buy
2024-01-01T00:15:40.251042,SOL,98.4385,0.8838,sell
2024-01-01T00:15:40.750822,ETH,2287.8343,0.5103,buy
2024-01-01T00:15:41.750776,SOL,98.4147,0.0924,buy
2024-01-01T00:15:42.251156,SOL,98.395,3.9737,sell
2024-01-01T00:15:42.750792,SOL,98.4147,0.6847,buy
2024-01-01T00:15:44.001034,BTC,42380.4142,1.7522,sell
2024-01-01T00:15:44.001034,ETH,2289.1216,0.8147,sell
2024-01-01T00:15:45.750672,BTC,42393.5518,0.8979,sell
2024-01-01T00:15:46.250500,SOL,98.3298,0.735,buy
2024-01-01T00:15:46.501413,SOL,98.3473,0.562,sell
2024-01-01T00:15:47.251410,ETH,2289.089,0.751,buy
2024-01-01T00:15:48.251389,ETH,2289.089,1.2189,buy
2024-01-01T00:15:48.751249,SOL,98.349,0.4088,buy
2024-01-01T00:15:49.250966,BTC,42353.8307,0.982,buy
2024-01-01T00:15:49.500771,SOL,98.3293,0.5175,sell
2024-01-01T00:15:50.000931,BTC,42366.3613,0.7971,buy
2024-01-01T00:15:50.500947,BTC,42367.3659,0.7478,sell
2024-01-01T00:15:50.500947,ETH,2286.5366,1.7072,sell
2024-01-01T00:15:52.500568,ETH,2288.6465,1.4501,sell
2024-01-01T00:15:52.751075,BTC,42432.6294,2.4485,buy
2024-01-01T00:15:53.000559,SOL,98.4253,2.2211,buy
2024-01-01T00:15:53.500711,ETH,2289.6208,0.2915,sell
2024-01-01T00:15:53.500711,SOL,98.3765,1.1871,buy
2024-01-01T00:15:53.750549,BTC,42400.3857,0.3587,buy
2024-01-01T00:15:54.251319,SOL,98.3765,0.5803,buy
2024-01-01T00:15:54.501280,BTC,42379.6693,0.2479,sell
2024-01-01T00:15:54.750514,ETH,2290.3423,0.4337,buy
2024-01-01T00:15:55.251180,ETH,2290.2885,1.1553,sell
2024-01-01T00:15:56.250646,BTC,42382.8005,0.1824,buy
2024-01-01T00:15:56.750819,SOL,98.3444,0.1016,sell
2024-01-01T00:15:58.500998,ETH,2290.5454,2.5005,buy
2024-01-01T00:15:58.500998,SOL,98.3603,0.4514,sell
2024-01-01T00:15:59.501273,SOL,98.383,0.1499,sell
2024-01-01T00:16:00.250610,SOL,98.3614,0.0381,sell
2024-01-01T00:16:01.251314,SOL,98.3262,0.3306,sell
2024-01-01T00:16:01.500581,ETH,2291.2934,0.1123,sell
2024-01-01T00:16:02.001032,ETH,2290.6571,0.2121,buy
2024-01-01T00:16:03.251374,BTC,42239.4785,0.7096,sell
2024-01-01T00:16:04.750587,BTC,42282.4209,0.3166,buy
2024-01-01T00:16:04.750587,ETH,2293.179,0.8546,sell
2024-01-01T00:16:05.251091,SOL,98.3002,0.2493,buy
2024-01-01T00:16:05.750953,SOL,98.2805,0.2305,sell
2024-01-01T00:16:06.250854,ETH,2290.6212,0.0013,sell
2024-01-01T00:16:09.251354,BTC,42263.9148,1.0125,sell
2024-01-01T00:16:09.750817,ETH,2293.18,0.1492,sell
2024-01-01T00:16:10.501406,ETH,2293.6386,0.0454,buy
2024-01-01T00:16:10.751216,BTC,42263.9148,0.3066,sell
2024-01-01T00:16:11.000576,ETH,2295.3294,0.1573,buy
2024-01-01T00:16:12.000715,SOL,98.3567,0.4798,buy
2024-01-01T00:16:12.251294,SOL,98.337,2.7557,sell
2024-01-01T00:16:13.000546,BTC,42240.0142,2.2775,buy
2024-01-01T00:16:13.751405,BTC,42221.9661,2.1618,buy
2024-01-01T00:16:15.000800,SOL,98.3578,0.4789,sell
2024-01-01T00:16:15.251380,SOL,98.3578,0.3375,sell
2024-01-01T00:16:16.500821,ETH,2296.8254,0.0752,sell
2024-01-01T00:16:17.000976,ETH,2296.8254,0.2728,sell
2024-01-01T00:16:18.000789,BTC,42252.8963,0.2936,sell
2024-01-01T00:16:18.501164,ETH,2297.7794,0.159,buy
2024-01-01T00:16:19.001433,ETH,2298.7203,0.3081,buy
2024-01-01T00:16:20.001064,ETH,2298.2606,0.4102,sell
2024-01-01T00:16:20.001064,SOL,98.4464,0.4454,buy
2024-01-01T00:16:20.500793,BTC,42277.5806,0.1233,buy
2024-01-01T00:16:22.001434,SOL,98.3994,0.2775,buy
2024-01-01T00:16:22.500674,BTC,42296.684,0.1169,buy
2024-01-01T00:16:22.500674,ETH,2295.6389,0.366,sell
2024-01-01T00:16:22.500674,SOL,98.3624,2.6399,sell
2024-01-01T00:16:23.250598,BTC,42291.5211,0.4185,sell
2024-01-01T00:16:23.250598,SOL,98.3769,1.0616,buy
2024-01-01T00:16:23.500776,ETH,2295.2236,0.0546,buy
2024-01-01T00:16:24.000998,ETH,2295.2236,0.3316,buy
2024-01-01T00:16:24.251183,ETH,2293.3513,0.7745,buy
2024-01-01T00:16:25.251164,SOL,98.3193,0.3568,sell
2024-01-01T00:16:25.750509,SOL,98.377,1.1222,buy
2024-01-01T00:16:26.250752,BTC,42337.8102,1.0425,buy
2024-01-01T00:16:26.501360,SOL,98.3565,0.1625,sell
2024-01-01T00:16:27.000524,BTC,42343.6771,0.3598,sell
2024-01-01T00:16:29.750697,BTC,42335.8766,0.5138,sell
2024-01-01T00:16:29.750697,SOL,98.3869,0.1633,buy
2024-01-01T00:16:30.250869,ETH,2289.6874,0.3177,sell
2024-01-01T00:16:30.500915,ETH,2290.701,1.4558,buy
2024-01-01T00:16:30.750980,SOL,98.3974,0.595,sell
2024-01-01T00:16:31.000991,ETH,2291.7375,0.0212,buy
2024-01-01T00:16:31.251018,ETH,2291.7375,0.888,buy
2024-01-01T00:16:32.000610,SOL,98.4262,0.0951,sell
2024-01-01T00:16:32.750700,BTC,42326.7843,0.4856,buy
2024-01-01T00:16:33.001369,ETH,2292.4007,0.1712,buy
2024-01-01T00:16:33.251184,ETH,2292.4007,0.2004,buy
2024-01-01T00:16:33.251184,SOL,98.3003,1.126,sell
2024-01-01T00:16:34.001206,ETH,2292.4798,0.6778,sell
2024-01-01T00:16:34.501095,BTC,42258.2163,0.146,buy
2024-01-01T00:16:34.501095,ETH,2291.6605,0.6929,sell
2024-01-01T00:16:36.250769,SOL,98.3536,1.0034,buy
2024-01-01T00:16:36.500662,SOL,98.3536,1.6914,buy
2024-01-01T00:16:36.750941,ETH,2291.26,2.2271,buy
2024-01-01T00:16:37.001122,BTC,42228.0922,0.5828,sell
2024-01-01T00:16:39.251455,SOL,98.2842,1.1982,sell
2024-01-01T00:16:39.751405,ETH,2293.9956,1.0918,buy
2024-01-01T00:16:40.001440,SOL,98.3357,1.0655,sell
2024-01-01T00:16:40.750666,ETH,2293.9956,0.6695,buy
2024-01-01T00:16:41.251473,ETH,2294.0332,0.437,sell
2024-01-01T00:16:42.000957,BTC,42257.735,0.0964,buy
2024-01-01T00:16:42.000957,ETH,2295.7148,0.1928,buy
2024-01-01T00:16:43.251457,ETH,2299.9474,0.3022,buy
2024-01-01T00:16:43.751420,ETH,2299.9474,0.3482,buy
2024-01-01T00:16:44.000905,SOL,98.2918,0.6833,buy
2024-01-01T00:16:44.500669,SOL,98.2706,0.3292,sell
2024-01-01T00:16:44.751019,SOL,98.2706,0.6797,sell
2024-01-01T00:16:46.001128,BTC,42276.676,0.1681,sell
2024-01-01T00:16:46.001128,SOL,98.2261,0.5647,sell
2024-01-01T00:16:47.751093,SOL,98.2133,0.203,sell
2024-01-01T00:16:48.250873,ETH,2302.6343,0.644,buy
2024-01-01T00:16:49.501223,SOL,98.2166,1.061,buy
2024-01-01T00:16:49.751124,BTC,42234.2903,0.0084,sell
2024-01-01T00:16:50.001263,ETH,2304.3347,0.0474,sell
2024-01-01T00:16:50.251254,SOL,98.1757,0.5881,sell
2024-01-01T00:16:50.750728,SOL,98.1996,0.7342,buy
2024-01-01T00:16:51.250913,BTC,42263.7681,0.4812,buy
2024-01-01T00:16:51.501336,SOL,98.1889,0.1974,buy
2024-01-01T00:16:51.751120,SOL,98.1889,0.5525,buy
2024-01-01T00:16:54.001435,BTC,42237.5834,1.2915,sell
2024-01-01T00:16:56.500578,ETH,2299.2899,0.5557,sell
2024-01-01T00:16:56.750609,SOL,98.3803,0.2347,buy
2024-01-01T00:16:57.000521,ETH,2299.2899,0.1676,sell
2024-01-01T00:16:57.250982,BTC,42251.7578,0.1619,buy
2024-01-01T00:16:57.751373,ETH,2300.9223,0.4911,sell
2024-01-01T00:16:57.751373,SOL,98.4741,0.1764,buy
2024-01-01T00:16:58.250858,SOL,98.4728,1.5309,buy
2024-01-01T00:17:01.250767,BTC,42209.6114,0.615,sell
2024-01-01T00:17:02.000875,BTC,42221.6124,1.0967,buy
2024-01-01T00:17:02.501105,SOL,98.4208,1.0719,buy
2024-01-01T00:17:04.000540,BTC,42213.4149,0.0551,sell
2024-01-01T00:17:07.250850,ETH,2306.091,0.3238,buy
2024-01-01T00:17:08.250726,ETH,2306.5917,0.407,buy
2024-01-01T00:17:08.250726,SOL,98.4308,0.0622,buy
2024-01-01T00:17:08.750539,BTC,42220.9502,0.6111,buy
2024-01-01T00:17:09.001260,SOL,98.4308,0.5756,buy
2024-01-01T00:17:09.751211,BTC,42230.1542,0.9152,buy
2024-01-01T00:17:10.250614,BTC,42238.8512,0.8222,buy
2024-01-01T00:17:10.751208,BTC,42216.7963,0.6741,buy
2024-01-01T00:17:10.751208,ETH,2307.9541,1.2086,sell
2024-01-01T00:17:11.000786,ETH,2308.4158,0.8104,buy
2024-01-01T00:17:11.751360,BTC,42204.2363,0.0665,buy
2024-01-01T00:17:11.751360,ETH,2308.5637,0.4496,buy
2024-01-01T00:17:12.250571,BTC,42204.2363,0.7682,buy
2024-01-01T00:17:12.750706,ETH,2308.1021,0.1015,sell
2024-01-01T00:17:13.501059,ETH,2308.7584,0.676,buy
2024-01-01T00:17:14.250746,SOL,98.5596,1.0172,sell
2024-01-01T00:17:15.000943,SOL,98.5596,1.3418,sell
2024-01-01T00:17:15.250523,ETH,2309.8719,0.6825,buy
2024-01-01T00:17:16.001164,BTC,42206.6872,0.0094,sell
2024-01-01T00:17:16.251027,SOL,98.5965,0.505,sell
2024-01-01T00:17:16.750631,BTC,42204.9464,0.4066,sell
2024-01-01T00:17:16.750631,ETH,2310.8955,0.4892,buy
2024-01-01T00:17:17.250913,SOL,98.6162,0.6351,buy
2024-01-01T00:17:18.000595,ETH,2310.3691,0.067,buy
2024-01-01T00:17:18.000595,SOL,98.5551,1.9343,sell
2024-01-01T00:17:18.500956,ETH,2309.907,1.2874,sell
2024-01-01T00:17:18.751071,BTC,42210.5766,0.2669,buy
2024-01-01T00:17:19.251295,ETH,2308.418,0.4092,buy
2024-01-01T00:17:19.751472,BTC,42205.6532,0.4605,buy
2024-01-01T00:17:20.251221,BTC,42243.931,0.2723,sell
2024-01-01T00:17:20.251221,SOL,98.5735,0.1472,sell
2024-01-01T00:17:21.251400,ETH,2308.3924,0.0604,sell
2024-01-01T00:17:22.501399,SOL,98.6006,0.1622,sell
2024-01-01T00:17:23.001305,SOL,98.6664,0.1538,sell
2024-01-01T00:17:23.251479,SOL,98.6352,0.1714,buy
2024-01-01T00:17:24.751054,BTC,42272.0766,0.0606,buy
2024-01-01T00:17:28.501196,BTC,42233.2945,0.0419,sell
2024-01-01T00:17:28.501196,ETH,2306.0291,0.5904,buy
2024-01-01T00:17:29.251034,ETH,2307.7412,0.2857,sell
2024-01-01T00:17:29.751498,ETH,2307.7412,0.0169,sell
2024-01-01T00:17:30.001436,BTC,42241.742,0.156,buy
2024-01-01T00:17:30.501484,SOL,98.8405,0.2964,sell
2024-01-01T00:17:32.001394,BTC,42236.5146,0.5925,sell
2024-01-01T00:17:32.751133,BTC,42246.5105,0.4614,buy
2024-01-01T00:17:33.501209,SOL,98.8259,1.3645,buy
2024-01-01T00:17:33.750886,SOL,98.8259,1.3044,buy
2024-01-01T00:17:34.001426,BTC,42215.6864,0.503,buy
2024-01-01T00:17:35.750828,BTC,42219.8053,0.9085,sell
2024-01-01T00:17:38.251163,ETH,2304.1437,1.2932,buy
2024-01-01T00:17:41.001229,BTC,42210.6096,0.7546,buy
2024-01-01T00:17:41.750811,ETH,2301.0785,0.3487,buy
2024-01-01T00:17:42.250766,SOL,98.6567,1.2424,sell
2024-01-01T00:17:42.500589,BTC,42215.8017,0.7341,sell
2024-01-01T00:17:42.751363,BTC,42228.9072,0.2366,sell
2024-01-01T00:17:42.751363,SOL,98.6567,0.1501,sell
2024-01-01T00:17:43.251167,SOL,98.6574,0.0339,sell
2024-01-01T00:17:44.000886,SOL,98.642,0.48,buy
2024-01-01T00:17:45.250660,ETH,2303.4652,0.185,sell
2024-01-01T00:17:46.751048,BTC,42266.7579,0.0022,buy
2024-01-01T00:17:48.500846,BTC,42246.1399,1.1182,buy
2024-01-01T00:17:49.750602,SOL,98.5147,0.1766,sell
2024-01-01T00:17:50.500626,SOL,98.5494,0.4547,buy
2024-01-01T00:17:51.501200,ETH,2303.0366,0.0377,buy
2024-01-01T00:17:51.750838,BTC,42254.404,0.5261,sell
2024-01-01T00:17:55.250757,BTC,42226.7507,0.1794,sell
2024-01-01T00:17:55.750518,ETH,2303.5347,0.6822,sell
2024-01-01T00:17:56.251242,SOL,98.7191,0.0001,sell
2024-01-01T00:17:56.501199,BTC,42233.1285,0.0617,buy
2024-01-01T00:17:56.750508,ETH,2303.734,0.2092,buy
2024-01-01T00:17:57.751026,ETH,2303.8347,0.1662,buy
2024-01-01T00:17:58.001254,SOL,98.7249,0.3598,sell
2024-01-01T00:17:58.501377,BTC,42224.6827,0.292,sell
2024-01-01T00:17:59.501266,SOL,98.7231,0.4217,buy
2024-01-01T00:18:00.001153,ETH,2304.5446,0.5985,sell
2024-01-01T00:18:00.251066,BTC,42248.0066,2.1025,sell
2024-01-01T00:18:00.750507,SOL,98.7233,0.2009,buy
2024-01-01T00:18:01.501277,BTC,42242.821,0.0823,sell
2024-01-01T00:18:01.750755,BTC,42251.2704,0.0009,buy
2024-01-01T00:18:03.250921,ETH,2305.757,0.7693,buy
2024-01-01T00:18:04.750979,ETH,2306.0617,0.6375,buy
2024-01-01T00:18:06.000719,BTC,42324.0101,0.0749,sell
2024-01-01T00:18:07.000919,ETH,2302.7611,0.0515,sell
2024-01-01T00:18:07.250661,BTC,42324.0101,0.0431,sell
2024-01-01T00:18:08.000899,BTC,42332.4757,1.0491,buy
2024-01-01T00:18:08.501238,ETH,2302.3811,0.8307,buy
2024-01-01T00:18:10.000646,ETH,2302.0436,0.3349,buy
2024-01-01T00:18:10.251281,BTC,42320.4303,0.9751,sell
2024-01-01T00:18:10.500636,SOL,98.6162,0.4079,sell
2024-01-01T00:18:11.001205,BTC,42320.4303,0.8191,sell
2024-01-01T00:18:11.251187,BTC,42328.8952,0.2649,buy
2024-01-01T00:18:13.751339,SOL,98.5465,0.5693,buy
2024-01-01T00:18:14.000620,ETH,2301.4967,0.8636,sell
2024-01-01T00:18:15.000901,BTC,42319.0023,0.4064,sell
2024-01-01T00:18:16.500712,BTC,42328.7271,1.5504,buy
2024-01-01T00:18:17.501441,SOL,98.555,1.2992,sell
2024-01-01T00:18:17.751290,ETH,2300.8748,0.8776,sell
2024-01-01T00:18:18.750584,ETH,2300.2247,2.4716,sell
2024-01-01T00:18:19.751275,SOL,98.6101,0.3397,buy
2024-01-01T00:18:20.250774,BTC,42306.3489,0.7687,sell
2024-01-01T00:18:21.750641,BTC,42294.3883,2.623,buy
2024-01-01T00:18:22.000672,BTC,42285.9302,0.2073,sell
2024-01-01T00:18:23.250887,ETH,2300.618,0.2432,buy
2024-01-01T00:18:24.501483,BTC,42302.4023,0.9237,buy
2024-01-01T00:18:25.500934,ETH,2299.1265,2.0249,sell
2024-01-01T00:18:26.250513,BTC,42305.9495,2.2022,sell
2024-01-01T00:18:27.751232,SOL,98.6531,1.1069,buy
2024-01-01T00:18:28.750522,SOL,98.6178,0.5415,sell
2024-01-01T00:18:30.001180,BTC,42352.4726,0.2869,sell
2024-01-01T00:18:30.251236,BTC,42352.4726,1.2335,sell
2024-01-01T00:18:30.750714,ETH,2299.2452,0.06,sell
2024-01-01T00:18:31.251275,BTC,42320.9816,0.0458,sell
2024-01-01T00:18:31.251275,ETH,2299.5327,1.1952,buy
2024-01-01T00:18:31.500620,BTC,42320.408,1.5169,sell
2024-01-01T00:18:31.500620,SOL,98.5927,0.5452,sell
2024-01-01T00:18:31.751243,SOL,98.579,0.9023,sell
2024-01-01T00:18:32.251144,BTC,42344.0682,0.9035,sell
2024-01-01T00:18:34.500767,BTC,42344.0682,0.2969,sell
2024-01-01T00:18:35.251011,ETH,2299.1126,0.5817,sell
2024-01-01T00:18:35.500585,BTC,42322.4662,0.2476,sell
2024-01-01T00:18:35.500585,ETH,2299.1126,1.4696,sell
2024-01-01T00:18:36.500563,ETH,2300.0232,1.6057,sell
2024-01-01T00:18:36.751184,ETH,2299.0613,1.6742,buy
2024-01-01T00:18:37.001149,BTC,42299.1367,1.9207,buy
2024-01-01T00:18:37.500920,BTC,42299.1367,0.1486,buy
2024-01-01T00:18:37.750555,ETH,2300.172,0.3379,buy
2024-01-01T00:18:39.001439,BTC,42304.199,0.7104,buy
2024-01-01T00:18:39.751001,BTC,42321.2671,1.3243,sell
2024-01-01T00:18:40.000643,ETH,2302.4016,0.1268,buy
2024-01-01T00:18:40.251137,ETH,2301.9411,0.0595,sell
2024-01-01T00:18:40.750714,BTC,42318.2276,0.2895,buy
2024-01-01T00:18:41.250669,SOL,98.4372,0.093,buy
2024-01-01T00:18:42.250829,SOL,98.4064,0.307,sell
2024-01-01T00:18:42.751261,BTC,42228.6898,0.1269,buy
2024-01-01T00:18:43.001448,SOL,98.4064,0.5317,sell
2024-01-01T00:18:43.251245,BTC,42224.9612,0.4651,buy
2024-01-01T00:18:43.251245,SOL,98.4064,0.5999,sell
2024-01-01T00:18:43.501285,BTC,42224.6131,0.1137,buy
2024-01-01T00:18:44.251183,SOL,98.426,0.2843,buy
2024-01-01T00:18:45.250982,BTC,42234.5259,0.2533,buy
2024-01-01T00:18:46.251443,ETH,2302.5087,0.1319,sell
2024-01-01T00:18:46.501161,ETH,2302.5087,0.2117,sell
2024-01-01T00:18:46.751378,BTC,42235.1047,0.7956,sell
2024-01-01T00:18:47.001094,SOL,98.5239,1.4751,sell
2024-01-01T00:18:47.751393,SOL,98.5545,0.6398,sell
2024-01-01T00:18:50.250950,BTC,42202.165,0.0668,buy
2024-01-01T00:18:50.250950,SOL,98.5459,0.7162,buy
2024-01-01T00:18:50.750762,SOL,98.5262,1.5484,sell
2024-01-01T00:18:51.000518,BTC,42193.1973,0.8108,sell
2024-01-01T00:18:51.501336,ETH,2302.4672,0.3299,sell
2024-01-01T00:18:51.750655,SOL,98.54,0.3067,buy
2024-01-01T00:18:52.250970,SOL,98.54,0.6615,buy
2024-01-01T00:18:54.000598,SOL,98.5426,3.3465,buy
2024-01-01T00:18:54.251351,SOL,98.5652,0.5266,buy
2024-01-01T00:18:54.751450,SOL,98.6271,0.3046,buy
2024-01-01T00:18:55.001494,SOL,98.5634,0.1363,sell
2024-01-01T00:18:55.500962,SOL,98.5634,0.6372,sell
2024-01-01T00:18:56.001149,ETH,2304.7295,0.6321,buy
2024-01-01T00:18:56.001149,SOL,98.5373,0.6967,buy
2024-01-01T00:18:56.250547,BTC,42203.3271,1.2295,buy
2024-01-01T00:18:56.501291,SOL,98.5373,0.1609,buy
2024-01-01T00:18:58.001100,BTC,42222.5465,0.5106,buy
2024-01-01T00:18:58.001100,SOL,98.5742,0.1585,sell
2024-01-01T00:18:58.501241,BTC,42222.5465,0.1265,buy
2024-01-01T00:18:58.751381,BTC,42214.1028,0.7521,sell
2024-01-01T00:18:59.000761,SOL,98.5742,0.6821,sell
2024-01-01T00:19:00.001345,BTC,42256.9329,0.2085,sell
2024-01-01T00:19:00.001345,SOL,98.6051,0.9231,buy
2024-01-01T00:19:02.250838,ETH,2301.0599,0.3133,sell
2024-01-01T00:19:03.000713,BTC,42274.9437,2.8134,buy
2024-01-01T00:19:03.501241,ETH,2302.0918,1.952,buy
2024-01-01T00:19:04.500957,ETH,2302.6569,0.9436,sell
2024-01-01T00:19:06.000929,BTC,42218.758,1.0902,sell
2024-01-01T00:19:06.250572,BTC,42218.758,0.2385,sell
2024-01-01T00:19:06.501257,BTC,42224.4994,1.086,sell
2024-01-01T00:19:06.750546,SOL,98.7018,0.4297,buy
2024-01-01T00:19:09.501288,SOL,98.6586,0.1261,sell
2024-01-01T00:19:10.750668,SOL,98.6547,0.0657,sell
2024-01-01T00:19:11.001021,ETH,2303.5491,0.3938,sell
2024-01-01T00:19:11.751321,ETH,2306.0259,2.5539,buy
2024-01-01T00:19:12.000648,SOL,98.6547,0.5334,sell
2024-01-01T00:19:13.501390,SOL,98.6912,0.6775,buy
2024-01-01T00:19:13.750840,SOL,98.6912,0.838,buy
2024-01-01T00:19:14.750518,ETH,2304.6875,0.475,sell
2024-01-01T00:19:14.750518,SOL,98.6715,0.2093,sell
2024-01-01T00:19:15.000607,ETH,2304.6875,0.5645,sell
2024-01-01T00:19:15.000607,SOL,98.6715,0.5336,sell
2024-01-01T00:19:15.251027,ETH,2304.6875,0.4603,sell
2024-01-01T00:19:15.501079,ETH,2305.4509,1.5849,sell
2024-01-01T00:19:15.501079,SOL,98.7097,0.1311,buy
2024-01-01T00:19:16.001055,ETH,2305.4509,0.7994,sell
2024-01-01T00:19:17.501153,ETH,2306.0254,0.5151,buy
2024-01-01T00:19:17.751001,BTC,42231.2799,0.9292,buy
2024-01-01T00:19:17.751001,ETH,2306.0254,1.1695,buy
2024-01-01T00:19:19.501114,SOL,98.5445,0.0519,buy
2024-01-01T00:19:20.001316,ETH,2304.9651,1.3448,sell
2024-01-01T00:19:21.001378,BTC,42305.8639,0.2634,buy
2024-01-01T00:19:21.001378,ETH,2304.9651,0.2115,sell
2024-01-01T00:19:23.501230,ETH,2304.7274,0.2378,buy
2024-01-01T00:19:24.000845,BTC,42270.87,0.1417,buy
2024-01-01T00:19:24.751182,ETH,2301.5825,0.4824,sell
2024-01-01T00:19:25.750924,ETH,2301.5825,0.8631,sell
2024-01-01T00:19:26.000892,BTC,42302.7176,0.3053,buy
2024-01-01T00:19:27.000589,BTC,42309.6986,0.1531,buy
2024-01-01T00:19:28.000975,SOL,98.6971,0.0331,sell
2024-01-01T00:19:29.750569,BTC,42290.1905,0.5978,sell
2024-01-01T00:19:31.250647,SOL,98.7333,1.194,sell
2024-01-01T00:19:33.500950,SOL,98.7446,0.1056,sell
2024-01-01T00:19:33.750868,SOL,98.7644,0.5287,buy
2024-01-01T00:19:34.501434,ETH,2300.6198,2.0571,sell
2024-01-01T00:19:36.500561,ETH,2299.9748,0.6539,buy
2024-01-01T00:19:37.000585,BTC,42247.8637,0.1894,buy
2024-01-01T00:19:37.000585,ETH,2299.5148,0.7963,sell
2024-01-01T00:19:38.001392,ETH,2301.0115,0.1073,sell
2024-01-01T00:19:38.001392,SOL,98.5747,1.2495,buy
2024-01-01T00:19:39.000665,ETH,2301.0991,2.7374,buy
2024-01-01T00:19:39.500566,BTC,42241.9295,0.5423,sell
2024-01-01T00:19:43.001499,BTC,42251.67,0.1705,buy
2024-01-01T00:19:44.500961,BTC,42228.2245,0.1927,sell
2024-01-01T00:19:44.500961,ETH,2302.0215,0.4194,sell
2024-01-01T00:19:44.750774,BTC,42228.2245,0.0536,sell
2024-01-01T00:19:46.000947,BTC,42252.5589,0.9916,sell
2024-01-01T00:19:47.251015,BTC,42294.016,0.5607,sell
2024-01-01T00:19:48.501385,ETH,2302.1506,0.0553,buy
2024-01-01T00:19:49.750658,BTC,42305.8523,0.0097,buy
2024-01-01T00:19:49.750658,ETH,2301.792,0.4264,sell
2024-01-01T00:19:50.251059,ETH,2301.792,0.7759,sell
2024-01-01T00:19:50.750703,SOL,98.3777,0.2567,sell
2024-01-01T00:19:51.251092,SOL,98.4066,0.1149,buy
2024-01-01T00:19:51.751258,ETH,2301.9437,0.1516,sell
2024-01-01T00:19:52.251097,BTC,42303.0279,0.0473,buy
2024-01-01T00:19:52.251097,ETH,2301.9437,0.8954,sell
2024-01-01T00:19:54.001077,ETH,2302.982,0.1577,buy
2024-01-01T00:19:54.501199,BTC,42384.7871,0.4316,buy
2024-01-01T00:19:54.750947,BTC,42373.7101,1.3031,sell
2024-01-01T00:19:55.750847,BTC,42388.7313,0.7244,buy
2024-01-01T00:19:57.001212,ETH,2303.9636,0.6618,buy
2024-01-01T00:19:58.250523,SOL,98.4401,0.026,buy
2024-01-01T00:19:59.500854,BTC,42358.2304,0.3047,sell
2024-01-01T00:19:59.500854,ETH,2304.1906,0.2923,buy
2024-01-01T00:20:00.500560,SOL,98.3458,0.1768,buy
2024-01-01T00:20:01.500529,ETH,2304.59,0.8646,buy
2024-01-01T00:20:01.751264,BTC,42396.9012,0.4841,buy
2024-01-01T00:20:02.000772,BTC,42388.4227,0.7127,sell
2024-01-01T00:20:02.000772,ETH,2304.1291,1.6051,sell
2024-01-01T00:20:02.250567,SOL,98.3493,0.2013,buy
2024-01-01T00:20:02.500693,SOL,98.3493,1.2861,buy
2024-01-01T00:20:04.500833,BTC,42410.0209,0.1893,buy
2024-01-01T00:20:06.251343,SOL,98.3022,0.322,buy
2024-01-01T00:20:07.251166,BTC,42458.8965,1.4559,buy
2024-01-01T00:20:07.750744,BTC,42450.4056,0.2988,sell
2024-01-01T00:20:07.750744,SOL,98.2703,1.6519,buy
2024-01-01T00:20:08.001312,SOL,98.2703,1.276,buy
2024-01-01T00:20:09.751325,SOL,98.2727,0.5186,buy
2024-01-01T00:20:10.001001,SOL,98.2727,0.0168,buy
2024-01-01T00:20:11.001449,SOL,98.2251,1.2882,sell
2024-01-01T00:20:12.000821,BTC,42450.6975,0.1023,sell
2024-01-01T00:20:13.000508,SOL,98.2162,1.3646,sell
2024-01-01T00:20:13.750979,BTC,42468.6416,0.0484,sell
2024-01-01T00:20:15.750825,SOL,98.1662,0.3302,buy
2024-01-01T00:20:16.001234,ETH,2304.601,0.0803,buy
2024-01-01T00:20:16.250650,ETH,2304.601,0.1592,buy
2024-01-01T00:20:16.751147,ETH,2304.0474,1.0224,buy
2024-01-01T00:20:17.250786,ETH,2302.406,0.095,sell
2024-01-01T00:20:17.501132,SOL,98.1534,0.4531,buy
2024-01-01T00:20:19.250704,ETH,2303.7677,0.0106,buy
2024-01-01T00:20:19.751082,SOL,98.0538,1.9519,sell
2024-01-01T00:20:20.750652,ETH,2307.2133,0.6352,buy
2024-01-01T00:20:21.501034,BTC,42364.1559,0.5479,sell
2024-01-01T00:20:21.501034,SOL,98.0529,0.04,sell
2024-01-01T00:20:21.750650,ETH,2308.7071,0.4145,buy
2024-01-01T00:20:23.001351,BTC,42372.4866,1.2831,buy
2024-01-01T00:20:24.001284,BTC,42353.0388,0.3137,sell
2024-01-01T00:20:24.501459,BTC,42355.9432,0.0129,sell
2024-01-01T00:20:25.000540,ETH,2308.9648,0.0302,sell
2024-01-01T00:20:26.000692,ETH,2309.6779,0.166,buy
2024-01-01T00:20:26.500738,SOL,97.9917,0.2873,buy
2024-01-01T00:20:27.000878,ETH,2309.216,2.3815,sell
2024-01-01T00:20:27.251192,ETH,2311.3955,0.5195,buy
2024-01-01T00:20:27.751432,SOL,97.9474,0.4928,buy
2024-01-01T00:20:28.000608,SOL,97.9212,0.8417,sell
2024-01-01T00:20:30.001016,ETH,2312.5494,0.4846,buy
2024-01-01T00:20:30.250547,ETH,2312.5494,0.8334,buy
2024-01-01T00:20:30.250547,SOL,97.8947,1.1681,buy
2024-01-01T00:20:30.501056,ETH,2313.2048,0.792,buy
2024-01-01T00:20:31.251468,ETH,2313.596,0.2195,buy
2024-01-01T00:20:31.500983,BTC,42431.0466,0.8427,sell
2024-01-01T00:20:32.251200,SOL,97.887,0.0434,buy
2024-01-01T00:20:33.000978,ETH,2313.323,0.3388,sell
2024-01-01T00:20:33.000978,SOL,97.8614,1.2666,sell
2024-01-01T00:20:33.250994,BTC,42413.824,0.0964,sell
2024-01-01T00:20:33.751141,SOL,97.8614,0.0066,sell
2024-01-01T00:20:34.000632,BTC,42413.824,0.3034,sell
2024-01-01T00:20:35.250856,SOL,97.8595,0.4779,buy
2024-01-01T00:20:35.500556,BTC,42434.9908,1.0995,buy
2024-01-01T00:20:36.500552,SOL,97.9561,0.3607,sell
2024-01-01T00:20:36.750599,BTC,42406.9427,1.682,sell
2024-01-01T00:20:37.500574,ETH,2313.4119,0.0094,sell
2024-01-01T00:20:38.500710,ETH,2313.5609,0.0009,buy
2024-01-01T00:20:39.250982,ETH,2314.5695,1.8315,sell
2024-01-01T00:20:39.751286,BTC,42486.9089,0.062,sell
2024-01-01T00:20:40.000575,ETH,2315.0325,0.2106,buy
2024-01-01T00:20:40.250685,BTC,42521.2781,0.2113,buy
2024-01-01T00:20:40.500827,BTC,42525.3733,0.3216,buy
2024-01-01T00:20:42.000911,BTC,42530.22,2.0722,buy
2024-01-01T00:20:44.001397,ETH,2314.5473,0.1277,sell
2024-01-01T00:20:44.001397,SOL,98.1456,0.8037,buy
2024-01-01T00:20:47.251235,ETH,2313.5376,0.1969,buy
2024-01-01T00:20:48.751327,BTC,42634.8822,0.3205,sell
2024-01-01T00:20:49.251492,ETH,2316.628,1.9605,sell
2024-01-01T00:20:49.750746,ETH,2317.1721,0.2829,buy
2024-01-01T00:20:51.251469,SOL,98.0739,0.3438,sell
2024-01-01T00:20:51.751176,SOL,98.0739,0.1701,sell
2024-01-01T00:20:52.500512,ETH,2317.6243,0.1696,buy
2024-01-01T00:20:53.000872,BTC,42714.8045,0.5233,buy
2024-01-01T00:20:53.250885,BTC,42714.8045,1.0447,buy
2024-01-01T00:20:53.250885,SOL,98.0324,0.0366,sell
2024-01-01T00:20:53.751272,BTC,42731.3466,0.175,buy
2024-01-01T00:20:54.001122,BTC,42743.5604,0.1925,buy
2024-01-01T00:20:55.251158,ETH,2318.1141,1.3783,buy
2024-01-01T00:20:58.250583,ETH,2315.3484,1.015,sell
2024-01-01T00:20:58.250583,SOL,98.0974,0.2127,sell
2024-01-01T00:20:59.501047,ETH,2313.6768,0.2742,sell
2024-01-01T00:20:59.750585,SOL,98.0974,0.683,sell
2024-01-01T00:21:00.751127,SOL,98.1327,2.5734,buy
2024-01-01T00:21:01.000855,ETH,2312.2674,1.5499,sell
2024-01-01T00:21:01.751377,ETH,2312.7299,0.3065,buy
2024-01-01T00:21:03.500646,BTC,42661.7635,0.8729,buy
2024-01-01T00:21:03.500646,SOL,97.9655,1.2828,sell
2024-01-01T00:21:05.000917,BTC,42661.7635,0.282,buy
2024-01-01T00:21:05.250682,BTC,42653.232,0.3403,sell
2024-01-01T00:21:05.500885,SOL,97.9965,1.0908,buy
2024-01-01T00:21:05.751440,ETH,2315.439,0.3813,buy
2024-01-01T00:21:06.251310,SOL,97.9769,0.5617,sell
2024-01-01T00:21:06.500537,BTC,42661.7635,0.1022,buy
2024-01-01T00:21:06.751215,BTC,42675.5543,0.7116,buy
2024-01-01T00:21:07.250822,SOL,98.051,1.266,buy
2024-01-01T00:21:08.501457,ETH,2316.2036,0.4761,buy
2024-01-01T00:21:09.000704,ETH,2317.1539,0.1418,sell
2024-01-01T00:21:09.000704,SOL,97.9962,1.2334,buy
2024-01-01T00:21:09.250602,ETH,2317.1359,0.0597,sell
2024-01-01T00:21:09.500861,SOL,97.9227,2.5182,sell
2024-01-01T00:21:09.750538,ETH,2317.5463,0.2696,sell
2024-01-01T00:21:09.750538,SOL,98.0544,0.5679,buy
2024-01-01T00:21:10.001088,SOL,98.0347,0.0786,sell
2024-01-01T00:21:10.250900,BTC,42609.3747,0.6921,buy
2024-01-01T00:21:11.251449,BTC,42632.2779,0.1098,sell
2024-01-01T00:21:11.750798,BTC,42640.8052,0.2803,buy
2024-01-01T00:21:12.000962,ETH,2319.2277,0.4834,buy
2024-01-01T00:21:12.501391,BTC,42640.8052,0.0021,buy
2024-01-01T00:21:15.501111,ETH,2321.204,0.6211,sell
2024-01-01T00:21:16.000817,ETH,2321.204,0.2221,sell
2024-01-01T00:21:16.501204,ETH,2320.9102,0.6309,buy
2024-01-01T00:21:16.501204,SOL,97.8627,3.1669,sell
2024-01-01T00:21:17.000627,ETH,2320.9102,0.8232,buy
2024-01-01T00:21:20.501407,BTC,42612.2991,0.0628,sell
2024-01-01T00:21:20.751323,BTC,42620.8224,0.062,buy
2024-01-01T00:21:21.500616,BTC,42578.7407,0.0204,buy
2024-01-01T00:21:22.251327,ETH,2320.5429,0.3724,sell
2024-01-01T00:21:22.500561,ETH,2321.0071,0.5348,buy
2024-01-01T00:21:24.000974,SOL,98.0004,0.247,sell
2024-01-01T00:21:24.250895,ETH,2319.9921,0.0529,buy
2024-01-01T00:21:24.501228,BTC,42507.8637,0.1648,sell
2024-01-01T00:21:24.501228,ETH,2319.9921,0.4096,buy
2024-01-01T00:21:25.250862,ETH,2320.6899,0.0618,buy
2024-01-01T00:21:27.250969,SOL,97.9237,0.104,sell
2024-01-01T00:21:27.501274,SOL,97.9237,0.9705,sell
2024-01-01T00:21:28.750989,SOL,97.9237,0.8385,sell
2024-01-01T00:21:30.251241,ETH,2323.953,0.4649,sell
2024-01-01T00:21:31.500527,ETH,2322.3329,0.7309,buy
2024-01-01T00:21:33.250615,BTC,42560.858,0.4156,buy
2024-01-01T00:21:33.750633,ETH,2323.8082,1.0613,buy
2024-01-01T00:21:34.501158,SOL,97.8127,1.8851,sell
2024-01-01T00:21:35.751389,ETH,2323.8082,2.0151,buy
2024-01-01T00:21:36.000879,ETH,2323.8082,0.0731,buy
2024-01-01T00:21:36.251062,ETH,2324.6375,0.5508,sell
2024-01-01T00:21:37.751450,BTC,42554.3503,0.3261,buy
2024-01-01T00:21:38.251408,SOL,98.0017,0.2969,sell
2024-01-01T00:21:38.751121,ETH,2325.985,0.0825,buy
2024-01-01T00:21:40.750637,SOL,97.8913,0.4903,buy
2024-01-01T00:21:41.500518,BTC,42560.9759,0.3323,sell
2024-01-01T00:21:41.750547,SOL,97.8718,1.3409,sell
2024-01-01T00:21:42.000974,BTC,42580.3034,0.1238,buy
2024-01-01T00:21:42.501277,BTC,42619.9044,2.5711,sell
2024-01-01T00:21:43.500908,ETH,2327.4954,0.7703,sell
2024-01-01T00:21:43.751032,ETH,2327.4954,0.8404,sell
2024-01-01T00:21:46.500976,SOL,97.9338,0.1301,buy
2024-01-01T00:21:48.001415,SOL,97.9041,0.0588,sell
2024-01-01T00:21:48.500683,ETH,2327.0954,0.7055,buy
2024-01-01T00:21:49.001180,BTC,42675.6095,1.0792,buy
2024-01-01T00:21:49.001180,ETH,2327.3804,1.8651,sell
2024-01-01T00:21:49.500649,BTC,42675.6095,0.528,buy
2024-01-01T00:21:50.000596,ETH,2327.3804,0.4156,sell
2024-01-01T00:21:51.000827,BTC,42642.0233,0.9201,sell
2024-01-01T00:21:51.000827,ETH,2324.1606,0.6902,buy
2024-01-01T00:21:51.250949,ETH,2323.6958,0.38,sell
2024-01-01T00:21:52.501396,SOL,97.9482,0.2573,buy
2024-01-01T00:21:52.750776,BTC,42624.6051,0.1578,sell
2024-01-01T00:21:53.750568,SOL,97.9103,3.01,sell
2024-01-01T00:21:55.500617,BTC,42598.1226,1.1567,buy
2024-01-01T00:21:55.751451,BTC,42593.8428,0.8327,buy
2024-01-01T00:21:55.751451,SOL,97.8386,0.5145,buy
2024-01-01T00:21:57.501196,BTC,42593.8428,0.1153,buy
2024-01-01T00:21:58.500989,BTC,42580.2573,0.1518,sell
2024-01-01T00:21:58.500989,ETH,2326.3565,0.1666,sell
2024-01-01T00:21:59.501040,ETH,2327.4415,1.0964,buy
2024-01-01T00:21:59.501040,SOL,97.8593,0.3361,buy
2024-01-01T00:22:00.001363,ETH,2327.5995,0.0041,sell
2024-01-01T00:22:01.000523,BTC,42622.1274,0.9152,buy
2024-01-01T00:22:02.500622,BTC,42625.5008,0.5856,buy
2024-01-01T00:22:03.251188,ETH,2330.0484,0.602,buy
2024-01-01T00:22:03.501236,SOL,97.9132,0.3757,buy
2024-01-01T00:22:04.251253,ETH,2328.563,2.103,sell
2024-01-01T00:22:04.750880,BTC,42616.7011,0.8852,buy
2024-01-01T00:22:06.001477,BTC,42616.7011,0.9439,buy
2024-01-01T00:22:07.000506,ETH,2327.1705,0.1508,sell
2024-01-01T00:22:07.000506,SOL,97.8957,0.4366,sell
2024-01-01T00:22:07.500564,ETH,2327.636,0.1438,buy
2024-01-01T00:22:08.250771,BTC,42612.0212,0.0458,sell
2024-01-01T00:22:08.500929,SOL,97.755,0.1652,buy
2024-01-01T00:22:08.750612,BTC,42618.3976,3.3426,buy
2024-01-01T00:22:09.000823,ETH,2325.5417,0.5678,buy
2024-01-01T00:22:09.251262,SOL,97.755,2.3657,buy
2024-01-01T00:22:12.001475,SOL,97.6138,2.3659,buy
2024-01-01T00:22:13.000590,ETH,2323.1073,0.0467,sell
2024-01-01T00:22:13.000590,SOL,97.4874,2.8831,sell
2024-01-01T00:22:14.251164,ETH,2324.2728,0.771,buy
2024-01-01T00:22:14.501425,ETH,2323.6025,4.1761,buy
2024-01-01T00:22:16.001315,ETH,2320.399,0.0688,buy
2024-01-01T00:22:16.251078,SOL,97.5183,2.022,sell
2024-01-01T00:22:17.251446,BTC,42639.1281,0.1035,buy
2024-01-01T00:22:17.751005,SOL,97.5297,0.5649,sell
2024-01-01T00:22:18.001114,BTC,42601.8256,0.2326,sell
2024-01-01T00:22:18.001114,ETH,2319.4526,0.779,sell
2024-01-01T00:22:20.251165,ETH,2318.8096,0.1524,sell
2024-01-01T00:22:20.501496,ETH,2318.9147,0.8059,sell
2024-01-01T00:22:21.500641,BTC,42594.8052,0.5169,sell
2024-01-01T00:22:21.751455,BTC,42594.8052,0.6622,sell
2024-01-01T00:22:22.000597,SOL,97.5047,0.0556,sell
2024-01-01T00:22:22.500523,ETH,2320.5187,1.5719,sell
2024-01-01T00:22:23.001477,BTC,42602.1415,0.2406,buy
2024-01-01T00:22:23.250745,ETH,2319.7014,0.1739,buy
2024-01-01T00:22:24.000943,ETH,2319.2375,0.3295,sell
2024-01-01T00:22:25.250693,BTC,42518.3465,1.547,sell
2024-01-01T00:22:27.750601,ETH,2311.6927,1.0364,sell
2024-01-01T00:22:28.501096,BTC,42512.5169,0.0778,buy
2024-01-01T00:22:29.751479,BTC,42510.6977,0.492,sell
2024-01-01T00:22:30.250820,BTC,42519.2006,0.8995,buy
2024-01-01T00:22:30.750636,SOL,97.3368,0.8337,buy
2024-01-01T00:22:31.001046,ETH,2312.9128,0.2513,buy
2024-01-01T00:22:31.500946,ETH,2312.458,0.8342,buy
2024-01-01T00:22:31.500946,SOL,97.3368,1.1641,buy
2024-01-01T00:22:31.750773,SOL,97.3173,0.8088,sell
2024-01-01T00:22:35.000687,BTC,42579.9147,0.492,sell
2024-01-01T00:22:35.000687,SOL,97.3697,0.0755,buy
2024-01-01T00:22:35.250932,ETH,2311.9721,0.1227,sell
2024-01-01T00:22:35.250932,SOL,97.3697,0.3332,buy
2024-01-01T00:22:35.500909,SOL,97.3697,0.2998,buy
2024-01-01T00:22:35.750799,ETH,2312.6213,2.0983,buy
2024-01-01T00:22:35.750799,SOL,97.3502,0.8789,sell
2024-01-01T00:22:36.251481,ETH,2311.5571,0.1686,buy
2024-01-01T00:22:36.750933,ETH,2311.1178,0.7729,sell
2024-01-01T00:22:36.750933,SOL,97.3293,1.7187,sell
2024-01-01T00:22:37.001455,SOL,97.3208,0.9283,sell
2024-01-01T00:22:39.250880,SOL,97.294,0.7097,sell
2024-01-01T00:22:41.750813,ETH,2311.6629,0.2074,sell
2024-01-01T00:22:41.750813,SOL,97.2665,0.0145,sell
2024-01-01T00:22:42.000873,BTC,42610.2832,0.8103,buy
2024-01-01T00:22:42.251003,BTC,42623.5035,1.1343,sell
2024-01-01T00:22:42.751189,SOL,97.2347,0.2711,sell
2024-01-01T00:22:43.501095,SOL,97.186,1.0081,sell
2024-01-01T00:22:43.751468,SOL,97.186,0.3386,sell
2024-01-01T00:22:44.501070,BTC,42638.4615,1.1569,sell
2024-01-01T00:22:45.751404,SOL,97.1639,1.1655,sell
2024-01-01T00:22:48.001326,SOL,97.1944,1.6138,buy
2024-01-01T00:22:48.751293,ETH,2315.1501,0.2563,sell
2024-01-01T00:22:49.001361,SOL,97.233,0.2108,sell
2024-01-01T00:22:49.501463,SOL,97.3272,0.3933,buy
2024-01-01T00:22:50.000893,BTC,42601.0537,0.5972,buy
2024-01-01T00:22:50.000893,SOL,97.2674,0.385,sell
2024-01-01T00:22:52.500931,ETH,2316.906,0.0479,buy
2024-01-01T00:22:53.001440,SOL,97.1794,0.996,buy
2024-01-01T00:22:54.500962,SOL,97.0905,1.8008,sell
2024-01-01T00:22:54.750517,BTC,42526.3345,0.5824,sell
2024-01-01T00:22:55.251022,SOL,97.1099,0.1217,buy
2024-01-01T00:22:55.501353,ETH,2316.5586,0.6756,sell
2024-01-01T00:22:55.750701,BTC,42539.5233,0.4753,buy
2024-01-01T00:22:56.000974,ETH,2317.2114,0.0514,buy
2024-01-01T00:22:56.250518,ETH,2317.2114,0.2993,buy
2024-01-01T00:22:56.501417,BTC,42539.5233,0.7654,buy
2024-01-01T00:22:57.250747,ETH,2316.9989,0.9973,sell
2024-01-01T00:22:57.501367,BTC,42523.3456,0.4298,sell
2024-01-01T00:22:57.751184,ETH,2316.2857,0.3611,buy
2024-01-01T00:22:58.250674,ETH,2315.0418,2.3684,sell
2024-01-01T00:22:58.500942,SOL,97.1163,0.0645,sell
2024-01-01T00:22:59.750770,SOL,97.1016,1.8085,sell
2024-01-01T00:23:00.250826,BTC,42482.0397,2.1897,sell
2024-01-01T00:23:01.500563,SOL,97.0078,0.3709,sell
2024-01-01T00:23:03.500952,BTC,42423.5704,1.1187,buy
2024-01-01T00:23:03.751450,BTC,42415.0866,0.5427,sell
2024-01-01T00:23:03.751450,ETH,2315.2447,1.5899,buy
2024-01-01T00:23:04.501228,SOL,97.0317,0.0571,buy
2024-01-01T00:23:05.501094,BTC,42467.7137,0.1175,buy
2024-01-01T00:23:05.501094,ETH,2314.7817,0.401,sell
2024-01-01T00:23:05.750587,SOL,97.0123,0.9366,sell
2024-01-01T00:23:08.750992,ETH,2313.1028,0.3426,buy
2024-01-01T00:23:08.750992,SOL,97.1845,0.8065,buy
2024-01-01T00:23:09.250846,ETH,2313.1028,0.3397,buy
2024-01-01T00:23:09.500522,BTC,42411.8577,0.5475,buy
2024-01-01T00:23:10.001214,ETH,2312.5523,0.4557,sell
2024-01-01T00:23:10.001214,SOL,97.1116,0.7115,sell
2024-01-01T00:23:11.001376,BTC,42413.506,0.7541,buy
2024-01-01T00:23:12.501300,SOL,97.2162,0.8372,sell
2024-01-01T00:23:12.751151,SOL,97.2411,1.4908,buy
2024-01-01T00:23:13.751072,ETH,2315.1792,0.3055,sell
2024-01-01T00:23:15.501200,SOL,97.1273,0.6148,buy
2024-01-01T00:23:15.751063,BTC,42388.8276,0.6433,buy
2024-01-01T00:23:16.751007,BTC,42397.082,0.3962,sell
2024-01-01T00:23:17.000594,ETH,2316.8197,2.007,sell
2024-01-01T00:23:18.000562,ETH,2314.7724,0.3243,sell
2024-01-01T00:23:18.250644,ETH,2314.0901,0.0839,buy
2024-01-01T00:23:18.501461,BTC,42353.436,0.2293,buy
2024-01-01T00:23:20.751070,SOL,97.1483,0.6929,sell
2024-01-01T00:23:22.251276,SOL,97.1354,1.0625,sell
2024-01-01T00:23:22.750963,ETH,2312.161,1.0517,buy
2024-01-01T00:23:23.001334,BTC,42371.9635,1.5546,sell
2024-01-01T00:23:23.001334,SOL,97.1757,0.1969,buy
2024-01-01T00:23:23.250798,SOL,97.1563,0.6488,sell
2024-01-01T00:23:23.750857,SOL,97.063,0.4317,buy
2024-01-01T00:23:27.751482,BTC,42364.0666,0.6439,sell
2024-01-01T00:23:27.751482,SOL,97.0704,0.027,sell
2024-01-01T00:23:28.500709,ETH,2312.8504,0.9125,sell
2024-01-01T00:23:29.001113,BTC,42376.0977,0.0844,sell
2024-01-01T00:23:30.001373,ETH,2314.4519,0.037,sell
2024-01-01T00:23:30.751179,ETH,2315.0908,0.6119,sell
2024-01-01T00:23:31.000912,BTC,42388.8427,0.066,buy
2024-01-01T00:23:33.251395,SOL,97.1779,0.0872,buy
2024-01-01T00:23:33.501104,ETH,2314.6934,0.0981,sell
2024-01-01T00:23:34.251207,ETH,2315.6328,0.6707,sell
2024-01-01T00:23:34.500663,SOL,97.1908,0.4918,buy
2024-01-01T00:23:37.501454,ETH,2311.7095,1.2077,sell
2024-01-01T00:23:39.251080,BTC,42274.0811,0.1009,buy
2024-01-01T00:23:39.750701,BTC,42257.2626,0.5315,sell
2024-01-01T00:23:40.250703,ETH,2309.8715,0.504,sell
2024-01-01T00:23:41.501416,ETH,2309.8136,0.3656,buy
2024-01-01T00:23:42.001433,ETH,2309.1697,0.6376,buy
2024-01-01T00:23:42.501176,SOL,96.9872,0.9766,sell
2024-01-01T00:23:43.750564,BTC,42229.5838,0.0664,buy
2024-01-01T00:23:46.250968,ETH,2309.2028,0.0127,buy
2024-01-01T00:23:46.750846,SOL,96.9175,0.1529,sell
2024-01-01T00:23:47.250660,BTC,42306.5438,0.1748,sell
2024-01-01T00:23:48.751122,SOL,96.8314,0.0997,sell
2024-01-01T00:23:49.000933,BTC,42308.1583,0.4952,sell
2024-01-01T00:23:49.500982,ETH,2308.9906,0.2328,sell
2024-01-01T00:23:50.250703,BTC,42329.7362,1.7664,buy
2024-01-01T00:23:50.501118,ETH,2309.4524,0.7952,buy
2024-01-01T00:23:50.750764,SOL,96.8836,0.058,buy
2024-01-01T00:23:51.500878,BTC,42303.3277,0.3922,buy
2024-01-01T00:23:52.501397,ETH,2310.074,0.0122,buy
2024-01-01T00:23:52.751171,ETH,2309.6121,0.6754,sell
2024-01-01T00:23:54.500993,ETH,2311.6089,1.6436,sell
2024-01-01T00:23:55.751191,ETH,2309.5709,0.173,sell
2024-01-01T00:23:55.751191,SOL,96.9019,0.6203,sell
2024-01-01T00:23:56.250927,SOL,96.9213,0.8834,buy
2024-01-01T00:23:57.500776,BTC,42272.8217,0.9577,buy
2024-01-01T00:23:57.500776,SOL,96.8984,0.1003,buy
2024-01-01T00:23:58.250533,BTC,42316.4378,0.1488,buy
2024-01-01T00:24:01.250516,ETH,2310.3145,0.8722,sell
2024-01-01T00:24:01.751242,SOL,96.8485,0.1243,buy
2024-01-01T00:24:02.001364,SOL,96.8292,0.1679,sell
2024-01-01T00:24:03.000894,SOL,96.6848,0.9318,sell
2024-01-01T00:24:03.251247,BTC,42278.1616,2.7709,sell
2024-01-01T00:24:04.501343,BTC,42282.8106,0.0488,sell
2024-01-01T00:24:05.751195,BTC,42256.3039,0.6194,sell
2024-01-01T00:24:05.751195,SOL,96.6537,0.4655,buy
2024-01-01T00:24:10.750534,BTC,42200.4114,1.6924,sell
2024-01-01T00:24:11.751290,BTC,42207.7991,0.3376,buy
2024-01-01T00:24:12.250694,ETH,2317.5233,1.1306,sell
2024-01-01T00:24:12.751290,SOL,96.6622,1.8956,buy
2024-01-01T00:24:13.001004,ETH,2317.1529,0.6616,buy
2024-01-01T00:24:14.750663,ETH,2314.5345,0.9341,sell
2024-01-01T00:24:15.001478,BTC,42170.2269,0.8842,buy
2024-01-01T00:24:15.500667,BTC,42161.7937,0.4428,sell
2024-01-01T00:24:16.751357,BTC,42175.4479,1.8314,buy
2024-01-01T00:24:16.751357,ETH,2314.1465,0.161,buy
2024-01-01T00:24:18.001094,ETH,2313.1831,2.5339,sell
2024-01-01T00:24:18.251429,BTC,42135.0339,1.3587,sell
2024-01-01T00:24:19.251126,ETH,2314.9467,0.105,buy
2024-01-01T00:24:19.500605,SOL,96.6479,0.6553,buy
2024-01-01T00:24:20.001148,SOL,96.6495,0.3596,buy
2024-01-01T00:24:20.751342,ETH,2314.236,0.105,sell
2024-01-01T00:24:22.000511,BTC,42144.3227,0.737,buy
2024-01-01T00:24:22.501060,BTC,42144.3227,0.2777,buy
2024-01-01T00:24:23.000889,BTC,42148.5655,0.2278,sell
2024-01-01T00:24:23.751303,BTC,42153.3901,0.4434,sell
2024-01-01T00:24:23.751303,ETH,2315.4499,0.4489,sell
2024-01-01T00:24:23.751303,SOL,96.6651,0.157,buy
2024-01-01T00:24:24.251338,ETH,2317.2102,0.3741,buy
2024-01-01T00:24:24.500614,BTC,42155.5611,0.7527,sell
2024-01-01T00:24:24.751239,BTC,42163.9931,0.2432,buy
2024-01-01T00:24:25.001048,SOL,96.583,0.1962,sell
2024-01-01T00:24:25.500622,ETH,2316.7156,0.5009,buy
2024-01-01T00:24:27.000872,BTC,42145.176,0.7544,sell
2024-01-01T00:24:27.501439,ETH,2317.1081,0.6454,sell
2024-01-01T00:24:27.750963,ETH,2316.8882,0.4378,buy
2024-01-01T00:24:27.750963,SOL,96.5804,0.4737,buy
2024-01-01T00:24:28.001397,ETH,2316.4248,0.9232,sell
2024-01-01T00:24:28.250512,BTC,42173.3393,0.1382,buy
2024-01-01T00:24:29.251155,BTC,42178.7379,0.5449,sell
2024-01-01T00:24:29.751471,SOL,96.5539,0.0414,buy
2024-01-01T00:24:32.251270,ETH,2318.5771,0.4022,buy
2024-01-01T00:24:32.500942,BTC,42201.4186,0.4358,buy
2024-01-01T00:24:33.250902,SOL,96.5926,0.5006,buy
2024-01-01T00:24:34.000788,SOL,96.6298,0.6842,sell
2024-01-01T00:24:34.250913,BTC,42192.3744,0.2892,sell
2024-01-01T00:24:34.750668,SOL,96.6557,0.048,buy
2024-01-01T00:24:36.000657,ETH,2317.5007,0.3955,sell
2024-01-01T00:24:37.750992,ETH,2313.0772,0.0122,sell
2024-01-01T00:24:38.751101,SOL,96.6095,1.0118,buy
2024-01-01T00:24:39.501421,ETH,2313.6268,0.9293,sell
2024-01-01T00:24:40.000956,SOL,96.5901,0.6869,sell
2024-01-01T00:24:40.501265,SOL,96.6051,0.0235,buy
2024-01-01T00:24:43.000973,BTC,42232.9579,0.2214,buy
2024-01-01T00:24:44.250502,BTC,42239.4875,0.0886,sell
2024-01-01T00:24:44.250502,ETH,2313.7066,0.1842,sell
2024-01-01T00:24:44.501319,BTC,42257.3196,0.4972,sell
2024-01-01T00:24:45.250833,ETH,2313.1403,0.9362,sell
2024-01-01T00:24:46.500518,BTC,42237.5229,0.9166,sell
2024-01-01T00:24:46.500518,ETH,2313.603,0.0533,buy
2024-01-01T00:24:47.000838,ETH,2314.1036,2.4742,sell
2024-01-01T00:24:48.251346,BTC,42250.2759,0.5427,sell
2024-01-01T00:24:49.001369,BTC,42250.2759,0.2256,sell
2024-01-01T00:24:50.501219,SOL,96.4423,0.1349,sell
2024-01-01T00:24:51.001088,BTC,42249.4993,0.2791,sell
2024-01-01T00:24:51.500971,ETH,2309.8853,0.2903,sell
2024-01-01T00:24:51.500971,SOL,96.457,1.4325,buy
2024-01-01T00:24:52.001329,ETH,2307.7938,0.3838,sell
2024-01-01T00:24:52.250952,BTC,42265.4313,0.4183,sell
2024-01-01T00:24:52.250952,ETH,2307.7938,0.1351,sell
2024-01-01T00:24:53.251070,ETH,2306.6079,0.5118,sell
2024-01-01T00:24:53.251070,SOL,96.3882,0.7669,sell
2024-01-01T00:24:53.501200,BTC,42283.9795,0.1862,buy
2024-01-01T00:24:54.250862,SOL,96.4208,0.4212,buy
2024-01-01T00:24:56.000575,SOL,96.5339,0.2093,buy
2024-01-01T00:24:57.500662,SOL,96.4105,0.6768,buy
2024-01-01T00:24:57.750534,SOL,96.3912,0.3523,sell
2024-01-01T00:24:58.000511,ETH,2304.2504,1.4481,sell
2024-01-01T00:24:58.750914,BTC,42305.4742,0.1615,sell
2024-01-01T00:24:59.501341,ETH,2304.2504,0.6598,sell
2024-01-01T00:24:59.501341,SOL,96.3493,4.9772,sell
2024-01-01T00:24:59.750979,BTC,42305.4742,0.7763,sell
2024-01-01T00:25:00.501051,BTC,42305.4742,1.0202,sell
2024-01-01T00:25:00.751183,ETH,2304.3373,0.2422,sell
2024-01-01T00:25:02.250994,BTC,42292.127,1.4604,buy
2024-01-01T00:25:04.000627,ETH,2303.3127,1.5746,buy
2024-01-01T00:25:05.251463,SOL,96.5973,0.3083,buy
2024-01-01T00:25:07.000945,ETH,2305.049,0.1439,sell
2024-01-01T00:25:07.500900,SOL,96.5488,1.0482,buy
2024-01-01T00:25:09.250826,BTC,42217.839,0.3024,sell
2024-01-01T00:25:09.500651,ETH,2307.6398,0.0176,buy
2024-01-01T00:25:10.500556,ETH,2306.6084,0.3571,sell
2024-01-01T00:25:12.250906,BTC,42246.3999,0.6496,sell
2024-01-01T00:25:12.500815,BTC,42254.8501,0.1715,buy
2024-01-01T00:25:12.750755,ETH,2307.989,0.5669,buy
2024-01-01T00:25:12.750755,SOL,96.7323,0.4451,buy
2024-01-01T00:25:13.251070,BTC,42256.6394,0.7574,buy
2024-01-01T00:25:14.001360,ETH,2310.8037,0.1769,buy
2024-01-01T00:25:15.251470,ETH,2311.4387,0.8897,buy
2024-01-01T00:25:15.500968,ETH,2311.4387,0.6703,buy
2024-01-01T00:25:16.000634,ETH,2310.9764,1.7911,sell
2024-01-01T00:25:16.000634,SOL,96.7893,1.2551,sell
2024-01-01T00:25:16.750607,SOL,96.8103,0.8004,sell
2024-01-01T00:25:17.001271,SOL,96.8103,0.1061,sell
2024-01-01T00:25:18.251345,SOL,96.8308,0.9115,sell
2024-01-01T00:25:18.501085,SOL,96.8502,0.0969,buy
2024-01-01T00:25:18.750758,SOL,96.8308,1.5492,sell
2024-01-01T00:25:20.001358,ETH,2308.7648,0.4429,buy
2024-01-01T00:25:21.000763,ETH,2308.8311,0.348,buy
2024-01-01T00:25:22.251372,BTC,42341.5164,0.9925,sell
2024-01-01T00:25:22.501278,ETH,2309.1646,1.1523,buy
2024-01-01T00:25:23.001478,ETH,2309.6368,0.8108,buy
2024-01-01T00:25:23.250858,BTC,42361.7582,0.8385,sell
2024-01-01T00:25:23.501243,SOL,96.8793,0.1435,sell
2024-01-01T00:25:24.501145,SOL,96.8674,0.817,sell
2024-01-01T00:25:25.001321,SOL,96.8868,1.1088,buy
2024-01-01T00:25:26.251094,BTC,42434.0665,0.2905,sell
2024-01-01T00:25:27.250689,SOL,96.861,0.3157,sell
2024-01-01T00:25:27.750814,SOL,96.8658,0.7823,buy
2024-01-01T00:25:28.001070,BTC,42390.911,0.5881,sell
2024-01-01T00:25:28.251180,ETH,2307.8931,0.4326,sell
2024-01-01T00:25:28.750577,ETH,2306.6251,0.2604,buy
2024-01-01T00:25:29.000982,BTC,42371.3187,0.2838,sell
2024-01-01T00:25:32.250650,ETH,2304.7251,0.3644,sell
2024-01-01T00:25:32.500731,ETH,2304.7251,1.7332,sell
2024-01-01T00:25:34.500624,BTC,42347.036,0.4182,sell
2024-01-01T00:25:34.750737,BTC,42351.1053,0.2957,buy
2024-01-01T00:25:36.000506,ETH,2307.8615,0.0083,buy
2024-01-01T00:25:36.250500,BTC,42308.3964,0.1761,sell
2024-01-01T00:25:36.751275,ETH,2307.8615,0.4251,buy
2024-01-01T00:25:37.000759,BTC,42308.3964,0.4462,sell
2024-01-01T00:25:37.000759,SOL,96.8369,0.2732,sell
2024-01-01T00:25:37.751477,BTC,42308.3964,0.7988,sell
2024-01-01T00:25:39.000531,SOL,96.9453,0.072,sell
2024-01-01T00:25:39.250977,ETH,2309.316,0.2356,buy
2024-01-01T00:25:39.500515,ETH,2309.316,0.0253,buy
2024-01-01T00:25:40.000806,ETH,2308.8542,1.1652,sell
2024-01-01T00:25:40.751319,SOL,96.9681,1.7799,buy
2024-01-01T00:25:41.000557,BTC,42299.641,0.0718,sell
2024-01-01T00:25:42.250666,BTC,42308.9219,0.2262,sell
2024-01-01T00:25:43.000940,SOL,96.9387,0.0181,buy
2024-01-01T00:25:43.250649,ETH,2310.9932,0.1031,buy
2024-01-01T00:25:43.250649,SOL,96.9387,0.2679,buy
2024-01-01T00:25:44.251363,BTC,42292.4315,2.3464,sell
2024-01-01T00:25:44.500652,ETH,2309.4976,0.2745,buy
2024-01-01T00:25:44.751047,BTC,42292.4315,0.7977,sell
2024-01-01T00:25:44.751047,ETH,2309.4976,0.4009,buy
2024-01-01T00:25:45.000695,SOL,97.0011,0.569,sell
2024-01-01T00:25:45.500562,ETH,2308.3056,0.1307,buy
2024-01-01T00:25:46.000893,ETH,2308.3542,1.9608,buy
2024-01-01T00:25:47.750800,BTC,42298.9192,2.3799,buy
2024-01-01T00:25:48.501187,SOL,96.9989,2.3418,sell
2024-01-01T00:25:49.251231,BTC,42346.554,0.8167,sell
2024-01-01T00:25:49.500701,BTC,42355.0241,0.1558,buy
2024-01-01T00:25:49.500701,SOL,96.9942,0.0825,buy
2024-01-01T00:25:49.750666,ETH,2305.5236,0.0584,buy
2024-01-01T00:25:49.750666,SOL,96.9942,0.5183,buy
2024-01-01T00:25:50.250905,ETH,2305.0625,0.239,sell
2024-01-01T00:25:51.750714,SOL,96.9863,1.554,buy
2024-01-01T00:25:53.001311,SOL,96.9124,0.5247,sell
2024-01-01T00:25:53.750964,ETH,2305.9757,0.3481,buy
2024-01-01T00:25:55.250912,BTC,42285.9859,0.5162,buy
2024-01-01T00:25:57.001376,BTC,42272.3293,0.2878,buy
2024-01-01T00:25:57.500866,BTC,42263.8757,0.0247,sell
2024-01-01T00:25:58.001055,BTC,42263.8757,0.4293,sell
2024-01-01T00:25:58.251432,BTC,42263.8757,1.0036,sell
2024-01-01T00:25:58.750500,ETH,2305.9409,0.0428,buy
2024-01-01T00:26:00.501151,ETH,2306.7496,1.3845,buy
2024-01-01T00:26:00.751156,SOL,96.8235,0.3714,buy
2024-01-01T00:26:01.500503,BTC,42260.3019,0.2542,sell
2024-01-01T00:26:02.251058,ETH,2311.42,0.2562,buy
2024-01-01T00:26:03.000885,BTC,42251.0861,0.9589,sell
2024-01-01T00:26:03.500839,SOL,96.8165,1.2355,sell
2024-01-01T00:26:03.750998,SOL,96.8087,0.386,sell
2024-01-01T00:26:04.000586,BTC,42259.5372,0.9478,buy
2024-01-01T00:26:04.000586,ETH,2312.5563,0.5033,sell
2024-01-01T00:26:04.251297,SOL,96.8201,1.5101,sell
2024-01-01T00:26:04.751016,SOL,96.8201,0.7708,sell
2024-01-01T00:26:05.751299,ETH,2311.4068,1.1267,buy
2024-01-01T00:26:06.250893,SOL,96.8772,0.0606,sell
2024-01-01T00:26:06.501449,SOL,96.8966,1.3253,buy
2024-01-01T00:26:06.750939,BTC,42315.2261,0.5596,sell
2024-01-01T00:26:07.501161,SOL,96.8454,0.3746,sell
2024-01-01T00:26:07.751193,BTC,42333.4667,0.1484,buy
2024-01-01T00:26:08.251469,ETH,2310.3772,0.5644,buy
2024-01-01T00:26:09.751219,BTC,42331.5227,0.5768,sell
2024-01-01T00:26:10.000609,SOL,96.8718,1.3971,sell
2024-01-01T00:26:10.250750,ETH,2308.023,1.8868,sell
2024-01-01T00:26:10.501485,SOL,96.9014,0.4752,sell
2024-01-01T00:26:11.250941,SOL,96.9267,0.8958,sell
2024-01-01T00:26:11.500780,SOL,96.9461,0.2779,buy
2024-01-01T00:26:12.251269,ETH,2307.4625,0.9412,sell
2024-01-01T00:26:13.250941,BTC,42425.3365,0.324,buy
2024-01-01T00:26:14.500773,BTC,42450.6612,0.3345,buy
2024-01-01T00:26:14.500773,SOL,96.9495,0.4217,sell
2024-01-01T00:26:17.001305,BTC,42463.7007,1.4247,sell
2024-01-01T00:26:17.251355,ETH,2303.3994,0.6858,buy
2024-01-01T00:26:18.001199,SOL,96.9223,0.5716,buy
2024-01-01T00:26:19.250781,SOL,96.9077,1.263,buy
2024-01-01T00:26:20.751342,SOL,96.8937,0.166,buy
2024-01-01T00:26:21.501459,BTC,42464.8869,0.7499,buy
2024-01-01T00:26:22.001268,ETH,2302.8328,0.7389,buy
2024-01-01T00:26:23.500994,ETH,2299.7036,1.2865,buy
2024-01-01T00:26:24.501422,ETH,2297.7016,0.3237,sell
2024-01-01T00:26:26.750687,BTC,42489.0749,0.0257,buy
2024-01-01T00:26:26.750687,SOL,96.8945,0.0025,sell
2024-01-01T00:26:28.250914,SOL,96.8945,0.6167,sell
2024-01-01T00:26:29.750734,SOL,96.9818,0.0139,buy
2024-01-01T00:26:32.251447,ETH,2298.2373,0.5154,buy
2024-01-01T00:26:32.751449,ETH,2298.4377,0.01,sell
2024-01-01T00:26:33.250966,ETH,2299.1098,0.2125,buy
2024-01-01T00:26:33.501492,BTC,42536.7768,1.3383,sell
2024-01-01T00:26:33.750610,BTC,42545.5404,0.6772,buy
2024-01-01T00:26:34.750815,BTC,42502.724,1.4801,sell
2024-01-01T00:26:34.750815,ETH,2298.7296,0.0802,sell
2024-01-01T00:26:35.000612,ETH,2298.6358,0.3576,buy
2024-01-01T00:26:36.250511,ETH,2301.1271,0.1062,sell
2024-01-01T00:26:36.751359,ETH,2301.2781,0.2471,sell
2024-01-01T00:26:38.001180,SOL,96.9851,1.0734,sell
2024-01-01T00:26:39.500617,ETH,2302.5867,0.4804,buy
2024-01-01T00:26:40.501173,BTC,42527.0955,0.4572,sell
2024-01-01T00:26:42.001205,SOL,96.9546,1.4347,buy
2024-01-01T00:26:42.251486,BTC,42527.0955,1.1734,sell
2024-01-01T00:26:42.500723,ETH,2304.104,0.074,sell
2024-01-01T00:26:42.751215,SOL,96.9498,0.7754,buy
2024-01-01T00:26:43.251137,SOL,96.9304,0.0855,sell
2024-01-01T00:26:44.000531,ETH,2302.9561,1.4976,buy
2024-01-01T00:26:45.250536,ETH,2301.5003,0.154,buy
2024-01-01T00:26:45.750631,SOL,97.0012,0.3893,sell
2024-01-01T00:26:46.251376,ETH,2301.5003,1.2418,buy
2024-01-01T00:26:47.750934,BTC,42489.5216,0.41,sell
2024-01-01T00:26:47.750934,SOL,97.0798,0.4853,buy
2024-01-01T00:26:48.001048,BTC,42498.0204,0.3657,buy
2024-01-01T00:26:48.751434,BTC,42499.2702,0.4886,buy
2024-01-01T00:26:48.751434,SOL,96.945,0.484,sell
2024-01-01T00:26:49.001348,SOL,96.945,0.8302,sell
2024-01-01T00:26:50.000858,SOL,96.9158,0.2689,sell
2024-01-01T00:26:50.250889,SOL,96.9887,1.3212,buy
2024-01-01T00:26:50.750900,SOL,96.9693,0.1542,sell
2024-01-01T00:26:51.500842,ETH,2302.3796,0.2053,buy
2024-01-01T00:26:51.500842,SOL,97.0035,0.0232,sell
2024-01-01T00:26:51.750668,ETH,2302.3796,0.0749,buy
2024-01-01T00:26:52.500593,SOL,97.0168,0.5998,sell
2024-01-01T00:26:52.750667,BTC,42466.6322,1.1813,sell
2024-01-01T00:26:55.250745,SOL,97.1623,0.1426,buy
2024-01-01T00:26:56.001130,BTC,42461.0573,0.6687,buy
2024-01-01T00:26:56.001130,SOL,97.2085,0.7523,buy
2024-01-01T00:26:56.501130,SOL,97.1542,0.1162,sell
2024-01-01T00:26:57.001481,BTC,42486.8453,0.7085,buy
2024-01-01T00:26:57.001481,ETH,2301.2176,0.0159,buy
2024-01-01T00:26:58.251444,ETH,2301.6609,0.0191,buy
2024-01-01T00:26:58.500886,BTC,42471.6206,0.5017,buy
2024-01-01T00:27:00.500992,SOL,97.1369,1.7818,buy
2024-01-01T00:27:02.000996,SOL,97.1971,0.448,buy
2024-01-01T00:27:02.251035,BTC,42466.7391,0.176,sell
2024-01-01T00:27:02.500944,ETH,2304.0583,1.5134,buy
2024-01-01T00:27:03.000825,ETH,2303.1653,0.1628,sell
2024-01-01T00:27:04.000582,SOL,97.2074,0.295,buy
2024-01-01T00:27:04.500527,ETH,2303.7665,0.0437,buy
2024-01-01T00:27:05.001089,ETH,2304.2877,0.0299,buy
2024-01-01T00:27:05.250523,ETH,2305.4289,0.2319,buy
2024-01-01T00:27:06.250747,SOL,97.2766,2.0078,buy
2024-01-01T00:27:07.001423,BTC,42416.331,0.2711,sell
2024-01-01T00:27:07.500562,BTC,42414.5229,0.2154,buy
2024-01-01T00:27:07.500562,SOL,97.2975,0.1383,sell
2024-01-01T00:27:08.750949,BTC,42394.6625,1.0449,sell
2024-01-01T00:27:10.000811,BTC,42391.0577,0.1365,buy
2024-01-01T00:27:11.251488,ETH,2299.1562,0.2728,buy
2024-01-01T00:27:11.251488,SOL,97.3284,0.9647,sell
2024-01-01T00:27:13.001464,BTC,42307.4898,1.3344,sell
2024-01-01T00:27:13.251116,SOL,97.3667,0.2535,buy
2024-01-01T00:27:14.251142,SOL,97.3019,2.2,buy
2024-01-01T00:27:15.001047,SOL,97.3019,0.5246,buy
2024-01-01T00:27:15.251194,ETH,2297.1266,0.9258,sell
2024-01-01T00:27:15.750815,BTC,42312.706,0.1826,buy
2024-01-01T00:27:16.001213,ETH,2297.5861,1.1741,buy
2024-01-01T00:27:16.251021,BTC,42312.706,0.6994,buy
2024-01-01T00:27:16.750541,SOL,97.2482,0.3998,buy
2024-01-01T00:27:18.001246,BTC,42356.6131,1.0014,buy
2024-01-01T00:27:18.250902,SOL,97.1339,0.6052,sell
2024-01-01T00:27:18.750879,ETH,2298.2727,0.1341,buy
2024-01-01T00:27:19.501427,ETH,2300.2177,0.627,sell
2024-01-01T00:27:20.000712,BTC,42358.6089,0.0777,buy
2024-01-01T00:27:20.251024,SOL,97.1743,1.3362,sell
2024-01-01T00:27:20.751141,BTC,42362.6684,1.5048,buy
2024-01-01T00:27:21.001204,ETH,2298.136,0.0834,sell
2024-01-01T00:27:21.750869,SOL,97.1305,0.2794,sell
2024-01-01T00:27:23.750659,ETH,2297.2113,0.2721,sell
2024-01-01T00:27:24.001080,ETH,2297.2113,0.5769,sell
2024-01-01T00:27:24.250508,SOL,97.2469,0.0917,sell
2024-01-01T00:27:24.500532,SOL,97.2664,0.191,buy
2024-01-01T00:27:25.500663,SOL,97.2499,0.0319,buy
2024-01-01T00:27:26.000640,BTC,42375.8454,1.9338,buy
2024-01-01T00:27:27.000805,BTC,42389.8562,0.5056,buy
2024-01-01T00:27:27.251448,ETH,2297.4147,0.4447,buy
2024-01-01T00:27:27.251448,SOL,97.2149,1.1968,sell
2024-01-01T00:27:28.000901,ETH,2297.6804,0.4175,buy
2024-01-01T00:27:28.500725,ETH,2296.4063,0.3361,sell
2024-01-01T00:27:28.751360,BTC,42359.8648,0.5882,sell
2024-01-01T00:27:29.001186,BTC,42368.3376,0.9454,buy
2024-01-01T00:27:29.001186,SOL,97.2617,0.3497,sell
2024-01-01T00:27:29.751496,SOL,97.2811,0.779,buy
2024-01-01T00:27:30.000783,SOL,97.334,0.4658,buy
2024-01-01T00:27:30.250628,ETH,2293.0282,0.113,sell
2024-01-01T00:27:30.751102,BTC,42374.8214,0.8207,sell
2024-01-01T00:27:31.251216,SOL,97.2833,0.5407,sell
2024-01-01T00:27:31.501388,ETH,2293.8504,0.8454,sell
2024-01-01T00:27:32.250636,ETH,2294.5153,0.3349,buy
2024-01-01T00:27:32.501076,ETH,2294.301,0.1731,buy
2024-01-01T00:27:32.501076,SOL,97.2987,0.8789,buy
2024-01-01T00:27:32.751399,ETH,2294.301,0.1439,buy
2024-01-01T00:27:33.751354,BTC,42405.3002,0.8277,sell
2024-01-01T00:27:34.250873,SOL,97.3677,0.2734,sell
2024-01-01T00:27:34.750884,BTC,42405.3002,1.0263,sell
2024-01-01T00:27:35.250786,ETH,2294.6883,1.0636,sell
2024-01-01T00:27:35.500558,SOL,97.4091,0.954,buy
2024-01-01T00:27:36.751410,BTC,42426.5247,0.9787,buy
2024-01-01T00:27:38.251381,ETH,2296.0217,0.5643,sell
2024-01-01T00:27:39.251347,ETH,2296.481,0.0739,buy
2024-01-01T00:27:40.001287,BTC,42371.7642,0.1074,sell
2024-01-01T00:27:40.251411,SOL,97.5208,1.163,sell
2024-01-01T00:27:40.501307,ETH,2296.4114,0.049,buy
2024-01-01T00:27:41.251405,SOL,97.4188,0.758,sell
2024-01-01T00:27:42.250592,ETH,2295.7591,0.6012,buy
2024-01-01T00:27:42.500633,ETH,2295.7591,3.162,buy
2024-01-01T00:27:42.751295,SOL,97.4383,0.8092,buy
2024-01-01T00:27:43.250893,SOL,97.4841,1.4455,sell
2024-01-01T00:27:45.250931,BTC,42412.6569,0.7956,buy
2024-01-01T00:27:45.750800,ETH,2294.5649,0.3065,sell
2024-01-01T00:27:46.250825,ETH,2294.3562,0.3209,buy
2024-01-01T00:27:46.501246,SOL,97.4491,0.1407,buy
2024-01-01T00:27:47.250720,BTC,42434.8597,0.1159,sell
2024-01-01T00:27:47.250720,ETH,2292.5911,0.1626,buy
2024-01-01T00:27:47.500942,BTC,42443.3475,0.6584,buy
2024-01-01T00:27:48.251016,SOL,97.4251,0.3123,buy
2024-01-01T00:27:49.500731,ETH,2294.1605,0.0604,buy
2024-01-01T00:27:49.750615,ETH,2294.1605,0.9826,buy
2024-01-01T00:27:49.750615,SOL,97.4641,0.0799,buy
2024-01-01T00:27:51.001279,ETH,2294.1605,0.0662,buy
2024-01-01T00:27:51.250995,ETH,2292.688,0.845,sell
2024-01-01T00:27:51.751360,BTC,42484.5055,0.2836,sell
2024-01-01T00:27:52.251291,SOL,97.3175,0.3774,sell
2024-01-01T00:27:53.000825,ETH,2291.9043,1.7297,buy
2024-01-01T00:27:53.000825,SOL,97.3632,1.0904,sell
2024-01-01T00:27:53.251308,BTC,42494.0018,0.3264,buy
2024-01-01T00:27:53.501386,SOL,97.4421,0.0984,buy
2024-01-01T00:27:54.501200,ETH,2290.497,1.0854,buy
2024-01-01T00:27:55.750775,ETH,2290.4376,0.3961,sell
2024-01-01T00:27:55.750775,SOL,97.4643,0.902,buy
2024-01-01T00:27:56.250589,SOL,97.4643,0.0761,buy
2024-01-01T00:27:56.501469,SOL,97.4448,0.408,sell
2024-01-01T00:27:57.001200,BTC,42489.6955,0.1734,sell
2024-01-01T00:27:57.251236,SOL,97.4717,0.8348,buy
2024-01-01T00:27:57.500846,ETH,2292.0357,0.1394,buy
2024-01-01T00:27:57.750933,SOL,97.4714,0.0969,buy
2024-01-01T00:27:58.251040,ETH,2291.8809,0.3145,sell
2024-01-01T00:27:58.500552,SOL,97.4714,0.4881,buy
2024-01-01T00:27:59.000975,SOL,97.4519,0.6579,sell
2024-01-01T00:27:59.750835,BTC,42507.6042,1.8015,sell
2024-01-01T00:28:01.001013,ETH,2291.2133,0.4479,sell
2024-01-01T00:28:05.751428,BTC,42485.9673,0.0107,buy
2024-01-01T00:28:07.001322,SOL,97.4665,0.8273,sell
2024-01-01T00:28:07.500546,ETH,2291.6616,0.6403,sell
2024-01-01T00:28:07.751333,BTC,42475.4253,0.0425,sell
2024-01-01T00:28:08.001345,BTC,42475.1456,1.1013,sell
2024-01-01T00:28:09.501347,BTC,42491.5307,0.2466,sell
2024-01-01T00:28:09.501347,ETH,2293.4743,0.2894,buy
2024-01-01T00:28:11.000983,BTC,42502.6808,0.8171,buy
2024-01-01T00:28:12.251465,ETH,2294.495,0.8191,sell
2024-01-01T00:28:12.501242,ETH,2294.495,0.0031,sell
2024-01-01T00:28:12.751214,BTC,42486.302,2.0335,sell
2024-01-01T00:28:13.000691,BTC,42494.8001,0.8953,buy
2024-01-01T00:28:13.501367,BTC,42494.8001,0.1015,buy
2024-01-01T00:28:13.751210,BTC,42454.9779,0.1578,sell
2024-01-01T00:28:15.001062,SOL,97.3697,0.3749,sell
2024-01-01T00:28:15.251417,ETH,2296.8404,0.247,buy
2024-01-01T00:28:15.251417,SOL,97.3892,0.7012,buy
2024-01-01T00:28:17.501080,ETH,2298.3381,0.2372,sell
2024-01-01T00:28:18.001401,BTC,42437.8351,0.36,sell
2024-01-01T00:28:18.500514,ETH,2297.9757,1.2959,buy
2024-01-01T00:28:18.751145,ETH,2297.9757,0.4319,buy
2024-01-01T00:28:19.001349,BTC,42439.481,0.9525,sell
2024-01-01T00:28:19.251218,SOL,97.4836,0.1346,buy
2024-01-01T00:28:20.000760,SOL,97.4641,1.2594,sell
2024-01-01T00:28:20.250789,ETH,2298.8675,0.7077,buy
2024-01-01T00:28:22.251189,BTC,42446.8356,0.1546,buy
2024-01-01T00:28:22.501345,BTC,42438.3471,1.7987,sell
2024-01-01T00:28:23.001152,BTC,42462.0813,0.3107,sell
2024-01-01T00:28:23.250666,BTC,42462.0813,0.3509,sell
2024-01-01T00:28:24.251492,ETH,2300.1473,0.5351,buy
2024-01-01T00:28:24.251492,SOL,97.442,0.4593,sell
2024-01-01T00:28:26.001492,SOL,97.3765,0.0589,sell
2024-01-01T00:28:26.501396,SOL,97.396,0.1606,buy
2024-01-01T00:28:26.751073,SOL,97.396,0.9466,buy
2024-01-01T00:28:27.501036,ETH,2301.6519,0.6698,buy
2024-01-01T00:28:27.501036,SOL,97.4191,0.3566,sell
2024-01-01T00:28:27.751477,SOL,97.4191,0.15,sell
2024-01-01T00:28:28.751295,BTC,42464.7288,0.0589,buy
2024-01-01T00:28:31.250944,SOL,97.3871,1.8099,sell
2024-01-01T00:28:31.751009,BTC,42443.8216,1.4393,sell
2024-01-01T00:28:31.751009,SOL,97.4066,0.3164,buy
2024-01-01T00:28:32.000700,ETH,2303.5103,0.0869,buy
2024-01-01T00:28:32.501358,BTC,42458.6474,0.4752,sell
2024-01-01T00:28:34.001185,ETH,2304.735,0.9491,sell
2024-01-01T00:28:34.751026,ETH,2304.98,0.7283,buy
2024-01-01T00:28:35.001377,ETH,2304.98,0.7257,buy
2024-01-01T00:28:36.000788,BTC,42456.5402,0.0561,sell
2024-01-01T00:28:36.000788,SOL,97.4105,0.3597,buy
2024-01-01T00:28:37.001194,BTC,42446.0286,0.013,buy
2024-01-01T00:28:37.250867,SOL,97.4305,0.2853,sell
2024-01-01T00:28:38.500632,BTC,42434.8406,0.9983,sell
2024-01-01T00:28:38.500632,SOL,97.4737,0.0583,sell
2024-01-01T00:28:38.751309,BTC,42456.8113,0.4928,sell
2024-01-01T00:28:39.250740,BTC,42478.6783,0.9988,sell
2024-01-01T00:28:39.250740,ETH,2303.8904,1.4033,buy
2024-01-01T00:28:39.501034,ETH,2303.0874,0.4377,sell
2024-01-01T00:28:39.751417,ETH,2303.0874,0.7035,sell
2024-01-01T00:28:41.250850,SOL,97.5513,0.7027,sell
2024-01-01T00:28:41.751288,BTC,42458.8969,3.8315,sell
2024-01-01T00:28:43.000894,SOL,97.7205,1.2677,buy
2024-01-01T00:28:45.000966,SOL,97.7323,0.01,buy
2024-01-01T00:28:45.250648,SOL,97.7786,0.2458,buy
2024-01-01T00:28:45.751069,BTC,42440.9642,0.6831,buy
2024-01-01T00:28:47.251450,ETH,2306.1507,1.1559,buy
2024-01-01T00:28:47.750619,SOL,97.6929,0.5337,buy
2024-01-01T00:28:48.751396,BTC,42417.8484,0.0986,buy
2024-01-01T00:28:49.500582,ETH,2306.5371,1.0037,buy
2024-01-01T00:28:51.000786,BTC,42449.9042,0.6975,buy
2024-01-01T00:28:51.751204,SOL,97.7335,1.7238,buy
2024-01-01T00:28:52.750653,BTC,42430.8662,0.263,sell
2024-01-01T00:28:53.751318,BTC,42426.5505,0.8157,sell
2024-01-01T00:28:55.001327,BTC,42420.9732,1.0851,buy
2024-01-01T00:28:55.500527,SOL,97.6118,0.3183,sell
2024-01-01T00:28:56.251498,ETH,2304.4988,0.1228,sell
2024-01-01T00:28:56.750500,SOL,97.6319,2.317,buy
2024-01-01T00:28:57.500683,ETH,2304.3831,1.5115,sell
2024-01-01T00:28:58.750650,SOL,97.592,0.3024,buy
2024-01-01T00:28:59.501418,ETH,2302.7956,1.0326,sell
2024-01-01T00:28:59.501418,SOL,97.4947,0.5707,buy
2024-01-01T00:29:00.750529,BTC,42447.2533,2.1156,sell
2024-01-01T00:29:02.250977,SOL,97.5386,1.2287,buy
2024-01-01T00:29:02.501189,BTC,42502.7016,0.1892,buy
2024-01-01T00:29:03.750655,ETH,2304.9507,0.1051,sell
2024-01-01T00:29:03.750655,SOL,97.5661,0.0509,buy
2024-01-01T00:29:07.500923,ETH,2306.7983,0.2777,sell
2024-01-01T00:29:08.500633,ETH,2308.8912,0.5488,buy
2024-01-01T00:29:08.750833,SOL,97.5614,0.5015,sell
2024-01-01T00:29:10.501407,SOL,97.4784,0.1459,buy
2024-01-01T00:29:11.001332,SOL,97.3887,0.5398,sell
2024-01-01T00:29:11.500950,BTC,42394.5386,0.4376,buy
2024-01-01T00:29:11.500950,ETH,2309.7965,1.4094,buy
2024-01-01T00:29:12.000602,BTC,42386.0605,0.1328,sell
2024-01-01T00:29:12.000602,SOL,97.4147,0.5662,sell
2024-01-01T00:29:12.251019,ETH,2309.3345,0.6479,sell
2024-01-01T00:29:16.750815,ETH,2306.8118,0.5289,buy
2024-01-01T00:29:16.750815,SOL,97.6796,0.5464,buy
2024-01-01T00:29:18.500562,SOL,97.6466,0.5713,sell
2024-01-01T00:29:19.251441,ETH,2307.4384,0.2128,sell
2024-01-01T00:29:19.500729,ETH,2307.8999,1.4058,buy
2024-01-01T00:29:19.750900,BTC,42414.1329,0.0882,sell
2024-01-01T00:29:19.750900,SOL,97.6206,2.4516,buy
2024-01-01T00:29:20.251274,BTC,42427.4598,2.5035,buy
2024-01-01T00:29:21.250541,BTC,42409.7374,0.3743,sell
2024-01-01T00:29:22.251111,SOL,97.7013,0.4425,sell
2024-01-01T00:29:24.001162,SOL,97.7222,1.3032,buy
2024-01-01T00:29:24.501318,BTC,42393.3125,0.322,buy
2024-01-01T00:29:24.750706,BTC,42393.3125,0.1429,buy
2024-01-01T00:29:25.750868,BTC,42384.8347,1.3217,sell
2024-01-01T00:29:26.250741,SOL,97.7687,1.3244,sell
2024-01-01T00:29:28.500711,ETH,2305.68,0.1274,buy
2024-01-01T00:29:28.750585,SOL,97.7967,0.3472,sell
2024-01-01T00:29:29.250757,BTC,42308.0197,0.5709,sell
2024-01-01T00:29:29.500695,BTC,42316.4821,0.2719,buy
2024-01-01T00:29:31.250745,SOL,97.8069,1.6639,buy
2024-01-01T00:29:32.751063,BTC,42367.2084,0.3749,sell
2024-01-01T00:29:33.000931,ETH,2303.5603,0.5251,sell
2024-01-01T00:29:35.001397,ETH,2305.7414,0.5329,sell
2024-01-01T00:29:35.001397,SOL,97.7576,0.0687,buy
2024-01-01T00:29:35.251461,ETH,2305.7414,0.8628,sell
2024-01-01T00:29:37.751159,ETH,2305.9064,1.1005,sell
2024-01-01T00:29:37.751159,SOL,97.7371,0.5689,sell
2024-01-01T00:29:38.751258,BTC,42331.4028,0.0309,sell
2024-01-01T00:29:39.000815,BTC,42331.4028,0.6931,sell
2024-01-01T00:29:39.000815,ETH,2305.9064,0.6109,sell
2024-01-01T00:29:42.001193,ETH,2304.7517,1.1078,buy
2024-01-01T00:29:43.501029,BTC,42277.1589,0.1118,buy
2024-01-01T00:29:44.501249,SOL,97.7009,1.4264,buy
2024-01-01T00:29:45.501028,ETH,2306.4317,0.8011,buy
2024-01-01T00:29:46.251328,SOL,97.7118,1.4064,buy
2024-01-01T00:29:46.501126,ETH,2306.4317,1.276,buy
2024-01-01T00:29:47.251314,BTC,42270.4869,0.0756,buy
2024-01-01T00:29:47.751311,ETH,2308.0045,1.3283,buy
2024-01-01T00:29:49.250608,ETH,2305.9042,1.8267,sell
2024-01-01T00:29:50.000959,ETH,2305.4987,1.0336,sell
2024-01-01T00:29:50.751101,ETH,2306.236,0.3133,sell
2024-01-01T00:29:51.001332,BTC,42356.354,0.6787,buy
2024-01-01T00:29:53.001133,BTC,42360.7362,0.1773,buy
2024-01-01T00:29:54.001193,BTC,42397.2663,0.1571,sell
2024-01-01T00:29:55.751190,ETH,2309.3706,0.1788,buy
2024-01-01T00:29:59.501394,ETH,2309.0747,0.2087,buy
